task_id,task_type,complexity,assigned_to,duration_minutes,resolved,user_feedback,previous_attempts,urgency,automation_possible,efficiency_index
1,Billing,2,Human,20,Yes,3,2,Low,Yes,0.15
2,HR,5,AI,58,Yes,4,0,High,No,0.069
3,Customer Support,4,Human,23,Yes,1,0,Medium,No,0.043
4,Technical,5,AI,17,Yes,5,1,Low,No,0.294
5,Customer Support,3,AI,19,Yes,4,2,Medium,No,0.211
6,Customer Support,5,Human,13,Yes,4,2,High,No,0.308
7,Billing,3,Human,34,Yes,2,0,Medium,No,0.059
8,Technical,5,Human,24,Yes,2,0,Medium,No,0.083
9,Billing,1,AI,59,Yes,5,2,Medium,No,0.085
10,Billing,4,Human,21,Yes,1,1,Medium,No,0.048
11,Technical,5,Human,50,Yes,5,0,Low,No,0.1
12,HR,3,Human,15,No,4,1,Medium,No,0.267
13,Customer Support,1,Human,31,Yes,4,1,High,No,0.129
14,Customer Support,1,Human,5,No,4,2,High,Yes,0.8
15,Billing,3,AI,26,Yes,1,0,High,No,0.038
16,Billing,4,Human,32,Yes,2,1,High,No,0.062
17,Billing,4,AI,9,No,4,0,High,No,0.444
18,Technical,3,Human,56,Yes,5,0,Low,No,0.089
19,HR,3,AI,13,Yes,3,1,High,No,0.231
20,Customer Support,1,Human,35,Yes,1,0,Low,No,0.029
21,Customer Support,2,Human,21,Yes,1,3,Medium,No,0.048
22,Technical,2,Human,10,Yes,2,3,Low,Yes,0.2
23,HR,2,Human,17,Yes,2,0,Low,Yes,0.118
24,Billing,2,Human,48,Yes,1,2,Low,No,0.021
25,Technical,2,AI,37,Yes,3,0,High,No,0.081
26,Technical,3,AI,28,Yes,4,3,High,No,0.143
27,HR,5,AI,37,Yes,4,2,Low,No,0.108
28,HR,1,Human,7,Yes,5,2,Low,Yes,0.714
29,Billing,2,Human,26,Yes,2,1,Medium,No,0.077
30,Customer Support,3,Human,36,Yes,5,1,Medium,No,0.139
31,Billing,4,AI,55,Yes,2,2,Low,No,0.036
32,Technical,1,AI,41,Yes,2,3,Low,No,0.049
33,Billing,5,AI,57,Yes,1,3,Medium,No,0.018
34,HR,2,Human,40,Yes,3,0,Medium,No,0.075
35,Customer Support,1,Human,31,Yes,4,0,High,No,0.129
36,HR,1,AI,24,Yes,5,3,High,No,0.208
37,Technical,1,Human,9,Yes,4,1,Low,Yes,0.444
38,Technical,4,AI,41,Yes,2,2,High,No,0.049
39,Technical,5,AI,16,Yes,5,2,Low,No,0.312
40,Customer Support,2,AI,38,Yes,5,1,High,No,0.132
41,HR,5,Human,47,Yes,4,1,High,No,0.085
42,Technical,1,Human,26,Yes,3,2,Medium,No,0.115
43,HR,2,AI,44,Yes,3,1,Medium,No,0.068
44,HR,3,Human,8,Yes,3,0,High,No,0.375
45,Billing,1,Human,40,Yes,5,2,High,No,0.125
46,Customer Support,1,AI,40,Yes,4,2,High,No,0.1
47,Billing,2,Human,26,Yes,1,0,Medium,No,0.038
48,Billing,5,Human,49,Yes,4,0,High,No,0.082
49,Technical,5,Human,56,Yes,3,3,Low,No,0.054
50,Customer Support,1,AI,8,Yes,1,1,Low,Yes,0.125
51,Billing,5,AI,53,Yes,4,2,High,No,0.075
52,Customer Support,4,Human,21,Yes,2,2,High,No,0.095
53,Technical,2,AI,7,Yes,2,0,Medium,Yes,0.286
54,Billing,3,AI,8,Yes,5,2,High,No,0.625
55,HR,3,AI,40,Yes,4,3,High,No,0.1
56,Technical,5,AI,9,Yes,2,3,High,No,0.222
57,Billing,3,Human,17,Yes,4,3,Medium,No,0.235
58,Technical,4,Human,14,Yes,2,1,High,No,0.143
59,Customer Support,2,AI,53,Yes,1,2,Low,No,0.019
60,Technical,2,AI,12,Yes,5,3,Medium,Yes,0.417
61,Customer Support,1,AI,12,Yes,3,1,Medium,Yes,0.25
62,Billing,4,AI,17,Yes,3,2,Medium,No,0.176
63,Customer Support,5,Human,49,Yes,5,2,Medium,No,0.102
64,Technical,1,Human,58,Yes,4,1,High,No,0.069
65,HR,5,Human,40,No,1,2,Medium,No,0.025
66,Billing,4,Human,14,Yes,5,3,Medium,No,0.357
67,HR,5,Human,57,Yes,3,3,Medium,No,0.053
68,HR,2,AI,44,Yes,2,0,High,No,0.045
69,Billing,3,Human,58,Yes,2,1,Low,No,0.034
70,HR,2,AI,23,No,2,3,Medium,No,0.087
71,Technical,4,Human,14,Yes,2,1,Medium,No,0.143
72,Customer Support,4,Human,51,Yes,3,0,Medium,No,0.059
73,Customer Support,2,AI,48,Yes,1,0,Low,No,0.021
74,Customer Support,4,Human,40,Yes,2,2,Medium,No,0.05
75,Customer Support,1,AI,7,Yes,3,1,Low,Yes,0.429
76,Technical,2,AI,41,No,2,2,Low,No,0.049
77,Customer Support,1,Human,50,Yes,3,1,Low,No,0.06
78,Billing,5,Human,11,Yes,4,3,Low,No,0.364
79,Customer Support,1,AI,44,Yes,2,0,High,No,0.045
80,HR,4,AI,32,Yes,2,3,High,No,0.062
81,Technical,4,Human,6,No,1,3,Medium,No,0.167
82,Customer Support,3,Human,48,Yes,4,1,Medium,No,0.083
83,HR,2,AI,18,Yes,1,2,Low,Yes,0.056
84,HR,5,Human,44,Yes,4,3,High,No,0.091
85,Billing,1,Human,7,Yes,5,1,Low,Yes,0.714
86,Customer Support,1,AI,24,Yes,3,3,High,No,0.125
87,Technical,1,AI,5,No,1,3,High,Yes,0.2
88,HR,1,Human,34,Yes,4,3,High,No,0.118
89,HR,2,AI,6,Yes,2,1,High,Yes,0.333
90,Technical,1,AI,28,Yes,5,0,Low,No,0.179
91,Technical,2,AI,34,Yes,2,0,Low,No,0.059
92,Technical,3,AI,57,Yes,3,0,Medium,No,0.053
93,Technical,5,Human,58,Yes,1,2,Medium,No,0.017
94,Technical,5,Human,53,Yes,5,3,Low,No,0.094
95,Billing,3,AI,16,Yes,3,0,High,No,0.188
96,Technical,3,Human,42,No,2,2,Low,No,0.048
97,Customer Support,2,Human,34,Yes,1,1,Medium,No,0.029
98,HR,2,AI,22,Yes,1,2,High,No,0.045
99,Customer Support,1,AI,35,Yes,5,0,High,No,0.143
100,Billing,2,Human,14,Yes,3,3,High,Yes,0.214
101,HR,1,Human,5,Yes,2,3,High,Yes,0.4
102,Customer Support,1,Human,26,Yes,5,1,Low,No,0.192
103,Technical,1,Human,48,Yes,5,3,High,No,0.104
104,HR,1,Human,5,Yes,1,3,High,Yes,0.2
105,Technical,4,AI,52,Yes,2,1,Low,No,0.038
106,Technical,1,AI,20,Yes,2,3,High,Yes,0.1
107,Customer Support,5,Human,37,Yes,4,3,Low,No,0.108
108,HR,1,Human,58,Yes,5,3,Low,No,0.086
109,Technical,4,AI,60,Yes,2,0,Medium,No,0.033
110,Billing,5,AI,32,Yes,3,3,High,No,0.094
111,Customer Support,3,AI,24,Yes,5,0,Medium,No,0.208
112,Technical,2,AI,19,Yes,4,0,Low,Yes,0.211
113,Technical,3,Human,13,Yes,1,1,Medium,No,0.077
114,Technical,3,AI,18,Yes,4,2,High,No,0.222
115,Technical,4,AI,42,Yes,2,0,Medium,No,0.048
116,HR,2,Human,45,Yes,1,2,Medium,No,0.022
117,Billing,4,Human,28,No,5,0,High,No,0.179
118,HR,1,Human,9,Yes,2,0,High,Yes,0.222
119,Technical,1,AI,34,Yes,4,1,Low,No,0.118
120,Billing,1,Human,39,No,5,1,Medium,No,0.128
121,HR,1,Human,22,Yes,4,3,Medium,No,0.182
122,HR,1,Human,41,Yes,4,0,Low,No,0.098
123,Billing,3,Human,13,No,1,2,Medium,No,0.077
124,HR,4,AI,24,Yes,1,3,High,No,0.042
125,Customer Support,2,Human,10,Yes,4,1,High,Yes,0.4
126,Technical,4,Human,20,Yes,4,1,Low,No,0.2
127,Technical,5,AI,39,No,1,1,Medium,No,0.026
128,Technical,5,AI,31,Yes,3,1,Low,No,0.097
129,Billing,2,AI,45,Yes,3,0,Medium,No,0.067
130,HR,2,Human,20,Yes,5,0,Low,Yes,0.25
131,Customer Support,2,Human,19,Yes,4,0,High,Yes,0.211
132,Billing,4,Human,6,Yes,2,3,High,No,0.333
133,HR,2,AI,19,Yes,4,0,Medium,Yes,0.211
134,Technical,2,AI,45,Yes,5,1,Low,No,0.111
135,Customer Support,5,Human,58,No,3,1,High,No,0.052
136,Technical,5,Human,39,Yes,3,3,Medium,No,0.077
137,HR,4,Human,13,Yes,1,2,Low,No,0.077
138,Technical,3,AI,50,Yes,3,0,Low,No,0.06
139,Billing,3,AI,31,Yes,2,3,Medium,No,0.065
140,Billing,5,Human,45,Yes,5,0,Medium,No,0.111
141,HR,2,AI,49,Yes,3,0,High,No,0.061
142,HR,4,Human,36,Yes,4,3,High,No,0.111
143,Billing,3,Human,9,Yes,4,1,Medium,No,0.444
144,Technical,1,Human,60,Yes,3,3,Low,No,0.05
145,Billing,1,AI,56,Yes,4,3,Medium,No,0.071
146,Customer Support,5,AI,34,Yes,5,2,High,No,0.147
147,Technical,3,AI,12,Yes,3,2,Low,No,0.25
148,Technical,2,AI,8,Yes,2,1,High,Yes,0.25
149,Customer Support,3,Human,8,Yes,5,0,Low,No,0.625
150,HR,4,Human,5,Yes,1,1,High,No,0.2
151,Customer Support,5,AI,14,Yes,3,1,Low,No,0.214
152,Customer Support,3,AI,22,Yes,5,2,Medium,No,0.227
153,Technical,5,Human,43,Yes,2,1,High,No,0.047
154,Billing,5,AI,38,Yes,1,2,Medium,No,0.026
155,Billing,5,AI,23,Yes,5,2,High,No,0.217
156,Billing,3,AI,11,Yes,5,1,Medium,No,0.455
157,Customer Support,5,AI,32,Yes,1,1,High,No,0.031
158,Billing,3,AI,51,Yes,1,0,Low,No,0.02
159,Customer Support,1,Human,11,Yes,5,1,High,Yes,0.455
160,Billing,3,AI,45,No,1,2,Low,No,0.022
161,Customer Support,2,AI,23,Yes,1,2,Medium,No,0.043
162,HR,5,AI,19,Yes,1,1,Medium,No,0.053
163,Billing,2,Human,28,Yes,4,1,Medium,No,0.143
164,Technical,5,Human,23,Yes,4,2,Low,No,0.174
165,Technical,5,Human,9,Yes,3,2,Low,No,0.333
166,Billing,2,Human,41,Yes,5,3,Medium,No,0.122
167,Technical,4,AI,50,Yes,3,3,High,No,0.06
168,Billing,4,Human,51,Yes,4,3,Medium,No,0.078
169,Technical,4,AI,46,Yes,4,1,Medium,No,0.087
170,Billing,2,AI,7,Yes,4,3,Medium,Yes,0.571
171,Technical,2,AI,49,Yes,2,0,Low,No,0.041
172,Technical,4,Human,37,Yes,4,3,High,No,0.108
173,Technical,4,Human,49,No,2,2,Low,No,0.041
174,HR,2,Human,20,Yes,4,0,Medium,Yes,0.2
175,Customer Support,3,AI,7,Yes,4,2,Low,No,0.571
176,Technical,3,AI,28,Yes,5,0,High,No,0.179
177,HR,3,Human,30,Yes,2,0,Medium,No,0.067
178,Billing,3,Human,28,Yes,2,0,High,No,0.071
179,Technical,1,AI,26,Yes,1,2,High,No,0.038
180,Customer Support,2,AI,46,Yes,1,3,Medium,No,0.022
181,HR,2,Human,29,Yes,2,1,Medium,No,0.069
182,Billing,2,AI,37,Yes,5,0,Medium,No,0.135
183,Customer Support,3,Human,59,Yes,3,2,High,No,0.051
184,Technical,4,Human,23,Yes,1,0,Low,No,0.043
185,HR,3,AI,36,Yes,3,0,High,No,0.083
186,Customer Support,4,Human,29,No,2,2,Low,No,0.069
187,HR,4,Human,52,Yes,4,1,Low,No,0.077
188,Technical,5,AI,21,Yes,1,1,Medium,No,0.048
189,Technical,5,AI,39,Yes,3,3,Medium,No,0.077
190,Customer Support,1,AI,13,Yes,2,1,High,Yes,0.154
191,HR,2,Human,10,Yes,5,3,High,Yes,0.5
192,Technical,2,Human,47,Yes,3,2,Medium,No,0.064
193,HR,4,Human,40,Yes,4,0,Low,No,0.1
194,Technical,4,AI,19,Yes,4,3,High,No,0.211
195,Technical,4,AI,54,Yes,1,1,Medium,No,0.019
196,Billing,4,AI,21,No,1,2,High,No,0.048
197,HR,5,Human,20,Yes,3,2,Low,No,0.15
198,HR,5,AI,31,No,2,0,Medium,No,0.065
199,Billing,1,AI,13,Yes,3,1,Low,Yes,0.231
200,Customer Support,1,Human,24,Yes,4,3,Medium,No,0.167
201,Customer Support,1,AI,55,Yes,2,3,High,No,0.036
202,HR,1,AI,6,No,2,3,Medium,Yes,0.333
203,Billing,5,AI,20,Yes,3,2,Medium,No,0.15
204,HR,5,AI,37,Yes,2,3,Low,No,0.054
205,Customer Support,2,AI,41,Yes,5,2,High,No,0.122
206,Customer Support,4,Human,5,Yes,3,1,High,No,0.6
207,Billing,2,AI,44,Yes,3,0,Low,No,0.068
208,HR,2,Human,7,Yes,4,3,High,Yes,0.571
209,Customer Support,4,AI,35,Yes,2,1,Low,No,0.057
210,Customer Support,4,AI,50,Yes,5,0,Low,No,0.1
211,Customer Support,1,Human,19,Yes,1,2,Medium,Yes,0.053
212,Customer Support,1,AI,18,Yes,3,1,Low,Yes,0.167
213,Billing,3,AI,43,Yes,3,3,High,No,0.07
214,Billing,2,Human,40,Yes,3,2,High,No,0.075
215,Technical,2,Human,56,Yes,5,2,High,No,0.089
216,Billing,2,AI,47,Yes,2,0,Medium,No,0.043
217,HR,2,AI,9,Yes,3,2,Low,Yes,0.333
218,Customer Support,5,Human,60,Yes,2,1,Medium,No,0.033
219,Technical,5,Human,44,Yes,4,3,High,No,0.091
220,Technical,4,AI,55,Yes,3,3,Medium,No,0.055
221,Billing,2,AI,19,Yes,1,0,Low,Yes,0.053
222,Technical,3,Human,38,Yes,2,1,Medium,No,0.053
223,Technical,1,Human,19,Yes,4,2,Low,Yes,0.211
224,Billing,2,AI,56,Yes,2,2,Low,No,0.036
225,Billing,3,AI,29,No,2,1,High,No,0.069
226,Billing,1,Human,26,Yes,1,3,High,No,0.038
227,HR,1,Human,60,Yes,5,3,Medium,No,0.083
228,Customer Support,4,AI,18,Yes,1,1,Low,No,0.056
229,HR,2,Human,44,Yes,1,3,High,No,0.023
230,Customer Support,2,AI,40,Yes,2,2,Medium,No,0.05
231,HR,2,Human,12,Yes,5,0,High,Yes,0.417
232,Technical,2,Human,18,Yes,4,0,Medium,Yes,0.222
233,Technical,1,Human,25,No,4,2,Low,No,0.16
234,Technical,4,AI,44,Yes,2,1,High,No,0.045
235,HR,2,AI,43,Yes,2,1,Low,No,0.047
236,Customer Support,1,Human,51,Yes,2,2,High,No,0.039
237,Billing,3,AI,30,Yes,5,2,High,No,0.167
238,Technical,1,AI,13,No,5,2,Medium,Yes,0.385
239,HR,5,AI,29,Yes,5,2,Medium,No,0.172
240,Technical,4,Human,37,Yes,3,3,Low,No,0.081
241,HR,1,Human,58,Yes,4,3,High,No,0.069
242,Billing,5,AI,14,Yes,5,2,Low,No,0.357
243,Technical,1,Human,41,Yes,5,0,High,No,0.122
244,Billing,4,AI,11,No,3,3,Medium,No,0.273
245,Billing,3,Human,30,Yes,2,0,Medium,No,0.067
246,Billing,5,Human,51,Yes,4,3,Medium,No,0.078
247,HR,1,AI,17,Yes,3,3,High,Yes,0.176
248,HR,2,AI,35,No,2,3,High,No,0.057
249,Billing,4,AI,22,Yes,4,3,Low,No,0.182
250,Technical,3,Human,19,Yes,3,0,Low,No,0.158
251,Technical,5,Human,41,Yes,3,1,Medium,No,0.073
252,Customer Support,5,AI,17,Yes,2,2,Medium,No,0.118
253,Billing,1,AI,48,Yes,3,3,Medium,No,0.062
254,Technical,2,AI,13,Yes,4,0,High,Yes,0.308
255,HR,3,Human,12,Yes,5,1,High,No,0.417
256,Customer Support,3,Human,48,Yes,1,2,High,No,0.021
257,Customer Support,2,Human,25,Yes,4,3,Medium,No,0.16
258,Customer Support,1,Human,26,Yes,1,0,Low,No,0.038
259,HR,5,AI,19,Yes,4,0,Medium,No,0.211
260,Customer Support,5,Human,18,Yes,4,0,Medium,No,0.222
261,Technical,1,AI,9,Yes,3,2,High,Yes,0.333
262,Technical,5,Human,16,Yes,5,1,High,No,0.312
263,Customer Support,3,Human,20,Yes,1,1,Medium,No,0.05
264,Technical,1,AI,14,Yes,5,1,High,Yes,0.357
265,HR,3,AI,45,No,5,1,Medium,No,0.111
266,Billing,3,AI,56,Yes,2,2,Low,No,0.036
267,HR,2,AI,36,Yes,4,3,Medium,No,0.111
268,Customer Support,3,Human,30,Yes,4,1,High,No,0.133
269,Technical,2,Human,24,Yes,2,2,Medium,No,0.083
270,Technical,1,Human,37,Yes,1,3,High,No,0.027
271,Billing,4,Human,15,Yes,1,1,Medium,No,0.067
272,Billing,3,Human,12,Yes,3,1,High,No,0.25
273,Billing,3,Human,11,Yes,5,3,Low,No,0.455
274,Billing,1,AI,8,Yes,4,3,High,Yes,0.5
275,Technical,5,Human,41,Yes,5,2,Medium,No,0.122
276,Technical,2,AI,39,No,4,0,Low,No,0.103
277,Technical,3,AI,58,Yes,5,0,Medium,No,0.086
278,Billing,2,AI,21,Yes,3,2,Low,No,0.143
279,HR,1,AI,17,Yes,4,1,High,Yes,0.235
280,HR,3,AI,20,Yes,3,0,High,No,0.15
281,Billing,3,AI,34,Yes,3,2,Low,No,0.088
282,Technical,4,Human,33,Yes,4,0,High,No,0.121
283,Customer Support,4,Human,48,No,1,2,Medium,No,0.021
284,Customer Support,2,AI,23,Yes,5,3,Medium,No,0.217
285,Customer Support,5,AI,59,No,4,3,High,No,0.068
286,HR,4,AI,39,No,5,0,High,No,0.128
287,HR,2,Human,19,Yes,5,3,Low,Yes,0.263
288,Technical,4,AI,7,Yes,3,2,Low,No,0.429
289,Billing,1,Human,11,Yes,2,3,High,Yes,0.182
290,Technical,5,AI,50,Yes,3,1,Medium,No,0.06
291,HR,3,AI,28,No,1,1,High,No,0.036
292,Customer Support,3,Human,15,Yes,5,0,High,No,0.333
293,Customer Support,4,AI,23,Yes,3,3,Low,No,0.13
294,Billing,1,Human,24,Yes,1,1,High,No,0.042
295,Billing,5,Human,28,No,4,0,High,No,0.143
296,Billing,5,Human,17,Yes,5,3,Medium,No,0.294
297,Billing,4,AI,15,Yes,3,1,Medium,No,0.2
298,HR,2,AI,45,Yes,5,3,High,No,0.111
299,Billing,1,Human,55,Yes,4,3,Low,No,0.073
300,Billing,2,AI,22,Yes,4,3,Medium,No,0.182
301,Technical,2,Human,60,Yes,5,1,High,No,0.083
302,HR,2,Human,35,Yes,1,3,Medium,No,0.029
303,Billing,3,Human,17,Yes,1,3,Medium,No,0.059
304,Customer Support,4,Human,27,No,4,0,High,No,0.148
305,Customer Support,2,Human,49,Yes,4,2,Low,No,0.082
306,Customer Support,3,AI,29,Yes,1,1,Low,No,0.034
307,Customer Support,4,AI,27,Yes,4,0,High,No,0.148
308,Technical,5,Human,13,Yes,1,3,Medium,No,0.077
309,Technical,2,Human,43,Yes,3,3,High,No,0.07
310,Technical,1,Human,26,Yes,4,2,Low,No,0.154
311,Technical,5,AI,20,Yes,4,3,Low,No,0.2
312,HR,5,Human,44,Yes,4,2,High,No,0.091
313,Customer Support,4,Human,15,Yes,3,1,Low,No,0.2
314,Customer Support,3,Human,25,Yes,2,0,Low,No,0.08
315,HR,2,AI,21,Yes,2,3,Low,No,0.095
316,Billing,2,AI,57,Yes,4,3,High,No,0.07
317,Technical,1,Human,46,Yes,1,3,High,No,0.022
318,Billing,5,AI,51,Yes,3,3,High,No,0.059
319,Technical,3,AI,58,Yes,5,0,Medium,No,0.086
320,Technical,1,AI,36,Yes,4,0,Low,No,0.111
321,Technical,3,AI,37,Yes,3,0,High,No,0.081
322,Billing,1,Human,17,No,4,2,High,Yes,0.235
323,Customer Support,5,Human,50,Yes,2,1,Low,No,0.04
324,Customer Support,3,Human,15,Yes,2,0,Low,No,0.133
325,Billing,2,Human,34,Yes,3,1,Low,No,0.088
326,HR,3,AI,15,Yes,4,0,Low,No,0.267
327,Billing,1,Human,57,Yes,2,2,Medium,No,0.035
328,Billing,2,AI,8,Yes,5,0,High,Yes,0.625
329,Billing,4,Human,16,Yes,2,2,Medium,No,0.125
330,Billing,2,AI,19,Yes,5,1,Medium,Yes,0.263
331,Technical,2,AI,5,Yes,3,0,Low,Yes,0.6
332,Customer Support,4,AI,22,Yes,4,1,Low,No,0.182
333,Customer Support,1,AI,9,Yes,2,1,High,Yes,0.222
334,Technical,5,Human,27,Yes,4,0,High,No,0.148
335,HR,1,Human,17,Yes,5,3,Medium,Yes,0.294
336,HR,3,Human,59,Yes,2,0,Low,No,0.034
337,Billing,2,Human,46,Yes,1,0,Low,No,0.022
338,Billing,1,Human,18,No,1,1,Low,Yes,0.056
339,Technical,4,Human,11,Yes,1,1,High,No,0.091
340,Technical,4,Human,6,Yes,3,0,Medium,No,0.5
341,HR,3,AI,46,Yes,1,2,Low,No,0.022
342,HR,1,Human,41,Yes,4,2,Low,No,0.098
343,Billing,3,AI,14,Yes,2,3,Low,No,0.143
344,Billing,3,Human,22,Yes,1,2,Low,No,0.045
345,HR,5,AI,48,No,4,1,Medium,No,0.083
346,Customer Support,3,Human,5,Yes,3,0,Medium,No,0.6
347,Technical,5,Human,10,Yes,4,0,Medium,No,0.4
348,Billing,4,Human,51,Yes,5,0,High,No,0.098
349,Billing,3,Human,39,Yes,5,0,Medium,No,0.128
350,Customer Support,3,AI,10,Yes,4,1,Low,No,0.4
351,Technical,2,Human,44,Yes,4,0,High,No,0.091
352,Customer Support,4,AI,20,Yes,1,1,High,No,0.05
353,Customer Support,4,Human,40,Yes,5,3,High,No,0.125
354,Billing,4,Human,7,Yes,3,3,Medium,No,0.429
355,Customer Support,1,AI,57,Yes,2,1,Medium,No,0.035
356,Billing,3,Human,46,Yes,4,0,Low,No,0.087
357,HR,1,Human,46,Yes,1,2,High,No,0.022
358,Customer Support,2,AI,29,Yes,1,3,Medium,No,0.034
359,Technical,4,Human,33,No,5,0,High,No,0.152
360,Billing,3,Human,44,Yes,4,1,Low,No,0.091
361,Technical,4,AI,18,Yes,2,1,Medium,No,0.111
362,Billing,5,Human,49,No,4,0,High,No,0.082
363,Technical,4,Human,48,Yes,4,3,High,No,0.083
364,Billing,4,Human,28,Yes,3,3,High,No,0.107
365,Customer Support,5,Human,20,Yes,1,0,Low,No,0.05
366,Billing,1,AI,47,Yes,4,1,High,No,0.085
367,Customer Support,1,AI,46,Yes,4,1,Low,No,0.087
368,HR,4,AI,58,Yes,4,2,Low,No,0.069
369,Customer Support,5,AI,44,Yes,4,0,High,No,0.091
370,HR,5,AI,8,Yes,1,1,Medium,No,0.125
371,Billing,3,Human,53,No,1,1,Medium,No,0.019
372,Billing,2,AI,52,Yes,2,3,Medium,No,0.038
373,Billing,5,Human,43,Yes,5,2,Medium,No,0.116
374,Billing,2,Human,17,Yes,3,2,High,Yes,0.176
375,HR,2,AI,45,Yes,4,3,Low,No,0.089
376,Technical,3,AI,48,Yes,4,1,Low,No,0.083
377,Customer Support,3,AI,55,Yes,3,1,High,No,0.055
378,Customer Support,4,AI,8,Yes,2,2,Low,No,0.25
379,Billing,3,AI,9,Yes,4,1,Low,No,0.444
380,Billing,3,AI,49,No,3,3,Low,No,0.061
381,Billing,4,AI,7,Yes,1,0,Low,No,0.143
382,HR,4,Human,21,Yes,1,2,Low,No,0.048
383,HR,4,AI,45,Yes,1,1,Low,No,0.022
384,Technical,2,AI,21,Yes,3,0,High,No,0.143
385,Customer Support,5,AI,47,Yes,5,0,Low,No,0.106
386,Billing,2,AI,26,Yes,5,3,Low,No,0.192
387,Billing,3,Human,59,No,5,3,Medium,No,0.085
388,Billing,5,AI,36,Yes,4,3,Medium,No,0.111
389,Billing,1,Human,52,Yes,4,0,Medium,No,0.077
390,Customer Support,2,AI,23,Yes,4,3,High,No,0.174
391,Billing,5,Human,10,Yes,3,2,Medium,No,0.3
392,HR,3,AI,39,Yes,4,3,Low,No,0.103
393,Technical,1,AI,45,Yes,2,1,Low,No,0.044
394,HR,5,Human,13,Yes,5,1,Medium,No,0.385
395,Customer Support,3,Human,42,Yes,1,2,Low,No,0.024
396,Technical,4,Human,11,No,3,3,Low,No,0.273
397,Technical,4,Human,51,No,5,1,High,No,0.098
398,Technical,1,Human,59,Yes,4,1,High,No,0.068
399,Customer Support,4,Human,11,Yes,4,0,High,No,0.364
400,Technical,1,Human,57,Yes,4,3,High,No,0.07
401,HR,4,AI,6,Yes,3,3,Medium,No,0.5
402,Customer Support,4,AI,24,No,1,3,High,No,0.042
403,Customer Support,5,AI,56,Yes,1,3,Medium,No,0.018
404,HR,1,AI,57,No,3,3,High,No,0.053
405,Customer Support,4,AI,51,Yes,4,2,High,No,0.078
406,Technical,3,AI,20,Yes,1,0,Medium,No,0.05
407,Technical,5,AI,42,Yes,3,1,Medium,No,0.071
408,Billing,5,AI,55,Yes,1,0,Low,No,0.018
409,Customer Support,4,AI,44,Yes,4,2,Medium,No,0.091
410,Customer Support,2,AI,28,Yes,4,3,High,No,0.143
411,HR,5,Human,33,Yes,4,2,High,No,0.121
412,Customer Support,5,AI,56,Yes,2,1,High,No,0.036
413,Customer Support,5,AI,37,Yes,3,2,Medium,No,0.081
414,Technical,4,AI,21,Yes,2,1,High,No,0.095
415,Billing,2,AI,24,Yes,4,3,Low,No,0.167
416,Billing,3,AI,58,Yes,3,1,Medium,No,0.052
417,HR,2,Human,32,No,3,1,Medium,No,0.094
418,Billing,4,Human,8,No,3,3,High,No,0.375
419,HR,4,AI,51,Yes,4,3,High,No,0.078
420,Technical,4,Human,8,Yes,5,0,Medium,No,0.625
421,HR,3,AI,26,Yes,2,3,Medium,No,0.077
422,Customer Support,5,AI,60,Yes,1,0,High,No,0.017
423,Technical,4,Human,45,Yes,1,1,Medium,No,0.022
424,HR,5,AI,10,Yes,2,1,Low,No,0.2
425,Technical,2,Human,10,Yes,5,3,High,Yes,0.5
426,HR,5,Human,60,Yes,2,3,High,No,0.033
427,Billing,4,Human,9,Yes,1,3,Medium,No,0.111
428,Technical,4,Human,6,Yes,2,3,Low,No,0.333
429,HR,5,AI,5,Yes,3,0,Medium,No,0.6
430,Technical,1,Human,28,Yes,1,0,Medium,No,0.036
431,Technical,4,Human,35,Yes,3,2,High,No,0.086
432,Billing,3,Human,38,No,4,1,Medium,No,0.105
433,Customer Support,3,Human,33,Yes,3,0,High,No,0.091
434,HR,4,AI,15,No,2,2,High,No,0.133
435,Billing,5,Human,33,Yes,1,2,High,No,0.03
436,Technical,1,AI,37,Yes,4,0,High,No,0.108
437,Technical,5,Human,58,Yes,4,3,Low,No,0.069
438,Technical,4,Human,33,Yes,4,3,Low,No,0.121
439,Customer Support,2,Human,21,Yes,5,1,Medium,No,0.238
440,Billing,2,Human,12,Yes,5,1,Medium,Yes,0.417
441,Technical,5,Human,14,Yes,2,0,High,No,0.143
442,Technical,2,AI,6,Yes,3,2,High,Yes,0.5
443,Billing,4,AI,35,Yes,4,1,Medium,No,0.114
444,Billing,1,Human,32,Yes,5,0,High,No,0.156
445,Billing,1,AI,48,Yes,2,1,High,No,0.042
446,Technical,5,AI,11,Yes,4,0,Medium,No,0.364
447,Technical,1,AI,50,Yes,4,1,Medium,No,0.08
448,Customer Support,3,Human,56,Yes,1,1,Low,No,0.018
449,Customer Support,2,Human,58,Yes,5,0,High,No,0.086
450,HR,1,AI,50,Yes,2,3,High,No,0.04
451,Technical,2,Human,26,Yes,1,3,High,No,0.038
452,Technical,4,AI,34,No,3,2,High,No,0.088
453,Billing,1,Human,8,Yes,3,1,Medium,Yes,0.375
454,Customer Support,1,Human,42,Yes,1,3,High,No,0.024
455,Customer Support,1,Human,47,Yes,2,1,Low,No,0.043
456,Technical,1,Human,7,Yes,4,3,Medium,Yes,0.571
457,Technical,4,Human,46,Yes,1,3,High,No,0.022
458,Technical,3,Human,60,Yes,1,3,Low,No,0.017
459,Technical,2,AI,11,No,2,0,High,Yes,0.182
460,Technical,2,Human,59,Yes,4,3,Low,No,0.068
461,Technical,2,Human,6,Yes,1,1,Low,Yes,0.167
462,Customer Support,5,Human,29,Yes,1,1,High,No,0.034
463,Customer Support,2,Human,23,Yes,4,0,Medium,No,0.174
464,Customer Support,3,Human,22,Yes,3,0,Medium,No,0.136
465,Customer Support,2,AI,52,Yes,4,2,Low,No,0.077
466,Billing,2,Human,9,Yes,1,3,Medium,Yes,0.111
467,Billing,4,Human,5,Yes,5,3,Low,No,1.0
468,Customer Support,3,AI,20,Yes,2,0,High,No,0.1
469,Customer Support,4,AI,48,No,3,1,High,No,0.062
470,HR,4,Human,53,Yes,1,0,High,No,0.019
471,Billing,4,Human,22,Yes,4,1,Medium,No,0.182
472,Technical,5,Human,31,Yes,2,0,High,No,0.065
473,Customer Support,5,AI,31,Yes,5,2,Low,No,0.161
474,Technical,3,Human,49,Yes,5,2,High,No,0.102
475,HR,3,AI,20,Yes,5,3,High,No,0.25
476,Technical,2,Human,16,Yes,5,2,High,Yes,0.312
477,Customer Support,2,AI,20,Yes,1,3,High,Yes,0.05
478,Customer Support,1,Human,21,Yes,1,1,Medium,No,0.048
479,Technical,5,AI,24,Yes,5,2,Low,No,0.208
480,HR,5,Human,56,Yes,5,3,Low,No,0.089
481,Technical,3,Human,50,Yes,1,0,Medium,No,0.02
482,HR,1,Human,24,Yes,5,0,High,No,0.208
483,HR,2,Human,16,Yes,5,1,Low,Yes,0.312
484,Technical,4,Human,53,Yes,1,2,High,No,0.019
485,Billing,3,AI,25,Yes,1,1,High,No,0.04
486,HR,2,Human,49,Yes,2,0,High,No,0.041
487,HR,5,Human,52,Yes,1,1,Medium,No,0.019
488,HR,5,Human,47,Yes,4,3,High,No,0.085
489,Customer Support,1,AI,49,Yes,1,2,High,No,0.02
490,Technical,4,AI,38,Yes,1,0,High,No,0.026
491,Billing,1,AI,40,Yes,2,1,High,No,0.05
492,Billing,5,AI,35,Yes,2,0,Medium,No,0.057
493,HR,1,Human,13,Yes,5,3,Medium,Yes,0.385
494,Customer Support,5,AI,13,Yes,3,0,High,No,0.231
495,Technical,5,AI,43,Yes,4,0,High,No,0.093
496,Customer Support,4,Human,8,Yes,4,3,Low,No,0.5
497,Customer Support,1,Human,37,No,1,2,High,No,0.027
498,Technical,4,Human,22,Yes,4,1,Low,No,0.182
499,Customer Support,3,AI,15,Yes,4,2,High,No,0.267
500,Customer Support,1,Human,48,Yes,4,2,Medium,No,0.083
501,HR,5,Human,26,No,4,3,High,No,0.154
502,Technical,5,AI,57,Yes,5,0,High,No,0.088
503,Billing,3,AI,46,Yes,5,1,Medium,No,0.109
504,Technical,1,AI,52,Yes,4,0,Medium,No,0.077
505,Customer Support,5,Human,31,Yes,2,3,Medium,No,0.065
506,Billing,3,Human,13,Yes,4,2,Medium,No,0.308
507,Billing,3,Human,11,Yes,4,2,Low,No,0.364
508,Billing,3,AI,41,Yes,1,1,Low,No,0.024
509,Technical,3,AI,23,Yes,2,3,High,No,0.087
510,Technical,3,Human,30,Yes,3,0,Medium,No,0.1
511,HR,5,Human,42,Yes,1,0,Medium,No,0.024
512,HR,4,Human,10,Yes,1,0,High,No,0.1
513,Billing,5,AI,16,Yes,5,1,Medium,No,0.312
514,Billing,3,Human,25,Yes,4,1,High,No,0.16
515,Technical,1,Human,53,No,2,3,Medium,No,0.038
516,Billing,1,Human,21,Yes,3,2,Medium,No,0.143
517,Billing,1,Human,7,Yes,4,0,Medium,Yes,0.571
518,Technical,2,Human,55,Yes,3,0,Medium,No,0.055
519,Billing,4,AI,53,Yes,5,0,Medium,No,0.094
520,Technical,4,AI,32,Yes,1,3,Low,No,0.031
521,Technical,1,Human,46,Yes,5,3,High,No,0.109
522,HR,3,Human,43,Yes,4,2,Low,No,0.093
523,Billing,2,Human,44,Yes,1,2,High,No,0.023
524,Technical,1,Human,41,Yes,3,1,High,No,0.073
525,HR,4,Human,45,Yes,2,2,Low,No,0.044
526,Customer Support,4,Human,44,Yes,3,2,High,No,0.068
527,Customer Support,1,AI,55,Yes,1,0,Medium,No,0.018
528,HR,3,AI,49,Yes,3,0,Low,No,0.061
529,Billing,2,Human,52,No,3,2,High,No,0.058
530,HR,2,AI,10,Yes,3,1,Medium,Yes,0.3
531,Customer Support,4,AI,24,Yes,1,3,Low,No,0.042
532,Customer Support,4,Human,56,Yes,5,0,Medium,No,0.089
533,Billing,3,AI,6,No,5,2,Low,No,0.833
534,Technical,1,AI,34,Yes,5,1,High,No,0.147
535,Customer Support,5,Human,37,Yes,3,2,Medium,No,0.081
536,Technical,4,AI,37,Yes,4,3,Medium,No,0.108
537,HR,2,Human,42,Yes,5,3,Low,No,0.119
538,Customer Support,5,AI,31,Yes,3,0,High,No,0.097
539,Technical,3,AI,44,Yes,3,1,High,No,0.068
540,Technical,3,Human,13,Yes,1,0,Medium,No,0.077
541,HR,2,Human,34,Yes,5,0,High,No,0.147
542,HR,2,AI,33,Yes,4,2,Medium,No,0.121
543,Customer Support,1,Human,40,Yes,2,1,Low,No,0.05
544,Technical,1,Human,24,No,4,2,High,No,0.167
545,Customer Support,1,Human,53,Yes,2,3,High,No,0.038
546,Technical,1,Human,12,Yes,1,1,High,Yes,0.083
547,Technical,5,AI,45,Yes,1,0,Medium,No,0.022
548,Billing,1,AI,50,Yes,3,1,Low,No,0.06
549,Billing,5,AI,5,Yes,3,1,Medium,No,0.6
550,HR,2,AI,45,Yes,5,3,High,No,0.111
551,HR,5,AI,51,Yes,1,3,High,No,0.02
552,Customer Support,1,Human,40,Yes,1,0,Low,No,0.025
553,Customer Support,4,AI,56,Yes,4,2,Low,No,0.071
554,HR,3,AI,34,No,3,1,Low,No,0.088
555,Technical,4,AI,21,Yes,1,0,Low,No,0.048
556,Billing,4,AI,26,Yes,2,1,High,No,0.077
557,Billing,1,AI,35,Yes,2,0,Medium,No,0.057
558,HR,4,Human,38,Yes,2,0,Low,No,0.053
559,HR,2,Human,30,Yes,3,3,Medium,No,0.1
560,Technical,4,AI,30,Yes,5,3,High,No,0.167
561,Technical,3,Human,11,Yes,3,0,High,No,0.273
562,Technical,1,Human,6,Yes,4,0,Medium,Yes,0.667
563,Technical,3,Human,49,Yes,2,2,Low,No,0.041
564,Customer Support,4,Human,33,Yes,4,2,Low,No,0.121
565,HR,4,AI,21,Yes,3,2,High,No,0.143
566,HR,5,Human,18,Yes,2,2,Medium,No,0.111
567,Billing,1,Human,41,Yes,2,0,High,No,0.049
568,Billing,5,AI,5,No,3,0,Low,No,0.6
569,Customer Support,2,Human,24,Yes,4,2,Low,No,0.167
570,Customer Support,2,AI,43,Yes,4,0,Medium,No,0.093
571,Billing,4,AI,33,Yes,1,2,Medium,No,0.03
572,Technical,3,Human,42,Yes,2,0,Medium,No,0.048
573,Technical,2,Human,21,Yes,3,0,Medium,No,0.143
574,HR,5,AI,50,Yes,3,0,Medium,No,0.06
575,Customer Support,5,AI,44,Yes,1,0,Medium,No,0.023
576,Customer Support,4,Human,34,Yes,1,3,High,No,0.029
577,Customer Support,2,AI,16,No,4,2,Medium,Yes,0.25
578,HR,2,AI,39,Yes,1,3,Low,No,0.026
579,Customer Support,4,AI,11,Yes,2,1,Medium,No,0.182
580,Billing,4,Human,18,Yes,4,1,High,No,0.222
581,Customer Support,4,AI,17,Yes,4,3,Medium,No,0.235
582,Customer Support,1,Human,34,Yes,3,1,Low,No,0.088
583,Billing,2,Human,15,Yes,1,0,Low,Yes,0.067
584,Technical,1,Human,5,Yes,4,3,Medium,Yes,0.8
585,Technical,3,AI,30,Yes,4,3,Low,No,0.133
586,HR,4,Human,41,Yes,1,2,Medium,No,0.024
587,Technical,2,Human,45,Yes,3,3,Low,No,0.067
588,Billing,3,Human,44,Yes,4,3,Low,No,0.091
589,Technical,5,AI,5,Yes,1,0,Low,No,0.2
590,HR,2,Human,14,No,2,0,High,Yes,0.143
591,Technical,4,Human,52,Yes,2,2,Medium,No,0.038
592,Billing,1,AI,17,Yes,3,0,Low,Yes,0.176
593,Billing,5,Human,49,Yes,2,2,Low,No,0.041
594,HR,2,Human,17,Yes,3,0,Medium,Yes,0.176
595,Technical,5,Human,40,Yes,2,2,Low,No,0.05
596,HR,4,Human,46,Yes,3,1,Low,No,0.065
597,Technical,4,Human,52,Yes,4,2,Low,No,0.077
598,Technical,1,AI,33,Yes,3,1,Low,No,0.091
599,Technical,2,Human,6,Yes,1,0,High,Yes,0.167
600,Technical,1,AI,53,Yes,2,2,High,No,0.038
601,HR,3,Human,35,Yes,1,3,Medium,No,0.029
602,Billing,4,AI,12,Yes,1,1,Low,No,0.083
603,Customer Support,1,AI,14,Yes,2,3,Low,Yes,0.143
604,Billing,5,AI,42,Yes,3,0,High,No,0.071
605,HR,5,AI,43,Yes,5,3,High,No,0.116
606,Billing,4,Human,47,No,3,0,Low,No,0.064
607,Technical,3,Human,19,Yes,3,2,High,No,0.158
608,Technical,5,Human,56,Yes,4,0,Medium,No,0.071
609,HR,5,Human,8,Yes,3,1,Medium,No,0.375
610,Customer Support,5,AI,39,Yes,4,1,High,No,0.103
611,HR,4,Human,24,Yes,2,0,Low,No,0.083
612,Billing,5,AI,44,Yes,5,3,High,No,0.114
613,HR,2,Human,49,Yes,1,3,Medium,No,0.02
614,Customer Support,5,Human,22,Yes,1,1,Medium,No,0.045
615,Technical,1,AI,18,Yes,3,2,High,Yes,0.167
616,Technical,1,Human,49,Yes,2,0,Medium,No,0.041
617,HR,3,Human,58,Yes,3,2,Medium,No,0.052
618,Technical,1,AI,56,Yes,5,0,Low,No,0.089
619,Technical,4,AI,8,Yes,3,1,Low,No,0.375
620,Customer Support,4,Human,44,Yes,5,3,High,No,0.114
621,Customer Support,5,Human,26,Yes,1,3,High,No,0.038
622,Billing,4,AI,48,Yes,3,2,Low,No,0.062
623,Technical,5,AI,58,Yes,1,2,Medium,No,0.017
624,HR,1,AI,34,Yes,3,1,Low,No,0.088
625,Customer Support,4,AI,41,Yes,5,3,High,No,0.122
626,Technical,5,AI,24,Yes,4,2,Low,No,0.167
627,Billing,1,AI,57,Yes,1,3,High,No,0.018
628,Billing,4,Human,36,Yes,1,2,Low,No,0.028
629,Customer Support,3,AI,34,Yes,2,2,Medium,No,0.059
630,Technical,4,Human,52,Yes,4,0,Medium,No,0.077
631,HR,1,Human,31,Yes,3,1,Medium,No,0.097
632,Customer Support,1,AI,10,Yes,1,1,Low,Yes,0.1
633,Billing,5,AI,20,Yes,5,2,High,No,0.25
634,Billing,1,Human,40,Yes,4,1,Medium,No,0.1
635,HR,2,Human,20,Yes,4,0,Low,Yes,0.2
636,Technical,2,AI,42,Yes,4,3,Low,No,0.095
637,HR,1,AI,10,Yes,2,0,Medium,Yes,0.2
638,Customer Support,3,Human,26,Yes,3,2,Low,No,0.115
639,Billing,2,AI,10,No,5,0,Low,Yes,0.5
640,Customer Support,1,AI,27,Yes,3,0,Medium,No,0.111
641,HR,3,AI,45,Yes,3,1,High,No,0.067
642,HR,3,AI,37,Yes,1,2,Low,No,0.027
643,Customer Support,1,AI,14,Yes,5,3,Low,Yes,0.357
644,HR,5,Human,48,Yes,2,1,Medium,No,0.042
645,Customer Support,5,Human,35,Yes,1,3,Low,No,0.029
646,Billing,2,AI,26,Yes,3,2,Medium,No,0.115
647,Technical,5,Human,6,No,4,1,Medium,No,0.667
648,Customer Support,1,Human,24,Yes,4,0,High,No,0.167
649,Customer Support,4,AI,8,Yes,3,1,Low,No,0.375
650,Billing,2,Human,34,Yes,2,2,Low,No,0.059
651,Customer Support,3,AI,48,No,1,0,High,No,0.021
652,Technical,5,AI,41,Yes,2,1,High,No,0.049
653,Billing,1,AI,18,Yes,5,3,Low,Yes,0.278
654,Technical,4,Human,52,Yes,1,1,Medium,No,0.019
655,Technical,4,Human,52,Yes,3,0,High,No,0.058
656,Customer Support,5,Human,11,Yes,4,1,Medium,No,0.364
657,HR,2,Human,56,No,1,0,Low,No,0.018
658,Billing,2,Human,27,Yes,3,0,Medium,No,0.111
659,HR,2,AI,45,Yes,5,3,Medium,No,0.111
660,HR,5,AI,37,Yes,1,0,High,No,0.027
661,HR,3,AI,21,Yes,3,2,High,No,0.143
662,Billing,2,Human,43,Yes,1,3,High,No,0.023
663,Technical,1,Human,27,No,3,3,Low,No,0.111
664,Technical,1,AI,9,Yes,2,0,Medium,Yes,0.222
665,Customer Support,3,Human,21,Yes,4,1,High,No,0.19
666,HR,2,AI,51,No,5,0,High,No,0.098
667,Billing,5,AI,9,Yes,2,1,Low,No,0.222
668,HR,2,Human,29,Yes,3,0,Medium,No,0.103
669,Billing,3,Human,7,Yes,3,0,High,No,0.429
670,Technical,4,AI,58,Yes,5,3,Medium,No,0.086
671,HR,1,Human,21,Yes,5,1,High,No,0.238
672,Technical,3,Human,59,Yes,1,0,Medium,No,0.017
673,Customer Support,2,Human,28,Yes,5,0,Low,No,0.179
674,Billing,2,Human,39,Yes,1,0,High,No,0.026
675,Billing,1,Human,39,Yes,1,0,Low,No,0.026
676,HR,4,AI,17,Yes,4,2,Low,No,0.235
677,Customer Support,3,Human,21,Yes,5,3,Medium,No,0.238
678,Technical,5,Human,9,No,2,0,Medium,No,0.222
679,Billing,3,AI,59,Yes,5,1,Medium,No,0.085
680,Customer Support,5,Human,39,Yes,4,3,Medium,No,0.103
681,HR,5,AI,48,Yes,3,0,Medium,No,0.062
682,Technical,5,Human,13,Yes,1,1,Medium,No,0.077
683,Customer Support,4,Human,19,Yes,2,3,High,No,0.105
684,Technical,5,Human,60,Yes,5,1,Medium,No,0.083
685,Customer Support,1,AI,40,Yes,1,3,Low,No,0.025
686,Customer Support,2,Human,42,Yes,5,1,Low,No,0.119
687,Customer Support,4,AI,59,No,3,3,High,No,0.051
688,Billing,4,Human,47,Yes,3,3,Medium,No,0.064
689,HR,3,AI,28,Yes,4,1,High,No,0.143
690,HR,1,AI,43,Yes,1,1,Low,No,0.023
691,HR,5,Human,40,Yes,2,2,High,No,0.05
692,Customer Support,4,Human,35,Yes,4,0,Low,No,0.114
693,HR,4,AI,16,Yes,5,3,Low,No,0.312
694,Technical,2,Human,36,Yes,4,2,High,No,0.111
695,Billing,4,Human,40,No,5,2,High,No,0.125
696,Billing,2,Human,15,No,1,3,High,Yes,0.067
697,Customer Support,4,AI,27,Yes,1,0,Medium,No,0.037
698,Technical,5,Human,34,Yes,3,0,High,No,0.088
699,Billing,3,Human,39,Yes,5,0,High,No,0.128
700,HR,5,AI,19,Yes,2,0,Low,No,0.105
701,HR,1,Human,26,Yes,1,0,Low,No,0.038
702,Technical,4,Human,44,No,1,1,Medium,No,0.023
703,Technical,3,AI,12,Yes,5,2,Low,No,0.417
704,Customer Support,2,AI,8,Yes,5,1,Low,Yes,0.625
705,Customer Support,2,Human,22,Yes,2,0,Low,No,0.091
706,Technical,4,AI,55,No,3,2,High,No,0.055
707,Customer Support,4,AI,58,Yes,5,3,Medium,No,0.086
708,Billing,1,Human,27,Yes,2,1,Low,No,0.074
709,Billing,2,AI,10,Yes,2,1,Medium,Yes,0.2
710,Customer Support,2,AI,49,Yes,1,0,Low,No,0.02
711,Technical,3,Human,5,Yes,5,3,Medium,No,1.0
712,Billing,2,AI,18,Yes,4,2,Medium,Yes,0.222
713,Customer Support,3,AI,27,Yes,1,3,High,No,0.037
714,HR,4,AI,33,Yes,2,0,Medium,No,0.061
715,Billing,3,Human,27,Yes,3,2,Medium,No,0.111
716,HR,1,Human,6,Yes,3,2,Low,Yes,0.5
717,Technical,5,AI,30,Yes,1,0,Low,No,0.033
718,Technical,2,AI,28,Yes,3,1,High,No,0.107
719,Customer Support,4,Human,46,Yes,3,2,Medium,No,0.065
720,Billing,2,Human,59,No,2,0,High,No,0.034
721,Technical,4,Human,5,Yes,5,1,Low,No,1.0
722,Customer Support,3,AI,60,Yes,3,3,High,No,0.05
723,Technical,2,AI,37,Yes,3,0,Low,No,0.081
724,HR,1,Human,46,Yes,1,0,High,No,0.022
725,Technical,1,AI,50,Yes,3,0,Medium,No,0.06
726,HR,1,Human,31,Yes,5,1,High,No,0.161
727,Customer Support,4,AI,27,Yes,1,3,Low,No,0.037
728,Billing,1,Human,34,Yes,5,1,Low,No,0.147
729,Billing,4,Human,36,Yes,4,2,Medium,No,0.111
730,Billing,2,AI,13,Yes,2,1,High,Yes,0.154
731,Customer Support,1,Human,45,Yes,2,2,High,No,0.044
732,Technical,3,Human,29,Yes,4,2,High,No,0.138
733,Technical,4,AI,51,Yes,5,0,Medium,No,0.098
734,Customer Support,5,AI,31,Yes,4,2,Medium,No,0.129
735,HR,3,Human,37,Yes,4,0,Low,No,0.108
736,HR,1,Human,36,Yes,4,0,Medium,No,0.111
737,Billing,1,AI,32,Yes,5,1,Medium,No,0.156
738,HR,1,AI,27,Yes,2,2,High,No,0.074
739,HR,2,Human,27,No,4,0,High,No,0.148
740,Billing,4,AI,40,Yes,5,1,Medium,No,0.125
741,Customer Support,3,Human,32,Yes,3,2,Low,No,0.094
742,HR,4,Human,40,Yes,4,3,High,No,0.1
743,Customer Support,2,AI,13,Yes,4,0,Medium,Yes,0.308
744,HR,4,AI,7,No,5,2,Low,No,0.714
745,Technical,1,Human,39,Yes,2,2,High,No,0.051
746,HR,3,AI,34,Yes,3,0,Low,No,0.088
747,HR,5,Human,55,Yes,2,3,Low,No,0.036
748,Billing,1,AI,21,Yes,2,1,Low,No,0.095
749,Customer Support,4,AI,59,Yes,3,2,Low,No,0.051
750,Customer Support,5,Human,39,Yes,1,0,High,No,0.026
751,Technical,4,AI,44,Yes,4,0,High,No,0.091
752,Customer Support,5,AI,26,No,3,3,High,No,0.115
753,Customer Support,3,AI,37,No,4,3,High,No,0.108
754,HR,5,Human,24,Yes,1,2,High,No,0.042
755,Billing,1,AI,28,Yes,1,2,Low,No,0.036
756,Technical,3,Human,11,Yes,2,2,Medium,No,0.182
757,Billing,2,Human,57,Yes,4,1,Medium,No,0.07
758,Customer Support,3,Human,45,Yes,4,3,High,No,0.089
759,Technical,5,Human,38,Yes,2,1,High,No,0.053
760,Customer Support,2,Human,17,Yes,2,1,Low,Yes,0.118
761,HR,2,Human,49,Yes,5,3,Low,No,0.102
762,HR,1,AI,50,No,1,1,High,No,0.02
763,Customer Support,3,Human,26,Yes,2,0,High,No,0.077
764,Billing,3,AI,11,Yes,2,1,High,No,0.182
765,Customer Support,3,AI,37,Yes,1,2,Low,No,0.027
766,Billing,5,Human,60,Yes,1,2,High,No,0.017
767,Technical,5,AI,20,Yes,3,1,Low,No,0.15
768,Customer Support,4,AI,14,Yes,2,3,Low,No,0.143
769,Customer Support,1,Human,11,Yes,3,1,Low,Yes,0.273
770,HR,5,Human,12,No,4,3,Low,No,0.333
771,HR,3,AI,5,No,2,1,High,No,0.4
772,Customer Support,3,Human,21,Yes,3,2,Low,No,0.143
773,Billing,2,AI,20,Yes,4,3,Medium,Yes,0.2
774,Technical,4,AI,7,No,3,0,High,No,0.429
775,Customer Support,5,Human,39,Yes,1,0,Low,No,0.026
776,HR,4,AI,41,Yes,5,1,Low,No,0.122
777,HR,3,AI,31,Yes,1,1,Low,No,0.032
778,HR,4,Human,6,Yes,3,3,Medium,No,0.5
779,Billing,3,AI,26,Yes,1,2,High,No,0.038
780,Technical,1,AI,22,Yes,3,3,Low,No,0.136
781,HR,3,Human,30,Yes,3,1,Medium,No,0.1
782,Technical,2,Human,9,Yes,5,2,Medium,Yes,0.556
783,Customer Support,1,AI,59,Yes,2,1,Low,No,0.034
784,Billing,4,Human,49,Yes,2,1,Medium,No,0.041
785,Billing,5,Human,57,Yes,2,2,High,No,0.035
786,Technical,3,Human,29,Yes,5,1,High,No,0.172
787,Customer Support,4,Human,46,Yes,3,2,High,No,0.065
788,Customer Support,2,AI,43,Yes,2,1,High,No,0.047
789,Customer Support,1,AI,47,Yes,2,3,Medium,No,0.043
790,HR,2,Human,50,Yes,5,1,Low,No,0.1
791,Customer Support,1,AI,41,Yes,3,2,Medium,No,0.073
792,Technical,4,AI,22,Yes,1,0,Low,No,0.045
793,Technical,3,AI,46,Yes,1,0,Medium,No,0.022
794,Technical,2,Human,22,Yes,4,3,Medium,No,0.182
795,Customer Support,5,AI,20,Yes,1,0,High,No,0.05
796,Customer Support,4,AI,54,Yes,2,0,Low,No,0.037
797,Customer Support,5,Human,44,Yes,4,0,Low,No,0.091
798,HR,1,Human,15,Yes,1,0,Low,Yes,0.067
799,HR,4,Human,57,No,5,1,Low,No,0.088
800,Customer Support,5,Human,55,Yes,3,0,Medium,No,0.055
801,Technical,2,AI,31,Yes,4,3,Low,No,0.129
802,Customer Support,5,Human,16,Yes,1,2,Medium,No,0.062
803,Technical,1,Human,54,No,3,0,Low,No,0.056
804,HR,2,Human,29,Yes,4,3,High,No,0.138
805,HR,1,Human,42,Yes,1,0,High,No,0.024
806,HR,5,Human,31,Yes,3,2,High,No,0.097
807,Technical,4,Human,39,Yes,4,1,High,No,0.103
808,Billing,2,AI,38,Yes,4,0,Medium,No,0.105
809,HR,5,AI,17,Yes,2,3,High,No,0.118
810,Technical,5,AI,25,Yes,4,2,High,No,0.16
811,HR,5,Human,19,Yes,5,2,High,No,0.263
812,Customer Support,2,Human,39,Yes,2,0,Low,No,0.051
813,Customer Support,5,AI,56,Yes,2,2,Low,No,0.036
814,Customer Support,1,Human,54,Yes,2,2,High,No,0.037
815,Customer Support,1,AI,51,Yes,2,2,Medium,No,0.039
816,Customer Support,5,Human,50,Yes,5,0,Medium,No,0.1
817,HR,2,AI,52,Yes,4,2,Medium,No,0.077
818,Technical,4,Human,16,Yes,1,3,Low,No,0.062
819,Billing,1,Human,58,Yes,4,2,Medium,No,0.069
820,Technical,1,AI,32,Yes,4,2,Low,No,0.125
821,Technical,3,Human,29,Yes,4,2,High,No,0.138
822,Technical,3,AI,18,Yes,2,1,High,No,0.111
823,Customer Support,4,Human,43,Yes,3,3,High,No,0.07
824,Customer Support,5,Human,44,Yes,4,1,High,No,0.091
825,Technical,4,Human,51,Yes,3,2,High,No,0.059
826,Billing,1,AI,23,Yes,2,1,Medium,No,0.087
827,Customer Support,1,AI,46,Yes,5,0,Medium,No,0.109
828,Billing,5,AI,51,No,5,2,Low,No,0.098
829,Billing,3,AI,40,Yes,3,0,Medium,No,0.075
830,Billing,5,Human,45,Yes,2,3,Low,No,0.044
831,HR,5,AI,28,Yes,3,2,Medium,No,0.107
832,Billing,3,Human,41,Yes,3,0,Medium,No,0.073
833,Customer Support,3,AI,48,Yes,5,1,Low,No,0.104
834,Technical,4,Human,18,Yes,5,3,Low,No,0.278
835,HR,1,Human,43,Yes,3,3,Medium,No,0.07
836,Technical,4,AI,18,No,3,0,High,No,0.167
837,HR,5,Human,49,Yes,5,2,Low,No,0.102
838,Billing,2,Human,32,Yes,3,0,Low,No,0.094
839,Technical,3,Human,5,No,3,1,Low,No,0.6
840,Customer Support,3,AI,13,Yes,3,3,Medium,No,0.231
841,Customer Support,1,AI,13,Yes,1,2,High,Yes,0.077
842,Customer Support,2,Human,47,Yes,2,0,Medium,No,0.043
843,Technical,5,AI,37,Yes,1,3,Low,No,0.027
844,HR,2,Human,42,Yes,2,0,High,No,0.048
845,Customer Support,4,AI,12,Yes,3,0,High,No,0.25
846,Billing,1,Human,33,Yes,5,3,Medium,No,0.152
847,Billing,2,AI,20,Yes,4,3,Medium,Yes,0.2
848,HR,2,AI,49,Yes,1,3,Low,No,0.02
849,Customer Support,2,Human,35,Yes,5,3,Low,No,0.143
850,Billing,5,AI,12,Yes,3,2,Medium,No,0.25
851,HR,4,AI,43,Yes,3,3,High,No,0.07
852,Technical,1,AI,59,Yes,2,3,Low,No,0.034
853,Billing,2,AI,10,Yes,1,2,Low,Yes,0.1
854,Technical,3,Human,57,Yes,2,3,Medium,No,0.035
855,HR,3,AI,54,Yes,4,1,High,No,0.074
856,Customer Support,4,AI,45,Yes,1,2,Low,No,0.022
857,Customer Support,5,AI,21,Yes,4,1,High,No,0.19
858,Billing,1,AI,34,Yes,4,2,Low,No,0.118
859,Customer Support,1,Human,52,Yes,1,1,Medium,No,0.019
860,HR,2,AI,13,Yes,4,1,Medium,Yes,0.308
861,Customer Support,1,Human,7,Yes,5,3,Medium,Yes,0.714
862,Billing,5,AI,17,Yes,3,3,Medium,No,0.176
863,Technical,5,AI,51,Yes,5,0,High,No,0.098
864,Customer Support,3,Human,51,Yes,1,1,Medium,No,0.02
865,HR,1,Human,37,Yes,2,2,Medium,No,0.054
866,Billing,2,Human,37,Yes,4,1,Medium,No,0.108
867,HR,2,Human,53,Yes,2,3,High,No,0.038
868,Billing,4,Human,45,Yes,3,3,High,No,0.067
869,Billing,1,Human,17,Yes,4,0,Medium,Yes,0.235
870,Customer Support,1,AI,8,Yes,2,3,High,Yes,0.25
871,Customer Support,5,Human,37,Yes,3,3,High,No,0.081
872,HR,4,AI,59,Yes,4,3,High,No,0.068
873,Customer Support,4,Human,46,Yes,2,1,Low,No,0.043
874,HR,5,Human,59,Yes,5,3,Low,No,0.085
875,Technical,3,AI,25,Yes,3,2,Low,No,0.12
876,HR,1,AI,50,Yes,3,0,Medium,No,0.06
877,Billing,4,Human,29,Yes,2,0,Medium,No,0.069
878,HR,1,AI,57,Yes,5,0,Medium,No,0.088
879,Customer Support,3,Human,36,Yes,3,1,Medium,No,0.083
880,Customer Support,2,Human,34,Yes,1,1,High,No,0.029
881,Billing,5,AI,31,Yes,2,3,High,No,0.065
882,Customer Support,1,AI,46,Yes,2,2,High,No,0.043
883,Billing,2,Human,53,Yes,2,1,High,No,0.038
884,Customer Support,2,AI,30,Yes,5,2,Medium,No,0.167
885,HR,2,Human,60,Yes,2,0,High,No,0.033
886,Customer Support,2,AI,13,Yes,2,2,Medium,Yes,0.154
887,Technical,3,Human,43,Yes,1,2,Medium,No,0.023
888,HR,5,Human,39,Yes,1,3,Low,No,0.026
889,HR,3,AI,21,Yes,5,3,High,No,0.238
890,Technical,1,AI,37,Yes,5,2,Medium,No,0.135
891,HR,5,Human,21,Yes,3,3,Medium,No,0.143
892,HR,5,Human,36,Yes,4,2,Medium,No,0.111
893,Billing,5,AI,13,No,2,0,Low,No,0.154
894,Billing,5,AI,27,Yes,5,3,Medium,No,0.185
895,HR,2,AI,29,Yes,2,0,High,No,0.069
896,HR,4,AI,22,Yes,2,2,Medium,No,0.091
897,Billing,4,AI,14,Yes,5,3,Medium,No,0.357
898,Customer Support,5,Human,35,Yes,4,2,High,No,0.114
899,Technical,3,AI,34,Yes,2,2,Low,No,0.059
900,Customer Support,5,Human,47,Yes,5,3,Low,No,0.106
901,Billing,1,Human,49,Yes,3,3,High,No,0.061
902,Customer Support,4,Human,19,Yes,4,0,Medium,No,0.211
903,HR,3,AI,6,Yes,3,1,High,No,0.5
904,HR,1,Human,57,Yes,1,2,Medium,No,0.018
905,Technical,4,Human,8,Yes,3,1,Low,No,0.375
906,Billing,3,Human,52,Yes,5,2,Low,No,0.096
907,HR,4,AI,11,Yes,5,2,High,No,0.455
908,Technical,2,Human,52,Yes,2,2,Low,No,0.038
909,Customer Support,5,AI,23,Yes,1,2,Low,No,0.043
910,HR,1,AI,53,Yes,2,0,Low,No,0.038
911,HR,1,Human,48,Yes,1,2,Medium,No,0.021
912,Billing,4,Human,53,Yes,3,0,High,No,0.057
913,Billing,2,Human,35,Yes,4,3,Medium,No,0.114
914,Billing,4,Human,57,Yes,2,1,High,No,0.035
915,HR,4,AI,52,Yes,4,1,High,No,0.077
916,Customer Support,4,AI,45,Yes,1,3,High,No,0.022
917,HR,5,Human,24,Yes,5,0,High,No,0.208
918,Customer Support,3,AI,36,Yes,5,2,High,No,0.139
919,Customer Support,5,Human,18,Yes,2,3,Medium,No,0.111
920,Customer Support,4,AI,55,Yes,3,3,Low,No,0.055
921,Customer Support,2,Human,47,Yes,4,0,High,No,0.085
922,Customer Support,2,Human,13,Yes,2,2,Low,Yes,0.154
923,Customer Support,5,Human,41,Yes,5,3,Medium,No,0.122
924,Billing,4,AI,42,Yes,2,3,High,No,0.048
925,Billing,5,Human,30,Yes,2,2,Low,No,0.067
926,Billing,1,Human,48,Yes,5,3,High,No,0.104
927,Customer Support,3,AI,10,Yes,2,3,Medium,No,0.2
928,Technical,2,Human,21,Yes,1,1,Low,No,0.048
929,Technical,5,Human,54,Yes,1,3,Low,No,0.019
930,HR,2,Human,31,Yes,2,0,Medium,No,0.065
931,HR,2,Human,46,Yes,1,1,Medium,No,0.022
932,HR,1,AI,60,Yes,4,3,High,No,0.067
933,Customer Support,3,AI,44,Yes,3,2,Medium,No,0.068
934,HR,1,Human,33,Yes,3,1,High,No,0.091
935,Customer Support,5,Human,9,Yes,2,2,High,No,0.222
936,Customer Support,3,AI,25,Yes,2,2,Medium,No,0.08
937,Customer Support,4,Human,24,Yes,5,0,Low,No,0.208
938,Customer Support,1,Human,16,Yes,5,3,Medium,Yes,0.312
939,Technical,5,Human,28,Yes,3,1,Medium,No,0.107
940,Billing,1,AI,11,Yes,4,3,Medium,Yes,0.364
941,Technical,1,Human,39,Yes,3,1,Medium,No,0.077
942,HR,3,AI,8,Yes,4,3,High,No,0.5
943,Technical,4,AI,32,Yes,3,3,Medium,No,0.094
944,Customer Support,5,Human,51,Yes,2,1,Low,No,0.039
945,Customer Support,3,AI,41,Yes,4,3,Low,No,0.098
946,Technical,2,Human,7,Yes,4,3,Low,Yes,0.571
947,Billing,4,Human,29,Yes,1,2,Low,No,0.034
948,Billing,5,AI,57,Yes,1,3,High,No,0.018
949,Customer Support,2,AI,30,Yes,3,0,High,No,0.1
950,Technical,4,AI,55,Yes,5,3,High,No,0.091
951,Billing,2,AI,32,Yes,3,0,Medium,No,0.094
952,HR,4,AI,57,Yes,4,0,High,No,0.07
953,Technical,5,AI,18,Yes,4,0,Medium,No,0.222
954,HR,4,AI,39,Yes,3,2,Medium,No,0.077
955,Billing,4,Human,6,Yes,1,1,Medium,No,0.167
956,Technical,5,Human,56,Yes,4,3,Medium,No,0.071
957,Technical,1,Human,9,Yes,5,3,High,Yes,0.556
958,Billing,5,Human,43,Yes,3,2,High,No,0.07
959,HR,4,AI,18,Yes,4,1,Medium,No,0.222
960,HR,1,AI,56,Yes,4,3,Medium,No,0.071
961,Technical,3,Human,26,Yes,1,2,Medium,No,0.038
962,Customer Support,5,Human,59,Yes,1,3,Low,No,0.017
963,Technical,5,Human,22,Yes,4,3,High,No,0.182
964,HR,4,Human,56,Yes,1,3,High,No,0.018
965,Billing,2,Human,45,Yes,5,1,Low,No,0.111
966,Billing,5,AI,36,Yes,3,3,Low,No,0.083
967,Customer Support,5,AI,12,Yes,3,0,Low,No,0.25
968,Customer Support,1,AI,30,No,3,3,Medium,No,0.1
969,Technical,2,Human,5,Yes,4,3,High,Yes,0.8
970,Billing,1,AI,27,Yes,1,0,High,No,0.037
971,Customer Support,2,Human,48,Yes,5,0,Low,No,0.104
972,Technical,1,Human,19,Yes,3,3,High,Yes,0.158
973,HR,4,Human,18,Yes,3,2,Medium,No,0.167
974,HR,3,Human,50,Yes,4,2,Low,No,0.08
975,Billing,1,AI,42,Yes,1,0,Medium,No,0.024
976,Technical,2,Human,40,Yes,2,0,Medium,No,0.05
977,Technical,4,Human,35,Yes,2,3,Low,No,0.057
978,Customer Support,3,AI,39,Yes,4,1,Low,No,0.103
979,Technical,2,Human,36,Yes,4,3,Medium,No,0.111
980,Billing,3,AI,29,Yes,4,0,Medium,No,0.138
981,Technical,1,Human,47,Yes,4,1,High,No,0.085
982,Technical,5,AI,53,Yes,3,2,Medium,No,0.057
983,Customer Support,4,Human,23,Yes,1,0,Medium,No,0.043
984,HR,5,AI,45,No,2,1,High,No,0.044
985,Customer Support,5,Human,28,No,3,3,Low,No,0.107
986,HR,1,AI,38,Yes,4,3,High,No,0.105
987,Technical,5,AI,6,Yes,3,1,High,No,0.5
988,Billing,5,AI,57,Yes,4,3,Medium,No,0.07
989,Customer Support,3,Human,19,Yes,1,0,Medium,No,0.053
990,Customer Support,4,Human,6,Yes,5,1,Medium,No,0.833
991,Technical,2,AI,48,Yes,4,3,Medium,No,0.083
992,Billing,4,AI,17,No,2,2,Low,No,0.118
993,HR,5,AI,50,Yes,3,3,Low,No,0.06
994,Customer Support,2,Human,29,No,4,0,High,No,0.138
995,Technical,1,Human,18,Yes,1,2,High,Yes,0.056
996,HR,5,AI,28,Yes,5,3,Medium,No,0.179
997,HR,5,AI,20,Yes,4,0,Medium,No,0.2
998,Technical,4,AI,24,Yes,3,3,High,No,0.125
999,Billing,3,Human,41,Yes,5,2,High,No,0.122
1000,Customer Support,1,AI,18,No,1,3,Low,Yes,0.056
1001,Technical,2,Human,53,Yes,3,3,High,No,0.057
1002,Customer Support,3,Human,6,Yes,4,3,High,No,0.667
1003,HR,3,AI,52,Yes,4,0,Low,No,0.077
1004,Technical,1,AI,58,Yes,2,2,Low,No,0.034
1005,Billing,3,Human,55,Yes,3,3,High,No,0.055
1006,Customer Support,3,AI,39,Yes,3,0,Low,No,0.077
1007,Technical,1,AI,24,Yes,4,3,Low,No,0.167
1008,Billing,5,AI,28,Yes,5,0,Medium,No,0.179
1009,Billing,2,AI,36,Yes,1,2,Medium,No,0.028
1010,HR,1,Human,46,Yes,1,2,Medium,No,0.022
1011,Customer Support,1,Human,43,Yes,5,0,High,No,0.116
1012,Billing,5,AI,36,Yes,2,2,High,No,0.056
1013,Customer Support,3,AI,39,Yes,1,0,High,No,0.026
1014,HR,5,Human,55,Yes,2,0,Medium,No,0.036
1015,Billing,3,AI,17,Yes,5,3,Medium,No,0.294
1016,Customer Support,4,Human,35,Yes,4,3,Medium,No,0.114
1017,HR,1,AI,28,Yes,2,3,Low,No,0.071
1018,Customer Support,4,Human,17,Yes,4,0,Medium,No,0.235
1019,Billing,4,AI,46,Yes,5,0,High,No,0.109
1020,Technical,5,AI,13,Yes,1,2,Low,No,0.077
1021,HR,1,Human,58,Yes,2,0,Low,No,0.034
1022,Technical,5,Human,15,Yes,4,0,High,No,0.267
1023,Customer Support,3,Human,37,Yes,4,3,Low,No,0.108
1024,Customer Support,4,Human,36,Yes,3,0,Medium,No,0.083
1025,Customer Support,5,Human,12,Yes,5,3,High,No,0.417
1026,Customer Support,5,Human,8,No,5,0,High,No,0.625
1027,Billing,2,Human,24,Yes,4,0,Medium,No,0.167
1028,Billing,2,AI,16,No,5,1,Low,Yes,0.312
1029,Customer Support,5,AI,45,Yes,2,0,Low,No,0.044
1030,Technical,5,AI,47,Yes,4,0,Medium,No,0.085
1031,Billing,5,AI,57,Yes,3,3,Medium,No,0.053
1032,Billing,2,Human,30,Yes,1,1,Medium,No,0.033
1033,HR,4,Human,58,Yes,4,0,High,No,0.069
1034,Billing,4,Human,26,Yes,2,0,Medium,No,0.077
1035,Billing,4,AI,13,Yes,3,2,High,No,0.231
1036,Technical,1,Human,46,Yes,5,2,High,No,0.109
1037,HR,4,AI,16,No,3,1,High,No,0.188
1038,Customer Support,1,Human,60,Yes,5,2,Medium,No,0.083
1039,Customer Support,2,AI,36,Yes,4,3,Low,No,0.111
1040,Customer Support,3,Human,23,Yes,3,0,Medium,No,0.13
1041,HR,5,Human,23,Yes,4,1,Low,No,0.174
1042,HR,5,Human,14,Yes,1,2,Low,No,0.071
1043,HR,2,Human,23,Yes,3,2,Medium,No,0.13
1044,Billing,5,AI,36,Yes,3,2,Low,No,0.083
1045,Billing,3,Human,32,Yes,3,2,Medium,No,0.094
1046,Technical,4,AI,31,Yes,2,1,Medium,No,0.065
1047,Billing,1,Human,38,Yes,5,0,Medium,No,0.132
1048,Technical,1,AI,27,Yes,3,0,Medium,No,0.111
1049,HR,2,Human,56,Yes,5,2,Medium,No,0.089
1050,Billing,4,AI,14,Yes,4,2,High,No,0.286
1051,Customer Support,2,Human,29,Yes,4,2,Low,No,0.138
1052,Billing,4,AI,53,Yes,1,1,Low,No,0.019
1053,Billing,3,Human,7,Yes,1,1,Low,No,0.143
1054,Billing,2,Human,27,Yes,2,1,High,No,0.074
1055,Customer Support,3,AI,60,Yes,5,3,Low,No,0.083
1056,HR,3,Human,56,Yes,4,3,High,No,0.071
1057,HR,4,Human,46,No,5,2,Low,No,0.109
1058,HR,2,AI,18,Yes,2,1,High,Yes,0.111
1059,Billing,2,Human,35,Yes,3,2,Low,No,0.086
1060,HR,4,Human,35,No,1,0,Medium,No,0.029
1061,HR,3,AI,33,Yes,1,1,Medium,No,0.03
1062,HR,2,Human,25,No,1,1,High,No,0.04
1063,HR,1,AI,13,Yes,4,0,Low,Yes,0.308
1064,Customer Support,1,Human,13,Yes,3,1,Low,Yes,0.231
1065,Technical,5,AI,17,Yes,2,1,Medium,No,0.118
1066,Customer Support,2,Human,50,Yes,2,2,Medium,No,0.04
1067,Billing,2,Human,33,Yes,4,3,Medium,No,0.121
1068,Technical,3,AI,5,Yes,3,0,Low,No,0.6
1069,HR,2,Human,30,Yes,1,0,Low,No,0.033
1070,Technical,1,Human,38,Yes,4,0,Low,No,0.105
1071,Customer Support,5,Human,50,Yes,2,3,Low,No,0.04
1072,Billing,2,Human,31,Yes,2,1,Medium,No,0.065
1073,HR,5,AI,24,Yes,3,3,High,No,0.125
1074,Billing,5,Human,46,No,4,0,High,No,0.087
1075,Customer Support,1,Human,17,Yes,5,0,Medium,Yes,0.294
1076,Technical,3,Human,34,Yes,5,3,High,No,0.147
1077,Technical,4,Human,52,Yes,4,0,Low,No,0.077
1078,Customer Support,1,AI,58,Yes,4,1,Low,No,0.069
1079,HR,2,AI,48,Yes,2,1,Low,No,0.042
1080,Technical,5,Human,29,Yes,1,1,Low,No,0.034
1081,Technical,1,Human,60,Yes,5,1,Low,No,0.083
1082,HR,2,AI,40,Yes,2,2,Medium,No,0.05
1083,Customer Support,1,AI,25,Yes,5,1,High,No,0.2
1084,Customer Support,2,Human,49,Yes,2,0,High,No,0.041
1085,Technical,5,Human,14,Yes,5,1,Medium,No,0.357
1086,Billing,2,Human,15,Yes,5,3,Medium,Yes,0.333
1087,HR,1,AI,46,Yes,2,3,Medium,No,0.043
1088,Billing,1,Human,57,Yes,3,2,High,No,0.053
1089,Technical,1,Human,55,Yes,4,3,High,No,0.073
1090,Customer Support,3,Human,42,Yes,5,2,Low,No,0.119
1091,Customer Support,5,AI,9,Yes,1,0,High,No,0.111
1092,Technical,2,Human,28,Yes,4,2,Low,No,0.143
1093,Customer Support,2,AI,37,Yes,5,3,High,No,0.135
1094,Billing,5,Human,31,Yes,1,0,High,No,0.032
1095,Customer Support,4,Human,15,Yes,2,3,Medium,No,0.133
1096,HR,3,AI,12,Yes,3,3,Low,No,0.25
1097,Customer Support,3,Human,43,Yes,4,3,Low,No,0.093
1098,HR,2,AI,34,Yes,5,2,High,No,0.147
1099,Customer Support,4,AI,48,Yes,3,0,Medium,No,0.062
1100,HR,3,AI,33,Yes,1,2,High,No,0.03
1101,Billing,2,Human,60,Yes,2,1,High,No,0.033
1102,Customer Support,2,AI,52,Yes,5,0,High,No,0.096
1103,Customer Support,5,Human,10,Yes,2,3,High,No,0.2
1104,Technical,1,AI,59,Yes,5,1,Low,No,0.085
1105,Customer Support,1,AI,57,Yes,2,1,Medium,No,0.035
1106,Customer Support,3,Human,24,Yes,5,1,Low,No,0.208
1107,Billing,1,AI,43,Yes,5,0,Low,No,0.116
1108,HR,2,Human,51,Yes,5,0,Medium,No,0.098
1109,Customer Support,5,Human,16,Yes,2,2,High,No,0.125
1110,HR,3,AI,20,Yes,2,3,High,No,0.1
1111,Billing,5,Human,53,Yes,3,1,Medium,No,0.057
1112,Billing,3,Human,46,Yes,1,1,Low,No,0.022
1113,HR,4,Human,58,Yes,4,0,Medium,No,0.069
1114,HR,4,Human,11,Yes,1,2,Medium,No,0.091
1115,Billing,1,AI,20,Yes,3,1,Low,Yes,0.15
1116,HR,1,Human,20,Yes,2,1,Low,Yes,0.1
1117,Billing,2,AI,10,Yes,5,1,High,Yes,0.5
1118,Billing,3,AI,42,Yes,4,3,Medium,No,0.095
1119,Technical,5,Human,47,Yes,2,2,Medium,No,0.043
1120,Technical,2,Human,52,Yes,1,1,Medium,No,0.019
1121,Billing,5,Human,16,Yes,1,3,Low,No,0.062
1122,Customer Support,3,AI,44,Yes,4,3,Medium,No,0.091
1123,Billing,5,Human,10,Yes,2,1,Low,No,0.2
1124,Customer Support,4,Human,43,Yes,4,2,High,No,0.093
1125,Technical,5,Human,52,Yes,2,0,Low,No,0.038
1126,HR,3,Human,37,Yes,5,0,Low,No,0.135
1127,Customer Support,2,AI,52,Yes,3,3,High,No,0.058
1128,Technical,1,Human,17,Yes,3,0,Medium,Yes,0.176
1129,HR,4,Human,52,No,5,2,Medium,No,0.096
1130,Billing,5,AI,48,Yes,2,3,High,No,0.042
1131,HR,3,AI,50,Yes,1,1,High,No,0.02
1132,Customer Support,4,Human,23,Yes,3,1,High,No,0.13
1133,Billing,4,AI,55,Yes,1,2,High,No,0.018
1134,HR,5,Human,44,Yes,2,2,High,No,0.045
1135,Billing,3,Human,6,Yes,2,0,Low,No,0.333
1136,Billing,3,Human,23,Yes,5,0,Medium,No,0.217
1137,HR,3,Human,35,Yes,5,2,Low,No,0.143
1138,Technical,3,Human,17,Yes,3,1,Medium,No,0.176
1139,Customer Support,1,AI,36,Yes,5,3,Medium,No,0.139
1140,Customer Support,3,Human,10,Yes,2,2,Medium,No,0.2
1141,Customer Support,3,Human,27,Yes,4,3,High,No,0.148
1142,Billing,2,AI,6,Yes,5,0,High,Yes,0.833
1143,HR,4,Human,37,Yes,5,0,High,No,0.135
1144,HR,1,Human,5,Yes,4,1,High,Yes,0.8
1145,Customer Support,4,Human,27,Yes,4,0,Medium,No,0.148
1146,Billing,3,AI,53,Yes,1,2,High,No,0.019
1147,HR,3,AI,38,Yes,4,2,High,No,0.105
1148,HR,5,AI,14,Yes,1,2,High,No,0.071
1149,Technical,5,AI,15,Yes,3,3,Medium,No,0.2
1150,HR,5,AI,15,Yes,3,0,High,No,0.2
1151,Customer Support,3,AI,50,Yes,2,1,Low,No,0.04
1152,Technical,4,Human,50,Yes,4,3,High,No,0.08
1153,Billing,3,Human,39,Yes,4,3,High,No,0.103
1154,HR,3,Human,56,No,1,2,Medium,No,0.018
1155,Billing,5,Human,5,Yes,2,0,Low,No,0.4
1156,HR,1,AI,23,Yes,1,1,Medium,No,0.043
1157,Billing,4,Human,19,Yes,4,0,Medium,No,0.211
1158,HR,5,AI,53,Yes,1,3,Low,No,0.019
1159,Billing,3,Human,29,Yes,2,3,High,No,0.069
1160,Customer Support,1,AI,41,Yes,3,1,Medium,No,0.073
1161,HR,3,AI,10,Yes,1,3,High,No,0.1
1162,Customer Support,4,Human,26,Yes,5,2,Low,No,0.192
1163,Billing,1,AI,45,Yes,5,0,Medium,No,0.111
1164,Customer Support,1,Human,6,Yes,2,3,High,Yes,0.333
1165,HR,5,Human,35,Yes,4,3,Medium,No,0.114
1166,Customer Support,3,AI,43,Yes,4,1,Medium,No,0.093
1167,Customer Support,5,AI,52,No,5,1,Low,No,0.096
1168,HR,3,AI,51,Yes,4,2,High,No,0.078
1169,Customer Support,4,Human,28,Yes,4,1,High,No,0.143
1170,HR,5,Human,20,Yes,3,2,Low,No,0.15
1171,Technical,1,AI,8,No,3,3,High,Yes,0.375
1172,Technical,1,AI,58,Yes,4,0,High,No,0.069
1173,Technical,2,Human,48,Yes,3,3,Medium,No,0.062
1174,Technical,4,AI,51,Yes,5,0,High,No,0.098
1175,Billing,2,Human,29,Yes,3,1,High,No,0.103
1176,Customer Support,5,AI,32,Yes,1,3,Low,No,0.031
1177,HR,4,Human,21,Yes,3,1,Low,No,0.143
1178,HR,5,AI,39,No,2,3,High,No,0.051
1179,Technical,4,AI,9,Yes,1,3,High,No,0.111
1180,HR,2,AI,56,Yes,5,0,High,No,0.089
1181,Technical,3,AI,42,Yes,3,3,Medium,No,0.071
1182,Technical,2,AI,31,Yes,2,3,Medium,No,0.065
1183,Technical,3,Human,58,Yes,4,0,High,No,0.069
1184,Billing,5,AI,26,Yes,2,1,Medium,No,0.077
1185,HR,4,Human,40,Yes,5,0,Medium,No,0.125
1186,HR,1,Human,38,Yes,4,0,Low,No,0.105
1187,Technical,2,Human,42,Yes,4,0,Low,No,0.095
1188,Customer Support,2,Human,26,Yes,3,0,Low,No,0.115
1189,HR,1,Human,29,Yes,5,3,High,No,0.172
1190,Technical,5,Human,25,Yes,5,2,Low,No,0.2
1191,Customer Support,2,Human,34,Yes,4,1,Medium,No,0.118
1192,HR,4,AI,36,Yes,5,1,Low,No,0.139
1193,Billing,4,AI,18,Yes,4,3,Medium,No,0.222
1194,Billing,1,AI,51,Yes,5,3,Medium,No,0.098
1195,Billing,2,Human,45,Yes,3,3,Medium,No,0.067
1196,Billing,4,AI,21,Yes,2,3,Medium,No,0.095
1197,Technical,1,Human,5,No,5,0,Low,Yes,1.0
1198,HR,4,AI,35,Yes,3,0,Medium,No,0.086
1199,HR,1,Human,43,Yes,1,0,Medium,No,0.023
1200,Billing,4,AI,41,Yes,4,1,Medium,No,0.098
1201,Billing,1,Human,32,Yes,4,0,Low,No,0.125
1202,HR,4,AI,26,Yes,5,2,High,No,0.192
1203,HR,5,AI,55,Yes,4,3,High,No,0.073
1204,HR,1,AI,39,Yes,5,0,High,No,0.128
1205,Billing,3,Human,58,Yes,1,2,Low,No,0.017
1206,HR,5,AI,14,Yes,5,2,Medium,No,0.357
1207,HR,2,AI,14,Yes,1,1,Low,Yes,0.071
1208,HR,5,Human,21,No,3,2,Medium,No,0.143
1209,Customer Support,1,Human,51,No,3,2,Low,No,0.059
1210,Technical,3,AI,28,Yes,5,0,Medium,No,0.179
1211,Technical,5,AI,32,Yes,1,3,Low,No,0.031
1212,HR,5,AI,23,Yes,5,2,Medium,No,0.217
1213,HR,3,AI,53,Yes,1,3,High,No,0.019
1214,Customer Support,1,AI,12,Yes,3,0,Low,Yes,0.25
1215,HR,5,AI,37,Yes,3,2,High,No,0.081
1216,Technical,5,AI,27,Yes,2,3,High,No,0.074
1217,HR,2,Human,8,Yes,4,0,Low,Yes,0.5
1218,Technical,1,AI,13,Yes,5,0,Medium,Yes,0.385
1219,Technical,2,Human,13,Yes,1,2,Low,Yes,0.077
1220,HR,3,Human,33,Yes,2,2,High,No,0.061
1221,HR,4,AI,20,Yes,1,0,High,No,0.05
1222,Billing,3,AI,39,Yes,2,1,Medium,No,0.051
1223,Billing,5,AI,17,Yes,5,0,Medium,No,0.294
1224,Technical,4,Human,19,Yes,4,2,Medium,No,0.211
1225,Billing,2,Human,8,Yes,2,3,High,Yes,0.25
1226,Customer Support,4,AI,44,Yes,3,3,Medium,No,0.068
1227,HR,2,AI,37,Yes,2,1,High,No,0.054
1228,Billing,3,Human,26,Yes,3,2,Low,No,0.115
1229,Technical,2,Human,15,Yes,5,3,High,Yes,0.333
1230,Billing,4,AI,27,Yes,1,1,Medium,No,0.037
1231,Customer Support,3,Human,9,No,4,0,Low,No,0.444
1232,Technical,2,Human,16,Yes,3,3,Low,Yes,0.188
1233,Technical,1,Human,28,Yes,4,1,Medium,No,0.143
1234,Technical,5,Human,17,Yes,5,1,Low,No,0.294
1235,Technical,1,AI,43,Yes,5,3,Low,No,0.116
1236,Billing,1,AI,8,Yes,1,0,Low,Yes,0.125
1237,Customer Support,2,AI,59,Yes,2,1,High,No,0.034
1238,HR,3,Human,44,Yes,5,3,High,No,0.114
1239,HR,4,AI,59,Yes,2,1,High,No,0.034
1240,Technical,2,Human,48,Yes,2,2,High,No,0.042
1241,Customer Support,3,AI,10,Yes,3,0,Low,No,0.3
1242,Customer Support,4,Human,54,Yes,5,2,Medium,No,0.093
1243,HR,2,AI,9,Yes,4,2,Medium,Yes,0.444
1244,Technical,5,Human,56,Yes,4,2,Low,No,0.071
1245,Billing,4,Human,31,Yes,5,2,Medium,No,0.161
1246,Customer Support,4,AI,47,Yes,2,1,Medium,No,0.043
1247,HR,2,AI,31,Yes,3,3,Low,No,0.097
1248,Technical,5,AI,28,Yes,4,1,Low,No,0.143
1249,Customer Support,4,AI,17,Yes,1,0,Medium,No,0.059
1250,Billing,3,Human,38,Yes,4,2,Low,No,0.105
1251,Technical,4,Human,18,Yes,1,0,Low,No,0.056
1252,Technical,5,Human,53,Yes,4,2,Medium,No,0.075
1253,HR,1,Human,28,Yes,4,0,Medium,No,0.143
1254,HR,1,Human,11,Yes,1,2,Medium,Yes,0.091
1255,Technical,2,Human,48,Yes,4,2,Low,No,0.083
1256,Customer Support,3,AI,52,Yes,4,1,Medium,No,0.077
1257,Billing,4,Human,48,Yes,5,0,Medium,No,0.104
1258,Billing,1,Human,8,No,3,3,Low,Yes,0.375
1259,HR,2,AI,9,Yes,1,1,Low,Yes,0.111
1260,Technical,4,AI,16,Yes,3,3,Low,No,0.188
1261,Technical,2,AI,30,No,3,3,Medium,No,0.1
1262,Customer Support,2,Human,23,Yes,5,3,High,No,0.217
1263,Technical,4,Human,20,Yes,2,1,Medium,No,0.1
1264,Customer Support,5,Human,20,Yes,3,1,Low,No,0.15
1265,Technical,3,Human,48,No,3,1,Low,No,0.062
1266,Billing,3,AI,12,Yes,2,2,Low,No,0.167
1267,Technical,1,AI,5,No,2,0,Low,Yes,0.4
1268,Billing,1,AI,17,Yes,1,0,High,Yes,0.059
1269,Billing,4,Human,11,Yes,3,2,Medium,No,0.273
1270,Customer Support,1,Human,41,Yes,1,1,Low,No,0.024
1271,Customer Support,3,AI,12,Yes,1,0,Low,No,0.083
1272,Billing,2,Human,6,Yes,1,0,High,Yes,0.167
1273,Billing,5,AI,14,Yes,2,0,Low,No,0.143
1274,Customer Support,3,Human,15,Yes,1,1,High,No,0.067
1275,Billing,2,AI,50,Yes,2,1,Medium,No,0.04
1276,Customer Support,4,Human,42,Yes,1,2,Medium,No,0.024
1277,Billing,3,AI,32,Yes,4,3,Low,No,0.125
1278,Billing,2,AI,22,Yes,3,1,Medium,No,0.136
1279,Customer Support,4,AI,43,Yes,1,1,Low,No,0.023
1280,HR,3,AI,16,Yes,4,0,High,No,0.25
1281,HR,3,AI,60,Yes,1,1,High,No,0.017
1282,Billing,1,Human,16,Yes,2,1,Medium,Yes,0.125
1283,Technical,3,AI,31,Yes,3,2,High,No,0.097
1284,Technical,5,AI,33,Yes,3,2,Medium,No,0.091
1285,HR,2,Human,36,Yes,5,0,Low,No,0.139
1286,Technical,4,AI,50,Yes,5,1,High,No,0.1
1287,Billing,5,AI,32,Yes,1,0,Low,No,0.031
1288,Customer Support,3,Human,16,Yes,2,3,Medium,No,0.125
1289,Technical,5,AI,22,Yes,4,1,Low,No,0.182
1290,HR,1,Human,47,Yes,1,0,Low,No,0.021
1291,Customer Support,2,Human,33,Yes,4,3,Medium,No,0.121
1292,Billing,3,AI,42,Yes,3,0,Medium,No,0.071
1293,HR,2,Human,54,Yes,4,0,High,No,0.074
1294,Billing,5,AI,57,Yes,3,0,High,No,0.053
1295,Billing,5,Human,55,Yes,5,0,Medium,No,0.091
1296,HR,2,AI,29,Yes,1,0,High,No,0.034
1297,HR,1,Human,5,No,5,0,Medium,Yes,1.0
1298,Technical,4,Human,20,Yes,5,0,Medium,No,0.25
1299,HR,4,AI,17,Yes,4,0,Low,No,0.235
1300,Customer Support,3,Human,44,Yes,2,2,Low,No,0.045
1301,HR,4,Human,14,Yes,4,2,High,No,0.286
1302,HR,3,Human,28,Yes,3,0,High,No,0.107
1303,Billing,4,Human,26,Yes,4,3,Medium,No,0.154
1304,HR,4,AI,51,Yes,3,3,Medium,No,0.059
1305,Technical,4,AI,27,Yes,2,1,Low,No,0.074
1306,HR,5,Human,40,Yes,4,1,Low,No,0.1
1307,HR,5,AI,40,Yes,1,0,Medium,No,0.025
1308,Billing,1,AI,51,Yes,1,1,Low,No,0.02
1309,HR,1,AI,16,Yes,3,2,Medium,Yes,0.188
1310,Customer Support,2,AI,40,Yes,1,1,Medium,No,0.025
1311,HR,5,AI,60,Yes,1,0,High,No,0.017
1312,Technical,2,Human,6,Yes,4,0,Medium,Yes,0.667
1313,Technical,3,AI,11,No,4,1,High,No,0.364
1314,Billing,5,AI,44,Yes,1,0,High,No,0.023
1315,Technical,2,AI,42,Yes,2,1,High,No,0.048
1316,HR,2,AI,7,Yes,5,3,Medium,Yes,0.714
1317,Technical,5,AI,39,Yes,2,0,Medium,No,0.051
1318,Billing,5,Human,20,Yes,1,3,Medium,No,0.05
1319,Technical,1,AI,46,Yes,1,1,High,No,0.022
1320,Billing,4,Human,10,No,5,0,Low,No,0.5
1321,Customer Support,5,Human,33,No,5,1,Low,No,0.152
1322,HR,1,AI,58,Yes,4,2,Medium,No,0.069
1323,Technical,1,AI,23,Yes,5,3,Medium,No,0.217
1324,Customer Support,3,AI,21,Yes,3,2,High,No,0.143
1325,HR,3,Human,29,Yes,3,0,Medium,No,0.103
1326,Technical,3,Human,6,Yes,5,0,Medium,No,0.833
1327,Billing,3,AI,20,Yes,3,2,Low,No,0.15
1328,Technical,3,AI,16,Yes,4,2,Low,No,0.25
1329,Customer Support,5,AI,24,Yes,5,0,Medium,No,0.208
1330,Technical,2,Human,21,Yes,5,0,Low,No,0.238
1331,HR,5,AI,53,Yes,4,3,Medium,No,0.075
1332,Customer Support,3,AI,25,No,3,1,High,No,0.12
1333,Technical,1,Human,31,No,5,2,Medium,No,0.161
1334,Customer Support,4,Human,15,Yes,2,1,High,No,0.133
1335,Billing,3,AI,39,Yes,4,2,High,No,0.103
1336,Customer Support,1,AI,36,Yes,4,2,Low,No,0.111
1337,Customer Support,3,AI,58,Yes,4,0,High,No,0.069
1338,HR,1,AI,17,Yes,5,2,High,Yes,0.294
1339,Billing,5,AI,37,Yes,4,1,High,No,0.108
1340,Technical,1,Human,27,Yes,1,3,Low,No,0.037
1341,Customer Support,3,Human,42,Yes,4,2,Low,No,0.095
1342,Customer Support,2,Human,25,Yes,2,1,High,No,0.08
1343,HR,1,AI,42,Yes,5,2,Low,No,0.119
1344,Technical,5,Human,17,No,1,0,Medium,No,0.059
1345,Customer Support,4,Human,49,Yes,3,0,Medium,No,0.061
1346,HR,2,AI,34,Yes,5,3,High,No,0.147
1347,Billing,3,Human,24,Yes,3,1,High,No,0.125
1348,HR,4,AI,42,Yes,3,0,Medium,No,0.071
1349,Technical,1,AI,53,Yes,3,2,Medium,No,0.057
1350,Customer Support,5,Human,9,Yes,4,0,Low,No,0.444
1351,Technical,3,Human,8,Yes,4,3,Medium,No,0.5
1352,Billing,4,AI,42,Yes,1,2,High,No,0.024
1353,Customer Support,5,Human,60,Yes,5,3,Medium,No,0.083
1354,Technical,1,Human,7,Yes,5,1,Low,Yes,0.714
1355,Billing,3,AI,30,Yes,2,1,Medium,No,0.067
1356,Technical,2,AI,58,Yes,5,3,Low,No,0.086
1357,Customer Support,2,AI,38,Yes,5,0,Medium,No,0.132
1358,Billing,4,Human,14,Yes,2,2,High,No,0.143
1359,HR,4,Human,28,Yes,5,0,Low,No,0.179
1360,Customer Support,4,AI,45,Yes,1,3,Low,No,0.022
1361,Technical,1,AI,42,Yes,4,1,High,No,0.095
1362,Technical,4,Human,57,Yes,2,0,High,No,0.035
1363,HR,3,Human,35,Yes,5,3,Low,No,0.143
1364,Technical,3,AI,55,Yes,5,0,Medium,No,0.091
1365,Technical,4,Human,19,Yes,5,2,Medium,No,0.263
1366,Technical,3,Human,13,Yes,2,2,Medium,No,0.154
1367,Customer Support,5,Human,59,Yes,5,1,Medium,No,0.085
1368,Customer Support,2,AI,21,Yes,3,2,High,No,0.143
1369,Customer Support,4,Human,20,Yes,5,3,Low,No,0.25
1370,Customer Support,3,Human,57,Yes,3,0,Medium,No,0.053
1371,Customer Support,2,Human,55,No,2,0,Low,No,0.036
1372,Billing,2,AI,45,Yes,4,0,High,No,0.089
1373,HR,1,AI,60,Yes,2,2,High,No,0.033
1374,Technical,4,AI,39,No,5,2,Medium,No,0.128
1375,Billing,2,AI,19,Yes,4,0,High,Yes,0.211
1376,Billing,3,AI,17,Yes,5,2,High,No,0.294
1377,Technical,5,AI,57,Yes,1,0,Low,No,0.018
1378,HR,2,Human,30,Yes,2,1,High,No,0.067
1379,Technical,4,AI,11,Yes,4,0,High,No,0.364
1380,Billing,3,AI,42,Yes,5,0,Low,No,0.119
1381,Customer Support,1,Human,20,Yes,2,1,Medium,Yes,0.1
1382,Billing,2,Human,26,No,4,1,High,No,0.154
1383,HR,2,Human,38,Yes,2,0,Low,No,0.053
1384,Technical,1,Human,14,No,1,0,Low,Yes,0.071
1385,Technical,5,Human,52,Yes,1,1,Medium,No,0.019
1386,Billing,4,AI,28,Yes,2,1,Medium,No,0.071
1387,HR,4,Human,25,Yes,4,3,Medium,No,0.16
1388,HR,1,Human,26,No,5,0,Medium,No,0.192
1389,Technical,5,AI,52,No,4,0,High,No,0.077
1390,Billing,3,AI,17,Yes,3,1,Medium,No,0.176
1391,Billing,4,AI,31,Yes,3,2,High,No,0.097
1392,Billing,3,Human,34,Yes,2,2,Medium,No,0.059
1393,HR,5,Human,55,No,2,1,Low,No,0.036
1394,HR,1,Human,56,Yes,3,2,Low,No,0.054
1395,Billing,1,Human,52,No,5,2,Medium,No,0.096
1396,Billing,2,Human,26,Yes,5,1,Medium,No,0.192
1397,Technical,5,Human,34,Yes,3,0,Low,No,0.088
1398,Customer Support,4,Human,36,Yes,4,1,Medium,No,0.111
1399,HR,3,Human,20,No,4,2,High,No,0.2
1400,Billing,2,Human,26,Yes,4,2,Low,No,0.154
1401,Customer Support,3,AI,19,Yes,3,2,Low,No,0.158
1402,Customer Support,5,AI,10,Yes,2,0,Low,No,0.2
1403,Billing,5,Human,53,Yes,1,0,Low,No,0.019
1404,HR,1,Human,16,Yes,3,2,Medium,Yes,0.188
1405,HR,5,AI,55,No,3,3,Low,No,0.055
1406,Technical,1,AI,47,Yes,5,2,Low,No,0.106
1407,Technical,1,AI,55,Yes,4,2,Low,No,0.073
1408,HR,5,Human,12,Yes,1,0,Medium,No,0.083
1409,Technical,3,Human,51,Yes,4,3,Medium,No,0.078
1410,Billing,2,AI,15,Yes,4,0,Medium,Yes,0.267
1411,Customer Support,2,AI,10,Yes,5,1,High,Yes,0.5
1412,Technical,2,AI,58,Yes,4,3,High,No,0.069
1413,Billing,3,Human,53,Yes,5,0,Medium,No,0.094
1414,HR,5,Human,29,Yes,1,3,Low,No,0.034
1415,Technical,5,Human,55,Yes,5,1,Medium,No,0.091
1416,Billing,1,AI,26,Yes,5,2,Medium,No,0.192
1417,Technical,4,AI,19,Yes,4,0,Low,No,0.211
1418,Customer Support,1,AI,13,Yes,1,1,Medium,Yes,0.077
1419,Billing,5,AI,7,Yes,4,3,Medium,No,0.571
1420,Technical,5,AI,38,Yes,2,1,Low,No,0.053
1421,Technical,3,Human,12,Yes,4,2,Low,No,0.333
1422,Technical,4,AI,43,Yes,5,2,High,No,0.116
1423,Billing,3,Human,53,Yes,2,1,Low,No,0.038
1424,Customer Support,5,Human,39,Yes,4,3,Medium,No,0.103
1425,Billing,1,AI,26,Yes,2,1,Medium,No,0.077
1426,Billing,5,AI,11,Yes,3,3,High,No,0.273
1427,HR,1,Human,48,Yes,2,0,High,No,0.042
1428,Customer Support,2,Human,45,Yes,4,2,Medium,No,0.089
1429,Customer Support,3,AI,46,Yes,1,2,High,No,0.022
1430,Customer Support,2,Human,49,Yes,3,1,High,No,0.061
1431,Customer Support,3,AI,17,Yes,5,2,Low,No,0.294
1432,Customer Support,1,Human,20,Yes,5,1,High,Yes,0.25
1433,HR,3,Human,37,Yes,2,3,Low,No,0.054
1434,Customer Support,4,Human,53,Yes,1,1,Medium,No,0.019
1435,HR,4,Human,60,Yes,2,1,Medium,No,0.033
1436,HR,4,AI,60,Yes,5,0,Low,No,0.083
1437,HR,3,AI,10,Yes,1,0,High,No,0.1
1438,Billing,5,AI,7,Yes,1,0,Medium,No,0.143
1439,Customer Support,4,AI,12,Yes,2,1,High,No,0.167
1440,Billing,3,Human,5,Yes,3,3,Low,No,0.6
1441,Billing,4,AI,28,No,3,3,Low,No,0.107
1442,HR,4,AI,37,Yes,4,3,Medium,No,0.108
1443,Technical,4,Human,57,Yes,2,2,Medium,No,0.035
1444,Technical,4,AI,41,Yes,1,1,High,No,0.024
1445,Technical,3,AI,25,Yes,4,1,High,No,0.16
1446,Billing,4,AI,11,Yes,5,2,Low,No,0.455
1447,Technical,2,AI,43,Yes,5,0,Medium,No,0.116
1448,Billing,5,AI,33,Yes,2,1,Low,No,0.061
1449,Technical,4,AI,59,Yes,3,3,Medium,No,0.051
1450,Customer Support,1,AI,28,Yes,2,2,Low,No,0.071
1451,Technical,4,Human,9,Yes,1,3,Low,No,0.111
1452,HR,1,Human,57,Yes,3,2,Medium,No,0.053
1453,HR,4,AI,47,Yes,2,2,High,No,0.043
1454,Customer Support,5,AI,56,Yes,1,3,Medium,No,0.018
1455,Customer Support,3,Human,36,Yes,5,2,Low,No,0.139
1456,HR,1,AI,59,Yes,5,2,Medium,No,0.085
1457,HR,3,Human,55,Yes,3,0,Medium,No,0.055
1458,Billing,3,AI,22,No,1,2,Low,No,0.045
1459,HR,4,Human,25,Yes,1,0,Low,No,0.04
1460,Billing,2,Human,16,No,3,1,Low,Yes,0.188
1461,Technical,4,Human,53,Yes,2,3,High,No,0.038
1462,Technical,5,Human,41,No,5,1,Low,No,0.122
1463,Customer Support,5,Human,20,Yes,1,1,High,No,0.05
1464,Technical,2,Human,46,Yes,4,2,Low,No,0.087
1465,Billing,4,AI,57,Yes,5,1,High,No,0.088
1466,Technical,2,AI,46,Yes,3,0,Medium,No,0.065
1467,Customer Support,2,Human,39,Yes,2,2,Low,No,0.051
1468,Customer Support,4,Human,58,Yes,2,3,Low,No,0.034
1469,Technical,5,AI,48,Yes,5,0,Low,No,0.104
1470,Billing,5,AI,8,No,2,2,Medium,No,0.25
1471,Billing,1,Human,49,Yes,4,2,High,No,0.082
1472,Customer Support,1,Human,41,Yes,4,3,Medium,No,0.098
1473,Billing,1,Human,36,Yes,2,1,Low,No,0.056
1474,Customer Support,2,Human,39,Yes,2,2,Medium,No,0.051
1475,HR,2,Human,29,Yes,5,3,Low,No,0.172
1476,Technical,2,AI,54,Yes,3,2,Low,No,0.056
1477,HR,2,AI,21,Yes,4,1,Medium,No,0.19
1478,Billing,4,Human,20,Yes,2,3,Medium,No,0.1
1479,Billing,4,Human,8,Yes,3,3,Medium,No,0.375
1480,Customer Support,1,Human,20,Yes,1,1,Medium,Yes,0.05
1481,Customer Support,5,Human,46,Yes,5,0,High,No,0.109
1482,Billing,2,AI,41,Yes,2,2,High,No,0.049
1483,Customer Support,3,Human,19,No,2,1,Medium,No,0.105
1484,Technical,5,Human,38,Yes,2,3,High,No,0.053
1485,Customer Support,3,Human,18,Yes,5,0,Medium,No,0.278
1486,HR,3,Human,24,Yes,5,3,Low,No,0.208
1487,Billing,3,AI,45,No,4,3,Low,No,0.089
1488,Technical,5,AI,57,Yes,5,0,Medium,No,0.088
1489,Customer Support,1,AI,6,Yes,3,1,Low,Yes,0.5
1490,HR,3,Human,60,Yes,2,0,Medium,No,0.033
1491,Billing,2,AI,51,Yes,2,2,Medium,No,0.039
1492,HR,3,Human,49,Yes,2,2,Medium,No,0.041
1493,Technical,4,Human,48,Yes,1,3,Medium,No,0.021
1494,Customer Support,3,Human,16,No,5,2,High,No,0.312
1495,Customer Support,3,AI,18,Yes,1,0,Low,No,0.056
1496,Billing,5,AI,50,Yes,5,0,High,No,0.1
1497,Billing,1,Human,21,Yes,3,1,Medium,No,0.143
1498,HR,1,Human,50,Yes,2,3,High,No,0.04
1499,HR,2,AI,28,No,5,0,High,No,0.179
1500,Technical,4,Human,17,Yes,3,1,Low,No,0.176
1501,HR,5,Human,15,Yes,1,1,High,No,0.067
1502,Technical,4,Human,40,Yes,4,2,Low,No,0.1
1503,Billing,4,AI,47,Yes,2,1,High,No,0.043
1504,Customer Support,5,AI,52,Yes,4,2,Medium,No,0.077
1505,Technical,3,AI,54,Yes,5,2,Low,No,0.093
1506,Technical,3,Human,25,Yes,3,3,Medium,No,0.12
1507,Customer Support,3,AI,26,Yes,2,2,High,No,0.077
1508,Billing,3,Human,20,Yes,2,0,Medium,No,0.1
1509,HR,4,AI,42,Yes,2,2,Medium,No,0.048
1510,Technical,2,AI,21,Yes,4,1,Medium,No,0.19
1511,HR,5,Human,5,Yes,2,0,High,No,0.4
1512,Billing,2,Human,8,Yes,1,3,Medium,Yes,0.125
1513,Technical,2,Human,41,No,1,3,Medium,No,0.024
1514,Billing,1,Human,48,Yes,5,1,Low,No,0.104
1515,Customer Support,5,Human,27,Yes,5,2,High,No,0.185
1516,Billing,5,Human,11,No,4,2,Low,No,0.364
1517,Billing,3,Human,60,Yes,1,3,Medium,No,0.017
1518,Billing,4,AI,47,No,3,2,Medium,No,0.064
1519,HR,5,AI,22,Yes,4,0,High,No,0.182
1520,Technical,2,AI,32,Yes,3,3,High,No,0.094
1521,Technical,4,Human,11,Yes,4,3,High,No,0.364
1522,Customer Support,5,Human,25,Yes,4,1,Medium,No,0.16
1523,Billing,1,AI,21,Yes,2,1,Low,No,0.095
1524,HR,3,Human,26,Yes,4,2,Medium,No,0.154
1525,Technical,2,Human,15,Yes,3,0,Medium,Yes,0.2
1526,HR,2,Human,39,Yes,5,0,Medium,No,0.128
1527,Customer Support,5,Human,32,Yes,3,1,High,No,0.094
1528,Billing,5,Human,37,Yes,2,2,High,No,0.054
1529,Technical,5,AI,14,Yes,3,2,High,No,0.214
1530,Billing,3,Human,32,Yes,4,3,Medium,No,0.125
1531,HR,4,AI,30,Yes,1,0,High,No,0.033
1532,Technical,2,Human,55,Yes,5,0,Low,No,0.091
1533,Technical,3,Human,40,Yes,1,3,Medium,No,0.025
1534,Customer Support,1,AI,54,Yes,5,3,High,No,0.093
1535,Technical,2,Human,35,Yes,1,2,Medium,No,0.029
1536,HR,5,AI,7,Yes,2,0,High,No,0.286
1537,Billing,4,AI,46,Yes,5,1,Low,No,0.109
1538,HR,5,AI,48,Yes,3,3,High,No,0.062
1539,Billing,3,Human,20,Yes,3,2,Low,No,0.15
1540,Customer Support,3,Human,48,Yes,4,1,Low,No,0.083
1541,Technical,2,Human,24,Yes,2,1,High,No,0.083
1542,Technical,5,Human,17,Yes,4,2,Medium,No,0.235
1543,Technical,2,Human,6,Yes,4,0,High,Yes,0.667
1544,Technical,2,Human,29,Yes,2,1,High,No,0.069
1545,Billing,3,Human,28,Yes,2,0,Low,No,0.071
1546,Billing,5,AI,8,No,5,1,High,No,0.625
1547,Technical,4,Human,31,Yes,2,1,High,No,0.065
1548,Customer Support,4,AI,20,Yes,3,1,High,No,0.15
1549,HR,5,Human,57,Yes,5,0,Medium,No,0.088
1550,HR,5,AI,34,Yes,5,3,Medium,No,0.147
1551,Billing,1,AI,32,Yes,1,3,Low,No,0.031
1552,Customer Support,2,Human,12,Yes,4,2,Medium,Yes,0.333
1553,Billing,5,AI,6,Yes,4,3,Medium,No,0.667
1554,HR,3,AI,5,Yes,4,3,Medium,No,0.8
1555,HR,5,AI,5,Yes,5,2,Low,No,1.0
1556,Billing,5,Human,41,Yes,2,2,Low,No,0.049
1557,Customer Support,2,AI,54,Yes,3,0,High,No,0.056
1558,Billing,1,AI,34,Yes,1,0,Medium,No,0.029
1559,Technical,1,Human,38,Yes,4,3,Low,No,0.105
1560,Customer Support,4,AI,50,No,3,0,Low,No,0.06
1561,Technical,1,Human,16,No,1,0,Medium,Yes,0.062
1562,HR,2,AI,45,Yes,2,3,High,No,0.044
1563,HR,3,Human,20,Yes,2,1,High,No,0.1
1564,Customer Support,4,Human,35,Yes,4,0,High,No,0.114
1565,Customer Support,3,AI,57,Yes,1,3,High,No,0.018
1566,HR,1,AI,50,Yes,1,3,High,No,0.02
1567,Technical,5,Human,43,Yes,5,1,High,No,0.116
1568,Billing,2,Human,36,Yes,5,1,Medium,No,0.139
1569,Technical,1,Human,40,Yes,2,3,Medium,No,0.05
1570,Technical,3,Human,11,No,3,2,High,No,0.273
1571,Billing,5,AI,27,Yes,1,1,Low,No,0.037
1572,HR,4,Human,30,No,4,1,Medium,No,0.133
1573,Customer Support,2,Human,25,Yes,2,0,Low,No,0.08
1574,Customer Support,4,Human,25,Yes,4,1,Low,No,0.16
1575,Technical,3,Human,21,Yes,2,0,High,No,0.095
1576,Customer Support,1,Human,40,Yes,4,0,High,No,0.1
1577,Billing,5,AI,19,Yes,2,0,Medium,No,0.105
1578,Customer Support,3,AI,52,Yes,1,3,Medium,No,0.019
1579,HR,1,Human,28,Yes,2,3,Medium,No,0.071
1580,Technical,5,Human,22,Yes,1,1,Low,No,0.045
1581,Billing,3,Human,11,Yes,5,0,Medium,No,0.455
1582,Customer Support,5,AI,16,No,3,0,Medium,No,0.188
1583,Billing,3,Human,60,No,2,1,Medium,No,0.033
1584,Customer Support,3,Human,32,Yes,3,1,Low,No,0.094
1585,Technical,3,AI,47,Yes,2,2,Low,No,0.043
1586,Billing,4,AI,58,Yes,2,1,Medium,No,0.034
1587,HR,5,AI,9,Yes,3,1,High,No,0.333
1588,Billing,3,AI,6,Yes,2,0,Medium,No,0.333
1589,HR,3,AI,38,Yes,3,3,Low,No,0.079
1590,Technical,1,Human,54,Yes,3,1,Medium,No,0.056
1591,HR,3,AI,19,Yes,4,3,Medium,No,0.211
1592,Customer Support,3,Human,23,No,3,2,Medium,No,0.13
1593,Customer Support,2,Human,51,Yes,4,1,High,No,0.078
1594,HR,1,AI,18,Yes,3,0,Medium,Yes,0.167
1595,Technical,5,AI,47,Yes,2,0,Medium,No,0.043
1596,Billing,3,Human,35,Yes,5,1,Low,No,0.143
1597,Customer Support,2,Human,7,Yes,5,0,Low,Yes,0.714
1598,Billing,3,AI,46,Yes,4,1,High,No,0.087
1599,Customer Support,5,AI,39,Yes,1,3,Low,No,0.026
1600,Technical,4,AI,36,Yes,5,0,High,No,0.139
1601,Customer Support,2,Human,28,Yes,4,2,High,No,0.143
1602,Technical,1,Human,48,Yes,2,0,Low,No,0.042
1603,Technical,2,AI,6,Yes,3,2,Low,Yes,0.5
1604,Customer Support,1,AI,7,Yes,3,1,Low,Yes,0.429
1605,Technical,2,AI,60,Yes,4,2,Medium,No,0.067
1606,Technical,5,AI,8,Yes,2,3,Low,No,0.25
1607,Billing,3,AI,34,Yes,1,3,Medium,No,0.029
1608,Customer Support,2,AI,22,Yes,4,0,Medium,No,0.182
1609,Technical,1,AI,39,Yes,2,0,Low,No,0.051
1610,Technical,5,AI,6,Yes,1,0,High,No,0.167
1611,HR,4,Human,32,Yes,2,2,High,No,0.062
1612,Customer Support,5,Human,26,Yes,1,3,High,No,0.038
1613,Customer Support,5,Human,52,Yes,2,3,Low,No,0.038
1614,Billing,2,AI,24,Yes,1,2,Medium,No,0.042
1615,HR,1,AI,10,Yes,2,2,Medium,Yes,0.2
1616,Technical,2,Human,34,Yes,1,1,Medium,No,0.029
1617,Technical,1,AI,23,Yes,3,3,Medium,No,0.13
1618,Customer Support,5,Human,35,Yes,3,1,Low,No,0.086
1619,Customer Support,5,AI,12,Yes,2,1,Low,No,0.167
1620,Technical,5,Human,6,Yes,4,1,High,No,0.667
1621,Billing,5,AI,28,Yes,4,3,High,No,0.143
1622,Customer Support,5,Human,49,Yes,1,2,Medium,No,0.02
1623,Billing,4,AI,49,Yes,4,1,Low,No,0.082
1624,Customer Support,5,Human,32,Yes,4,2,Medium,No,0.125
1625,Billing,3,AI,57,Yes,1,2,Medium,No,0.018
1626,HR,4,AI,6,Yes,4,0,Low,No,0.667
1627,Customer Support,2,AI,35,Yes,1,2,Low,No,0.029
1628,Customer Support,2,Human,5,No,1,3,High,Yes,0.2
1629,Technical,4,Human,36,Yes,2,3,Low,No,0.056
1630,Technical,4,Human,9,No,1,3,Low,No,0.111
1631,Customer Support,3,AI,21,Yes,1,3,Medium,No,0.048
1632,HR,4,Human,44,Yes,5,3,Low,No,0.114
1633,Customer Support,1,AI,22,Yes,2,2,Medium,No,0.091
1634,HR,1,AI,56,Yes,1,3,Low,No,0.018
1635,Technical,1,AI,42,Yes,5,0,Low,No,0.119
1636,Technical,4,Human,59,Yes,3,2,Low,No,0.051
1637,Billing,4,AI,53,Yes,1,0,Low,No,0.019
1638,Billing,1,AI,38,Yes,4,0,Low,No,0.105
1639,Billing,1,AI,49,Yes,2,1,Low,No,0.041
1640,Technical,2,AI,52,Yes,3,2,Low,No,0.058
1641,Technical,2,AI,56,No,2,3,High,No,0.036
1642,HR,1,AI,55,Yes,5,2,High,No,0.091
1643,HR,1,Human,28,Yes,2,1,High,No,0.071
1644,Customer Support,3,Human,13,Yes,2,3,High,No,0.154
1645,Customer Support,3,AI,24,Yes,2,0,High,No,0.083
1646,Technical,1,AI,22,Yes,1,1,Low,No,0.045
1647,Customer Support,4,Human,17,Yes,4,0,Low,No,0.235
1648,Technical,5,Human,16,No,3,0,High,No,0.188
1649,Technical,2,Human,29,Yes,5,3,High,No,0.172
1650,Technical,5,Human,59,Yes,4,2,Medium,No,0.068
1651,Billing,2,AI,11,Yes,2,0,Low,Yes,0.182
1652,Billing,3,AI,18,Yes,3,1,High,No,0.167
1653,HR,1,Human,42,Yes,3,3,Low,No,0.071
1654,HR,3,AI,60,Yes,3,0,Medium,No,0.05
1655,HR,3,AI,40,Yes,4,0,Low,No,0.1
1656,Customer Support,5,Human,33,Yes,2,0,High,No,0.061
1657,Customer Support,4,Human,13,Yes,1,1,High,No,0.077
1658,Technical,3,AI,47,Yes,4,1,Low,No,0.085
1659,Billing,3,AI,9,No,3,0,Low,No,0.333
1660,Customer Support,5,AI,46,Yes,1,1,Low,No,0.022
1661,Technical,1,Human,15,Yes,3,0,Low,Yes,0.2
1662,Technical,1,AI,38,Yes,2,2,High,No,0.053
1663,Customer Support,4,Human,50,Yes,1,2,Low,No,0.02
1664,HR,5,AI,25,Yes,5,0,Medium,No,0.2
1665,Billing,2,Human,12,Yes,2,1,Medium,Yes,0.167
1666,Technical,2,AI,29,No,5,1,High,No,0.172
1667,Technical,4,Human,12,Yes,5,1,Medium,No,0.417
1668,Billing,2,AI,23,Yes,1,3,Low,No,0.043
1669,Customer Support,5,AI,18,Yes,5,2,Medium,No,0.278
1670,Customer Support,3,AI,53,Yes,2,0,High,No,0.038
1671,Billing,3,Human,53,Yes,2,1,Low,No,0.038
1672,Technical,4,Human,14,Yes,2,3,Low,No,0.143
1673,Customer Support,2,AI,29,No,2,1,Low,No,0.069
1674,Customer Support,5,AI,32,Yes,5,3,Low,No,0.156
1675,Billing,1,AI,12,Yes,2,3,Medium,Yes,0.167
1676,Customer Support,2,Human,44,Yes,1,1,Medium,No,0.023
1677,Technical,1,Human,39,Yes,1,1,Low,No,0.026
1678,Customer Support,1,AI,23,Yes,4,3,Low,No,0.174
1679,Customer Support,5,AI,11,No,2,2,Medium,No,0.182
1680,Customer Support,4,AI,17,Yes,2,3,Medium,No,0.118
1681,Customer Support,1,AI,58,Yes,5,3,High,No,0.086
1682,Billing,5,AI,42,Yes,1,3,High,No,0.024
1683,Technical,1,Human,8,Yes,2,1,Low,Yes,0.25
1684,Technical,2,Human,6,Yes,1,0,Low,Yes,0.167
1685,Billing,1,AI,12,Yes,2,3,Low,Yes,0.167
1686,Technical,5,AI,26,Yes,5,2,High,No,0.192
1687,Customer Support,1,Human,59,Yes,4,3,High,No,0.068
1688,Customer Support,2,Human,15,Yes,5,3,Medium,Yes,0.333
1689,Customer Support,5,AI,50,No,4,2,Medium,No,0.08
1690,HR,2,Human,58,Yes,3,2,High,No,0.052
1691,Customer Support,1,Human,51,No,2,1,Low,No,0.039
1692,HR,1,Human,20,Yes,5,1,High,Yes,0.25
1693,Technical,1,Human,37,Yes,3,3,Medium,No,0.081
1694,Customer Support,5,Human,6,Yes,5,0,Low,No,0.833
1695,Customer Support,1,Human,46,No,3,3,Low,No,0.065
1696,Technical,4,Human,57,Yes,3,0,Medium,No,0.053
1697,Technical,5,AI,40,Yes,1,1,Low,No,0.025
1698,Technical,2,AI,36,Yes,5,0,Low,No,0.139
1699,Billing,5,Human,14,Yes,5,2,High,No,0.357
1700,Technical,2,AI,22,Yes,5,3,Medium,No,0.227
1701,Customer Support,3,Human,54,Yes,1,0,Medium,No,0.019
1702,Technical,5,Human,33,Yes,1,3,Low,No,0.03
1703,Billing,5,Human,49,Yes,1,1,High,No,0.02
1704,Technical,3,AI,21,Yes,1,3,Low,No,0.048
1705,HR,3,Human,17,No,2,1,Low,No,0.118
1706,Technical,2,Human,32,Yes,3,1,High,No,0.094
1707,Customer Support,4,AI,38,Yes,1,0,Low,No,0.026
1708,Billing,1,AI,20,Yes,4,1,Medium,Yes,0.2
1709,Customer Support,5,AI,43,Yes,5,0,Medium,No,0.116
1710,HR,1,AI,44,Yes,5,0,Medium,No,0.114
1711,HR,2,AI,28,Yes,5,1,Medium,No,0.179
1712,HR,5,Human,51,Yes,5,3,Low,No,0.098
1713,Technical,1,Human,45,Yes,5,1,High,No,0.111
1714,HR,2,Human,58,Yes,4,0,Low,No,0.069
1715,Billing,2,Human,19,Yes,3,0,Low,Yes,0.158
1716,HR,5,AI,33,Yes,3,1,Medium,No,0.091
1717,Billing,3,Human,33,Yes,2,1,High,No,0.061
1718,Customer Support,2,Human,45,Yes,2,0,Low,No,0.044
1719,HR,3,Human,11,Yes,1,3,Medium,No,0.091
1720,Customer Support,3,Human,19,Yes,4,3,Medium,No,0.211
1721,Billing,4,Human,27,Yes,2,3,High,No,0.074
1722,Technical,5,AI,31,Yes,5,0,High,No,0.161
1723,Technical,3,AI,12,Yes,1,1,High,No,0.083
1724,Billing,1,Human,39,Yes,4,2,High,No,0.103
1725,Customer Support,5,AI,32,Yes,3,0,High,No,0.094
1726,Billing,3,Human,7,Yes,1,2,Low,No,0.143
1727,HR,1,Human,34,Yes,1,2,Low,No,0.029
1728,HR,3,AI,31,Yes,2,3,High,No,0.065
1729,Customer Support,2,Human,58,Yes,4,1,Medium,No,0.069
1730,HR,5,AI,49,No,2,2,Medium,No,0.041
1731,Technical,3,AI,28,Yes,1,0,Low,No,0.036
1732,Customer Support,4,AI,44,Yes,5,2,Medium,No,0.114
1733,Customer Support,5,Human,15,Yes,2,1,High,No,0.133
1734,Technical,4,AI,52,No,5,2,Medium,No,0.096
1735,Billing,2,AI,28,Yes,5,3,High,No,0.179
1736,Technical,1,Human,22,Yes,5,1,Low,No,0.227
1737,Technical,4,AI,17,Yes,4,1,Low,No,0.235
1738,HR,1,AI,56,Yes,1,0,Low,No,0.018
1739,Billing,3,Human,10,Yes,2,2,High,No,0.2
1740,Technical,2,Human,45,Yes,1,0,Medium,No,0.022
1741,HR,3,Human,36,Yes,3,1,High,No,0.083
1742,Customer Support,2,AI,34,Yes,2,1,Low,No,0.059
1743,Billing,1,Human,15,No,1,0,Low,Yes,0.067
1744,Billing,2,AI,26,Yes,5,0,Low,No,0.192
1745,Billing,3,AI,8,Yes,1,3,Low,No,0.125
1746,Customer Support,1,Human,33,Yes,2,1,Medium,No,0.061
1747,HR,5,Human,45,Yes,1,0,High,No,0.022
1748,HR,2,AI,23,Yes,3,0,High,No,0.13
1749,Billing,5,AI,37,Yes,2,3,Medium,No,0.054
1750,Technical,5,Human,22,Yes,2,3,High,No,0.091
1751,Billing,2,Human,56,Yes,5,2,Medium,No,0.089
1752,Technical,4,Human,44,Yes,4,2,Medium,No,0.091
1753,Technical,3,AI,17,No,3,3,High,No,0.176
1754,Technical,5,AI,53,Yes,5,3,High,No,0.094
1755,HR,2,AI,52,Yes,2,0,Medium,No,0.038
1756,Billing,5,Human,49,Yes,3,1,Low,No,0.061
1757,Technical,5,AI,25,Yes,3,2,Low,No,0.12
1758,Technical,5,Human,16,Yes,2,3,Medium,No,0.125
1759,Billing,5,Human,54,Yes,4,3,Medium,No,0.074
1760,Customer Support,4,Human,19,Yes,4,0,Medium,No,0.211
1761,Customer Support,4,Human,45,Yes,3,1,Medium,No,0.067
1762,Customer Support,1,AI,42,Yes,2,2,High,No,0.048
1763,HR,5,AI,60,Yes,4,2,Low,No,0.067
1764,HR,5,Human,37,Yes,4,3,Low,No,0.108
1765,Customer Support,2,AI,54,Yes,1,3,Low,No,0.019
1766,Customer Support,3,AI,38,Yes,3,0,High,No,0.079
1767,Billing,4,AI,26,Yes,1,0,Medium,No,0.038
1768,HR,1,AI,45,No,2,0,Medium,No,0.044
1769,HR,1,Human,54,Yes,1,0,Medium,No,0.019
1770,HR,1,Human,30,Yes,4,3,High,No,0.133
1771,HR,2,Human,51,Yes,5,0,Medium,No,0.098
1772,Technical,5,Human,19,Yes,4,1,Low,No,0.211
1773,Customer Support,4,AI,9,No,3,1,High,No,0.333
1774,Technical,1,AI,13,Yes,3,1,High,Yes,0.231
1775,HR,1,Human,7,Yes,1,2,High,Yes,0.143
1776,Billing,3,AI,45,Yes,2,3,Medium,No,0.044
1777,HR,5,Human,48,Yes,5,0,Low,No,0.104
1778,HR,2,Human,15,Yes,1,3,Medium,Yes,0.067
1779,HR,4,AI,30,Yes,5,1,Low,No,0.167
1780,HR,4,Human,32,Yes,2,1,High,No,0.062
1781,Customer Support,3,AI,49,Yes,3,1,Low,No,0.061
1782,Billing,5,Human,44,Yes,3,1,Low,No,0.068
1783,Customer Support,5,AI,56,Yes,1,0,High,No,0.018
1784,HR,2,AI,37,No,2,1,High,No,0.054
1785,Technical,3,AI,58,Yes,1,3,Low,No,0.017
1786,Customer Support,1,AI,46,Yes,1,2,Low,No,0.022
1787,HR,4,AI,60,Yes,1,1,High,No,0.017
1788,Technical,2,Human,41,Yes,5,3,Low,No,0.122
1789,Billing,1,Human,47,Yes,4,3,Medium,No,0.085
1790,Technical,4,AI,17,Yes,4,3,High,No,0.235
1791,Customer Support,1,AI,18,Yes,4,0,High,Yes,0.222
1792,HR,4,Human,46,Yes,3,1,Medium,No,0.065
1793,Technical,4,Human,55,Yes,4,2,Low,No,0.073
1794,Technical,5,AI,44,Yes,4,2,Medium,No,0.091
1795,Customer Support,2,Human,14,Yes,4,0,High,Yes,0.286
1796,Billing,1,AI,20,Yes,4,0,High,Yes,0.2
1797,Technical,4,AI,55,Yes,4,0,High,No,0.073
1798,HR,1,AI,31,Yes,3,0,Medium,No,0.097
1799,Technical,1,AI,50,Yes,5,2,Medium,No,0.1
1800,HR,1,Human,5,No,5,2,Low,Yes,1.0
1801,Technical,3,Human,12,Yes,2,3,Low,No,0.167
1802,Technical,5,AI,21,Yes,5,0,Low,No,0.238
1803,HR,1,Human,40,Yes,3,2,Medium,No,0.075
1804,Customer Support,5,AI,37,Yes,3,0,High,No,0.081
1805,Billing,5,AI,12,Yes,2,0,Medium,No,0.167
1806,Customer Support,2,Human,13,Yes,2,3,Low,Yes,0.154
1807,HR,3,AI,55,Yes,1,1,High,No,0.018
1808,Customer Support,4,Human,7,Yes,1,3,Low,No,0.143
1809,Technical,4,AI,6,Yes,2,0,Medium,No,0.333
1810,Technical,4,Human,42,No,3,3,Low,No,0.071
1811,Billing,1,Human,42,Yes,2,1,Low,No,0.048
1812,Customer Support,5,Human,24,Yes,5,3,High,No,0.208
1813,Billing,3,Human,5,Yes,4,3,High,No,0.8
1814,HR,2,Human,55,Yes,5,2,Low,No,0.091
1815,Billing,2,Human,60,Yes,1,2,Medium,No,0.017
1816,Technical,1,Human,24,Yes,5,1,Low,No,0.208
1817,Customer Support,5,AI,9,Yes,2,3,Low,No,0.222
1818,HR,4,Human,13,No,4,1,Low,No,0.308
1819,Technical,5,AI,14,Yes,1,2,Low,No,0.071
1820,Technical,3,Human,58,Yes,3,0,Medium,No,0.052
1821,HR,3,AI,21,No,3,0,High,No,0.143
1822,HR,1,AI,44,Yes,5,3,Medium,No,0.114
1823,Billing,3,AI,18,Yes,5,0,High,No,0.278
1824,Customer Support,3,AI,57,Yes,1,0,Medium,No,0.018
1825,Customer Support,1,AI,13,Yes,1,0,Low,Yes,0.077
1826,Billing,4,Human,12,Yes,3,0,High,No,0.25
1827,Billing,2,Human,25,Yes,4,1,High,No,0.16
1828,Customer Support,1,Human,51,Yes,3,0,High,No,0.059
1829,Billing,3,Human,42,Yes,5,0,High,No,0.119
1830,Billing,3,AI,21,Yes,4,2,Low,No,0.19
1831,Technical,2,AI,17,Yes,3,2,Medium,Yes,0.176
1832,Billing,2,Human,6,Yes,2,2,Medium,Yes,0.333
1833,HR,1,Human,49,Yes,1,2,Medium,No,0.02
1834,Customer Support,3,AI,7,Yes,5,3,Medium,No,0.714
1835,Technical,4,Human,7,Yes,1,0,Low,No,0.143
1836,Technical,5,AI,25,Yes,4,0,High,No,0.16
1837,Billing,2,AI,39,Yes,2,2,Low,No,0.051
1838,Technical,1,AI,47,No,2,3,High,No,0.043
1839,Technical,2,Human,12,Yes,5,2,Low,Yes,0.417
1840,Billing,3,Human,25,Yes,4,1,Medium,No,0.16
1841,Technical,3,Human,17,Yes,2,1,Medium,No,0.118
1842,Billing,1,AI,9,Yes,4,2,Medium,Yes,0.444
1843,Billing,1,Human,31,Yes,4,2,Medium,No,0.129
1844,Technical,2,Human,19,Yes,4,3,Medium,Yes,0.211
1845,Billing,4,Human,34,Yes,3,0,Medium,No,0.088
1846,HR,3,AI,41,Yes,5,2,Medium,No,0.122
1847,Customer Support,2,Human,23,Yes,1,3,Low,No,0.043
1848,Billing,3,AI,41,Yes,5,3,High,No,0.122
1849,Customer Support,2,AI,14,Yes,5,2,High,Yes,0.357
1850,Technical,3,Human,15,Yes,1,2,High,No,0.067
1851,HR,2,Human,58,Yes,4,1,Medium,No,0.069
1852,Customer Support,4,Human,45,Yes,4,3,High,No,0.089
1853,Technical,2,AI,42,Yes,1,2,Medium,No,0.024
1854,Customer Support,1,Human,37,Yes,5,0,Medium,No,0.135
1855,HR,3,Human,55,Yes,5,3,Low,No,0.091
1856,Billing,4,AI,11,Yes,1,0,Low,No,0.091
1857,Customer Support,3,Human,23,Yes,4,2,High,No,0.174
1858,Customer Support,3,Human,33,Yes,3,1,Medium,No,0.091
1859,Technical,4,AI,53,Yes,4,3,Medium,No,0.075
1860,HR,5,Human,55,Yes,1,3,Low,No,0.018
1861,Technical,1,AI,32,Yes,5,3,High,No,0.156
1862,Customer Support,5,Human,48,Yes,1,2,Medium,No,0.021
1863,Customer Support,1,AI,55,No,2,1,High,No,0.036
1864,HR,1,AI,44,No,2,3,Medium,No,0.045
1865,Billing,2,AI,13,Yes,2,2,Medium,Yes,0.154
1866,Technical,4,AI,51,Yes,2,2,Medium,No,0.039
1867,Customer Support,3,AI,37,Yes,3,2,High,No,0.081
1868,Customer Support,4,Human,54,Yes,5,1,High,No,0.093
1869,Customer Support,3,AI,46,No,3,0,High,No,0.065
1870,HR,2,AI,39,Yes,3,2,High,No,0.077
1871,Customer Support,1,AI,59,Yes,3,0,Low,No,0.051
1872,Customer Support,5,Human,38,Yes,2,3,Low,No,0.053
1873,HR,1,Human,41,Yes,4,3,Low,No,0.098
1874,Billing,5,AI,7,Yes,4,1,Low,No,0.571
1875,Customer Support,1,AI,45,Yes,5,2,Medium,No,0.111
1876,HR,1,Human,14,No,1,1,Medium,Yes,0.071
1877,Customer Support,2,Human,48,No,5,0,Medium,No,0.104
1878,Technical,4,AI,60,Yes,5,2,Medium,No,0.083
1879,Technical,4,Human,28,No,1,1,High,No,0.036
1880,Technical,2,Human,47,Yes,5,1,Medium,No,0.106
1881,Customer Support,4,AI,32,Yes,3,1,High,No,0.094
1882,HR,5,Human,27,Yes,2,3,Low,No,0.074
1883,Customer Support,3,Human,25,Yes,4,3,High,No,0.16
1884,Customer Support,4,AI,8,Yes,4,3,Medium,No,0.5
1885,Customer Support,1,Human,47,No,3,0,Medium,No,0.064
1886,HR,4,Human,10,Yes,4,1,Medium,No,0.4
1887,Technical,4,AI,15,Yes,4,1,Low,No,0.267
1888,Technical,4,Human,57,Yes,5,0,High,No,0.088
1889,HR,4,AI,24,Yes,3,1,Low,No,0.125
1890,Customer Support,4,Human,16,Yes,1,0,Low,No,0.062
1891,Customer Support,5,AI,11,Yes,5,2,Medium,No,0.455
1892,Billing,3,Human,20,Yes,2,1,High,No,0.1
1893,Billing,3,AI,29,Yes,4,1,Low,No,0.138
1894,Technical,4,AI,13,Yes,3,3,High,No,0.231
1895,Customer Support,1,AI,50,Yes,2,3,Medium,No,0.04
1896,HR,1,AI,58,Yes,5,0,Medium,No,0.086
1897,HR,3,Human,26,No,2,1,Medium,No,0.077
1898,Billing,2,Human,55,Yes,4,1,Low,No,0.073
1899,Customer Support,5,AI,31,No,5,0,Low,No,0.161
1900,Technical,1,Human,57,Yes,2,0,Medium,No,0.035
1901,Billing,4,AI,17,Yes,1,3,High,No,0.059
1902,Customer Support,3,Human,41,Yes,2,3,Medium,No,0.049
1903,Customer Support,1,Human,28,Yes,4,1,Medium,No,0.143
1904,Customer Support,4,Human,45,Yes,3,3,High,No,0.067
1905,HR,3,Human,8,Yes,5,1,High,No,0.625
1906,Technical,2,AI,16,Yes,1,2,Medium,Yes,0.062
1907,Customer Support,4,Human,31,Yes,3,2,Medium,No,0.097
1908,Billing,5,Human,48,Yes,5,0,Medium,No,0.104
1909,HR,4,Human,56,Yes,5,0,High,No,0.089
1910,Technical,2,Human,23,Yes,1,3,Low,No,0.043
1911,Customer Support,1,Human,12,Yes,4,1,Medium,Yes,0.333
1912,HR,2,AI,11,Yes,1,0,Medium,Yes,0.091
1913,Technical,4,AI,39,Yes,4,3,Low,No,0.103
1914,Billing,5,AI,5,Yes,3,1,High,No,0.6
1915,Billing,2,AI,11,Yes,2,2,High,Yes,0.182
1916,Technical,1,AI,23,Yes,4,2,Medium,No,0.174
1917,HR,1,AI,19,Yes,3,1,High,Yes,0.158
1918,HR,4,Human,59,Yes,1,1,Medium,No,0.017
1919,HR,5,AI,34,Yes,2,1,High,No,0.059
1920,Customer Support,4,AI,43,Yes,2,0,High,No,0.047
1921,Technical,4,AI,35,Yes,1,3,Low,No,0.029
1922,HR,2,Human,43,Yes,2,1,Low,No,0.047
1923,HR,5,AI,56,Yes,4,3,High,No,0.071
1924,Technical,4,Human,55,Yes,2,0,High,No,0.036
1925,Billing,3,Human,33,Yes,4,1,Low,No,0.121
1926,Customer Support,5,AI,43,Yes,2,3,High,No,0.047
1927,Customer Support,3,AI,21,Yes,1,3,High,No,0.048
1928,Technical,1,AI,58,Yes,2,2,Low,No,0.034
1929,Technical,4,AI,29,Yes,4,0,Low,No,0.138
1930,HR,2,Human,39,Yes,4,0,Medium,No,0.103
1931,Billing,2,Human,19,Yes,4,0,Low,Yes,0.211
1932,Customer Support,2,Human,26,No,5,3,High,No,0.192
1933,HR,3,Human,33,Yes,1,3,Low,No,0.03
1934,Technical,1,AI,39,Yes,3,0,High,No,0.077
1935,Billing,2,Human,58,Yes,3,0,High,No,0.052
1936,HR,2,Human,36,Yes,3,3,Medium,No,0.083
1937,Customer Support,4,Human,40,Yes,4,2,Medium,No,0.1
1938,HR,3,Human,11,Yes,3,0,High,No,0.273
1939,Billing,1,Human,60,Yes,2,2,Medium,No,0.033
1940,Technical,2,AI,19,Yes,5,2,Medium,Yes,0.263
1941,Billing,5,Human,8,Yes,5,1,Low,No,0.625
1942,HR,2,Human,45,Yes,2,2,High,No,0.044
1943,Billing,4,AI,37,Yes,2,1,High,No,0.054
1944,Customer Support,5,AI,39,No,2,0,High,No,0.051
1945,Technical,1,Human,19,Yes,1,1,Low,Yes,0.053
1946,Customer Support,3,AI,48,Yes,5,2,Low,No,0.104
1947,Billing,3,Human,7,Yes,3,1,High,No,0.429
1948,Billing,5,AI,8,Yes,3,1,Medium,No,0.375
1949,Customer Support,5,Human,46,Yes,5,3,Medium,No,0.109
1950,Technical,4,AI,32,Yes,1,3,Low,No,0.031
1951,HR,5,AI,55,Yes,3,3,Medium,No,0.055
1952,Technical,1,Human,34,Yes,1,2,High,No,0.029
1953,Technical,3,AI,32,No,2,2,High,No,0.062
1954,Customer Support,1,AI,25,Yes,3,2,Medium,No,0.12
1955,Technical,1,AI,8,Yes,2,3,Medium,Yes,0.25
1956,HR,5,AI,26,Yes,3,2,Low,No,0.115
1957,Technical,4,AI,47,Yes,5,2,Medium,No,0.106
1958,HR,2,AI,28,Yes,5,0,Low,No,0.179
1959,Technical,4,AI,38,Yes,3,1,Low,No,0.079
1960,Billing,1,AI,7,Yes,2,2,Medium,Yes,0.286
1961,Billing,3,Human,20,Yes,1,1,Medium,No,0.05
1962,Billing,2,AI,16,Yes,3,0,High,Yes,0.188
1963,Billing,4,AI,11,Yes,2,3,Low,No,0.182
1964,Billing,1,Human,50,No,3,2,High,No,0.06
1965,HR,1,Human,14,Yes,5,0,High,Yes,0.357
1966,Technical,5,Human,49,Yes,3,1,Medium,No,0.061
1967,Customer Support,1,Human,50,Yes,4,0,Medium,No,0.08
1968,Customer Support,4,AI,5,Yes,2,3,Low,No,0.4
1969,Billing,4,AI,15,Yes,1,3,High,No,0.067
1970,Technical,5,Human,39,Yes,4,3,Low,No,0.103
1971,Billing,3,Human,10,Yes,2,0,Medium,No,0.2
1972,Technical,3,AI,5,Yes,5,3,Low,No,1.0
1973,Technical,3,Human,45,Yes,2,0,Medium,No,0.044
1974,Technical,2,AI,17,Yes,3,0,Medium,Yes,0.176
1975,Billing,4,AI,33,Yes,3,0,Low,No,0.091
1976,Billing,2,Human,48,Yes,5,3,High,No,0.104
1977,Billing,4,AI,45,Yes,2,0,Low,No,0.044
1978,Billing,3,Human,23,No,1,2,High,No,0.043
1979,Customer Support,4,AI,54,No,5,3,Low,No,0.093
1980,Technical,1,Human,46,Yes,3,1,Low,No,0.065
1981,HR,1,AI,13,Yes,5,3,High,Yes,0.385
1982,Billing,5,Human,44,Yes,4,0,High,No,0.091
1983,HR,1,AI,28,Yes,2,3,Medium,No,0.071
1984,Technical,2,AI,58,Yes,5,0,High,No,0.086
1985,Billing,1,AI,26,Yes,5,3,Low,No,0.192
1986,Technical,2,AI,43,Yes,5,0,High,No,0.116
1987,Billing,3,AI,58,No,4,0,Low,No,0.069
1988,HR,5,AI,35,Yes,5,3,Low,No,0.143
1989,Billing,5,Human,12,Yes,3,2,Low,No,0.25
1990,Billing,5,Human,7,Yes,3,3,Medium,No,0.429
1991,Billing,4,AI,34,Yes,4,3,High,No,0.118
1992,Customer Support,2,Human,44,No,5,3,Medium,No,0.114
1993,Technical,5,AI,59,Yes,4,1,Medium,No,0.068
1994,Customer Support,1,AI,18,Yes,1,3,Medium,Yes,0.056
1995,HR,2,AI,19,Yes,2,3,High,Yes,0.105
1996,Technical,1,AI,47,No,2,3,Medium,No,0.043
1997,HR,1,Human,42,Yes,1,0,Low,No,0.024
1998,Technical,3,Human,6,Yes,3,3,Medium,No,0.5
1999,HR,3,Human,37,Yes,1,1,High,No,0.027
2000,Billing,4,Human,13,Yes,5,3,High,No,0.385
2001,HR,4,AI,17,Yes,5,2,Medium,No,0.294
2002,HR,5,AI,27,Yes,5,3,High,No,0.185
2003,Billing,4,Human,15,Yes,5,3,Medium,No,0.333
2004,Billing,2,Human,27,Yes,2,3,Medium,No,0.074
2005,HR,3,Human,59,Yes,2,3,High,No,0.034
2006,Customer Support,3,AI,25,Yes,2,3,High,No,0.08
2007,Billing,3,AI,6,Yes,2,1,Low,No,0.333
2008,Billing,3,AI,8,Yes,2,2,Medium,No,0.25
2009,Technical,2,AI,8,Yes,5,2,High,Yes,0.625
2010,Technical,1,AI,43,Yes,4,1,High,No,0.093
2011,Customer Support,5,AI,5,Yes,2,1,Low,No,0.4
2012,HR,4,Human,25,Yes,2,2,Low,No,0.08
2013,Technical,5,Human,39,Yes,4,3,Low,No,0.103
2014,Customer Support,1,AI,25,No,3,3,Low,No,0.12
2015,Customer Support,1,AI,15,Yes,3,3,High,Yes,0.2
2016,Technical,1,AI,20,Yes,5,0,Low,Yes,0.25
2017,HR,5,AI,55,Yes,1,0,Medium,No,0.018
2018,Technical,5,Human,60,Yes,1,0,High,No,0.017
2019,Customer Support,1,AI,31,Yes,3,0,Medium,No,0.097
2020,HR,4,AI,30,Yes,5,2,Low,No,0.167
2021,HR,2,Human,29,Yes,1,1,Medium,No,0.034
2022,HR,4,AI,24,Yes,5,2,Medium,No,0.208
2023,Customer Support,5,AI,18,Yes,3,2,Low,No,0.167
2024,HR,2,AI,11,Yes,1,3,High,Yes,0.091
2025,Billing,5,Human,58,Yes,2,0,Low,No,0.034
2026,Billing,5,AI,30,Yes,4,2,Low,No,0.133
2027,Billing,4,Human,37,Yes,3,3,Medium,No,0.081
2028,HR,3,Human,44,Yes,3,1,Low,No,0.068
2029,Customer Support,5,AI,41,Yes,5,1,Medium,No,0.122
2030,Customer Support,4,AI,36,Yes,5,3,High,No,0.139
2031,Technical,4,AI,50,Yes,2,0,High,No,0.04
2032,HR,2,AI,25,Yes,4,3,Low,No,0.16
2033,Customer Support,1,AI,44,Yes,3,3,High,No,0.068
2034,HR,3,Human,40,No,2,2,Low,No,0.05
2035,Billing,2,Human,35,Yes,4,1,High,No,0.114
2036,Billing,1,Human,11,Yes,5,1,Low,Yes,0.455
2037,Technical,4,AI,46,Yes,4,2,Medium,No,0.087
2038,Billing,5,AI,42,No,3,1,High,No,0.071
2039,HR,2,Human,43,Yes,4,0,Medium,No,0.093
2040,HR,3,AI,39,Yes,4,1,High,No,0.103
2041,Billing,3,Human,34,Yes,5,2,Low,No,0.147
2042,Technical,2,AI,21,No,5,3,High,No,0.238
2043,Billing,1,Human,33,Yes,4,3,Low,No,0.121
2044,Billing,1,AI,7,Yes,2,2,Medium,Yes,0.286
2045,Customer Support,5,AI,55,Yes,5,0,High,No,0.091
2046,Technical,1,AI,34,Yes,4,0,Medium,No,0.118
2047,HR,2,Human,19,Yes,5,2,Low,Yes,0.263
2048,HR,3,Human,7,No,5,3,Low,No,0.714
2049,HR,1,AI,5,Yes,4,3,Low,Yes,0.8
2050,Customer Support,1,AI,55,Yes,1,2,Medium,No,0.018
2051,Technical,5,AI,13,Yes,5,0,Low,No,0.385
2052,Customer Support,3,Human,48,Yes,3,0,High,No,0.062
2053,Billing,3,Human,10,Yes,2,0,Medium,No,0.2
2054,HR,5,AI,39,No,3,1,High,No,0.077
2055,Customer Support,2,AI,50,No,1,2,High,No,0.02
2056,Billing,3,AI,27,Yes,1,3,Low,No,0.037
2057,Customer Support,1,AI,38,Yes,3,2,Medium,No,0.079
2058,Customer Support,3,Human,57,Yes,2,3,High,No,0.035
2059,Technical,3,AI,39,Yes,2,3,Low,No,0.051
2060,Customer Support,1,AI,37,Yes,1,1,Low,No,0.027
2061,Billing,5,AI,34,No,5,2,High,No,0.147
2062,Customer Support,5,AI,55,Yes,2,3,Low,No,0.036
2063,Customer Support,1,AI,18,Yes,3,3,Medium,Yes,0.167
2064,Customer Support,2,AI,50,Yes,1,1,Low,No,0.02
2065,HR,3,AI,17,No,1,2,Medium,No,0.059
2066,Billing,4,Human,41,Yes,3,0,Medium,No,0.073
2067,HR,1,AI,33,Yes,5,1,Medium,No,0.152
2068,Customer Support,1,AI,58,Yes,2,0,Low,No,0.034
2069,HR,1,Human,39,Yes,2,1,Medium,No,0.051
2070,Technical,5,AI,34,Yes,1,1,Medium,No,0.029
2071,Billing,3,Human,5,Yes,1,3,High,No,0.2
2072,Technical,3,Human,26,Yes,5,0,Low,No,0.192
2073,Billing,1,Human,7,Yes,4,1,High,Yes,0.571
2074,Billing,2,AI,37,No,2,1,Low,No,0.054
2075,Customer Support,1,Human,44,Yes,1,3,Low,No,0.023
2076,Customer Support,4,AI,8,Yes,3,3,Medium,No,0.375
2077,Billing,4,Human,7,Yes,1,1,Low,No,0.143
2078,Customer Support,5,Human,29,Yes,4,1,Medium,No,0.138
2079,Technical,5,Human,5,No,3,2,High,No,0.6
2080,Billing,1,Human,50,Yes,1,3,Medium,No,0.02
2081,Billing,5,Human,38,Yes,1,3,High,No,0.026
2082,Customer Support,2,AI,35,Yes,4,2,High,No,0.114
2083,Customer Support,2,Human,12,Yes,2,3,Low,Yes,0.167
2084,Customer Support,3,AI,51,Yes,4,3,Medium,No,0.078
2085,HR,3,Human,56,Yes,3,2,Medium,No,0.054
2086,HR,3,Human,40,Yes,3,3,Medium,No,0.075
2087,Customer Support,4,Human,30,Yes,5,3,High,No,0.167
2088,Technical,4,AI,5,Yes,4,1,Medium,No,0.8
2089,Billing,4,AI,42,Yes,5,1,Low,No,0.119
2090,Customer Support,3,AI,15,Yes,4,2,Low,No,0.267
2091,Technical,3,Human,32,No,4,1,Low,No,0.125
2092,Technical,3,AI,31,Yes,3,1,Medium,No,0.097
2093,Billing,2,AI,50,Yes,1,1,Low,No,0.02
2094,Customer Support,2,Human,16,Yes,3,0,High,Yes,0.188
2095,Customer Support,1,Human,38,Yes,2,2,High,No,0.053
2096,Customer Support,4,AI,33,Yes,2,2,Medium,No,0.061
2097,Customer Support,5,AI,40,Yes,5,3,Medium,No,0.125
2098,HR,1,Human,17,Yes,4,0,Low,Yes,0.235
2099,Technical,3,AI,42,No,5,0,Low,No,0.119
2100,Customer Support,5,AI,22,Yes,5,1,Low,No,0.227
2101,Customer Support,5,AI,36,Yes,4,2,Medium,No,0.111
2102,Billing,2,AI,38,Yes,4,0,High,No,0.105
2103,Technical,1,AI,46,Yes,4,2,Low,No,0.087
2104,Technical,3,Human,47,Yes,4,3,Medium,No,0.085
2105,HR,1,Human,32,Yes,5,2,Low,No,0.156
2106,Technical,3,Human,38,No,2,2,Low,No,0.053
2107,Billing,2,Human,19,No,2,1,Medium,Yes,0.105
2108,Billing,5,Human,56,Yes,1,3,High,No,0.018
2109,HR,2,Human,11,Yes,4,1,Low,Yes,0.364
2110,Customer Support,3,Human,56,Yes,5,3,Medium,No,0.089
2111,HR,1,AI,25,Yes,1,2,Low,No,0.04
2112,Technical,5,AI,16,Yes,2,3,Low,No,0.125
2113,Customer Support,3,AI,21,Yes,5,1,Low,No,0.238
2114,Technical,5,Human,30,Yes,1,3,Medium,No,0.033
2115,Customer Support,2,AI,53,No,2,3,Medium,No,0.038
2116,Technical,1,Human,49,Yes,2,1,Low,No,0.041
2117,Billing,1,AI,42,Yes,4,1,High,No,0.095
2118,Billing,4,AI,17,Yes,3,1,Medium,No,0.176
2119,Customer Support,3,Human,55,Yes,1,1,Low,No,0.018
2120,Billing,3,AI,9,No,5,2,Medium,No,0.556
2121,Customer Support,2,AI,11,Yes,4,2,Low,Yes,0.364
2122,Billing,5,Human,26,Yes,5,1,High,No,0.192
2123,Customer Support,5,AI,26,Yes,3,1,High,No,0.115
2124,Customer Support,2,AI,49,Yes,3,1,High,No,0.061
2125,Billing,2,AI,25,Yes,2,0,Low,No,0.08
2126,Billing,1,Human,56,Yes,1,3,High,No,0.018
2127,Customer Support,5,Human,26,Yes,2,0,Medium,No,0.077
2128,Billing,4,AI,39,Yes,1,0,Low,No,0.026
2129,Customer Support,5,AI,44,Yes,5,3,Medium,No,0.114
2130,Technical,4,AI,42,Yes,2,1,Low,No,0.048
2131,Billing,3,Human,38,No,2,3,Medium,No,0.053
2132,Technical,2,Human,38,Yes,1,3,Medium,No,0.026
2133,Technical,3,AI,13,Yes,1,0,High,No,0.077
2134,Billing,5,AI,14,Yes,2,1,Medium,No,0.143
2135,Customer Support,4,Human,47,No,1,2,Medium,No,0.021
2136,Billing,3,Human,32,Yes,2,0,Low,No,0.062
2137,Billing,3,Human,59,Yes,5,1,Low,No,0.085
2138,HR,2,AI,27,Yes,5,2,Medium,No,0.185
2139,Customer Support,3,Human,13,Yes,2,1,Low,No,0.154
2140,Customer Support,2,AI,41,Yes,1,3,Medium,No,0.024
2141,Technical,4,Human,24,Yes,3,0,High,No,0.125
2142,Customer Support,5,Human,25,Yes,1,1,High,No,0.04
2143,HR,3,Human,58,Yes,5,0,Low,No,0.086
2144,Technical,4,Human,12,Yes,1,1,Medium,No,0.083
2145,Customer Support,2,Human,8,Yes,1,3,Medium,Yes,0.125
2146,Billing,3,Human,6,Yes,5,1,High,No,0.833
2147,HR,1,AI,25,Yes,3,2,High,No,0.12
2148,Billing,5,AI,33,Yes,5,1,Medium,No,0.152
2149,Billing,3,AI,42,No,2,2,Low,No,0.048
2150,Billing,5,AI,56,Yes,2,2,High,No,0.036
2151,Billing,4,AI,32,Yes,3,1,Low,No,0.094
2152,Technical,1,AI,35,No,4,1,Low,No,0.114
2153,Technical,1,AI,21,Yes,1,2,Low,No,0.048
2154,HR,4,AI,36,Yes,3,0,Medium,No,0.083
2155,Billing,2,AI,31,No,1,3,Low,No,0.032
2156,Customer Support,4,AI,18,Yes,1,3,Low,No,0.056
2157,Billing,3,Human,40,Yes,5,0,Low,No,0.125
2158,Customer Support,4,Human,20,Yes,3,2,Low,No,0.15
2159,Customer Support,5,Human,7,Yes,5,1,Medium,No,0.714
2160,Customer Support,1,AI,56,Yes,4,0,Low,No,0.071
2161,HR,2,Human,8,Yes,1,0,High,Yes,0.125
2162,Billing,3,Human,40,Yes,1,3,Low,No,0.025
2163,Customer Support,2,Human,9,Yes,1,2,Low,Yes,0.111
2164,Technical,4,AI,59,Yes,3,3,High,No,0.051
2165,Technical,2,AI,10,No,5,1,High,Yes,0.5
2166,Customer Support,2,Human,44,Yes,1,0,Medium,No,0.023
2167,HR,4,AI,56,Yes,5,1,High,No,0.089
2168,Billing,1,Human,49,Yes,1,0,Medium,No,0.02
2169,HR,4,Human,15,Yes,4,3,Medium,No,0.267
2170,Technical,1,AI,58,Yes,3,2,Low,No,0.052
2171,Technical,3,Human,24,Yes,2,0,High,No,0.083
2172,Customer Support,3,AI,27,Yes,3,3,Medium,No,0.111
2173,Technical,1,Human,48,Yes,5,0,Medium,No,0.104
2174,Billing,4,AI,42,Yes,4,0,Medium,No,0.095
2175,Technical,4,AI,39,Yes,1,0,Low,No,0.026
2176,Billing,3,AI,49,Yes,4,0,Low,No,0.082
2177,Billing,2,AI,49,Yes,1,2,Medium,No,0.02
2178,Customer Support,3,Human,53,Yes,1,3,High,No,0.019
2179,Technical,5,AI,29,Yes,3,1,Low,No,0.103
2180,HR,3,Human,19,Yes,2,2,High,No,0.105
2181,Billing,2,AI,36,Yes,2,2,High,No,0.056
2182,Billing,4,AI,12,Yes,1,2,Medium,No,0.083
2183,Customer Support,5,AI,36,Yes,4,2,Low,No,0.111
2184,Technical,5,AI,56,Yes,2,0,High,No,0.036
2185,Billing,5,Human,38,Yes,4,3,Medium,No,0.105
2186,Technical,1,AI,22,Yes,1,1,Medium,No,0.045
2187,HR,4,AI,53,Yes,2,1,Medium,No,0.038
2188,Billing,1,AI,57,Yes,3,1,Medium,No,0.053
2189,HR,5,Human,42,No,4,0,High,No,0.095
2190,Customer Support,5,Human,33,Yes,3,0,High,No,0.091
2191,HR,5,Human,16,Yes,4,2,Low,No,0.25
2192,Technical,5,AI,51,Yes,2,1,High,No,0.039
2193,Technical,3,Human,39,Yes,4,3,Medium,No,0.103
2194,Customer Support,3,Human,8,Yes,5,0,Medium,No,0.625
2195,Billing,5,Human,37,Yes,5,0,Medium,No,0.135
2196,Customer Support,1,AI,51,Yes,4,3,Medium,No,0.078
2197,Customer Support,2,AI,47,Yes,1,3,Medium,No,0.021
2198,Technical,1,AI,8,Yes,1,1,High,Yes,0.125
2199,Billing,3,AI,44,Yes,3,0,Medium,No,0.068
2200,HR,2,AI,25,Yes,1,1,Low,No,0.04
2201,Technical,3,Human,21,Yes,3,1,Low,No,0.143
2202,Technical,5,Human,24,Yes,5,2,Medium,No,0.208
2203,HR,5,AI,15,Yes,3,2,Low,No,0.2
2204,Technical,4,AI,32,No,3,1,Medium,No,0.094
2205,Customer Support,4,AI,35,Yes,4,2,Medium,No,0.114
2206,Customer Support,2,Human,7,Yes,4,1,High,Yes,0.571
2207,Billing,5,Human,59,Yes,5,0,Low,No,0.085
2208,Technical,5,AI,36,Yes,5,0,Low,No,0.139
2209,HR,2,AI,6,Yes,3,0,Low,Yes,0.5
2210,HR,2,AI,38,Yes,1,3,Low,No,0.026
2211,Customer Support,3,AI,27,Yes,2,0,Low,No,0.074
2212,Billing,5,AI,56,Yes,2,0,Low,No,0.036
2213,Billing,4,AI,6,Yes,4,2,Medium,No,0.667
2214,HR,5,AI,15,No,2,1,High,No,0.133
2215,Technical,3,Human,34,Yes,3,3,High,No,0.088
2216,Customer Support,4,AI,42,Yes,4,0,Low,No,0.095
2217,Customer Support,2,AI,52,Yes,5,0,Medium,No,0.096
2218,HR,5,Human,52,Yes,1,1,Low,No,0.019
2219,Technical,1,Human,54,Yes,4,2,Low,No,0.074
2220,HR,4,Human,38,Yes,2,2,Medium,No,0.053
2221,HR,5,AI,15,Yes,1,3,Low,No,0.067
2222,HR,3,AI,23,No,1,2,Low,No,0.043
2223,Technical,3,AI,50,Yes,5,1,High,No,0.1
2224,Customer Support,2,Human,49,Yes,5,1,Medium,No,0.102
2225,Technical,2,AI,58,Yes,4,3,Low,No,0.069
2226,Billing,5,AI,53,Yes,4,0,High,No,0.075
2227,HR,5,Human,22,Yes,1,1,Low,No,0.045
2228,Billing,1,Human,52,Yes,5,2,Medium,No,0.096
2229,HR,4,Human,38,Yes,1,1,Medium,No,0.026
2230,HR,1,Human,20,Yes,3,1,High,Yes,0.15
2231,Customer Support,5,AI,34,Yes,3,2,Low,No,0.088
2232,Billing,5,AI,24,Yes,1,1,Medium,No,0.042
2233,Billing,3,AI,47,No,3,3,Low,No,0.064
2234,HR,1,AI,53,Yes,3,3,Low,No,0.057
2235,Billing,1,AI,48,Yes,3,1,Low,No,0.062
2236,Billing,1,AI,60,No,5,0,High,No,0.083
2237,Billing,2,Human,50,Yes,3,3,High,No,0.06
2238,Billing,2,Human,11,Yes,5,1,Medium,Yes,0.455
2239,HR,1,AI,60,Yes,2,2,High,No,0.033
2240,Billing,5,AI,58,Yes,5,3,Low,No,0.086
2241,Technical,1,AI,15,Yes,1,2,Low,Yes,0.067
2242,Billing,1,AI,29,Yes,2,0,Low,No,0.069
2243,HR,1,Human,59,Yes,2,3,High,No,0.034
2244,Technical,4,Human,43,Yes,1,1,Medium,No,0.023
2245,Technical,2,AI,19,Yes,1,1,Low,Yes,0.053
2246,Customer Support,4,Human,10,No,5,0,Medium,No,0.5
2247,Billing,4,Human,8,Yes,2,1,Medium,No,0.25
2248,Technical,2,Human,42,Yes,3,2,High,No,0.071
2249,Technical,5,AI,24,Yes,5,2,Low,No,0.208
2250,Technical,2,Human,32,Yes,4,0,Low,No,0.125
2251,HR,4,Human,45,Yes,3,3,Medium,No,0.067
2252,Billing,2,AI,32,Yes,5,0,Low,No,0.156
2253,Technical,3,Human,9,No,5,3,High,No,0.556
2254,Billing,4,Human,33,No,3,1,Medium,No,0.091
2255,Technical,4,Human,9,Yes,1,1,High,No,0.111
2256,Customer Support,2,AI,54,Yes,5,0,Low,No,0.093
2257,Billing,3,AI,57,Yes,2,2,Low,No,0.035
2258,HR,5,AI,26,Yes,2,1,Low,No,0.077
2259,Billing,3,Human,18,Yes,5,2,High,No,0.278
2260,Technical,3,Human,15,Yes,4,3,Low,No,0.267
2261,Billing,4,AI,36,Yes,2,3,Low,No,0.056
2262,Technical,5,AI,52,Yes,3,1,Medium,No,0.058
2263,Technical,1,AI,60,Yes,2,1,Low,No,0.033
2264,HR,1,AI,52,Yes,5,3,Low,No,0.096
2265,Technical,2,Human,44,Yes,2,0,Medium,No,0.045
2266,Customer Support,2,AI,37,Yes,5,0,High,No,0.135
2267,Customer Support,4,Human,8,Yes,1,3,Medium,No,0.125
2268,Technical,1,Human,42,No,1,2,High,No,0.024
2269,HR,4,Human,56,Yes,2,2,Medium,No,0.036
2270,HR,1,Human,16,Yes,3,3,High,Yes,0.188
2271,HR,5,Human,8,No,2,3,Low,No,0.25
2272,Customer Support,4,Human,18,Yes,1,3,Medium,No,0.056
2273,Customer Support,1,Human,53,Yes,2,0,High,No,0.038
2274,HR,4,Human,26,Yes,3,2,Medium,No,0.115
2275,Billing,2,Human,7,Yes,5,1,Low,Yes,0.714
2276,HR,2,AI,47,Yes,2,3,Medium,No,0.043
2277,Billing,4,AI,56,No,5,3,Low,No,0.089
2278,Customer Support,4,AI,54,No,2,3,High,No,0.037
2279,Billing,3,AI,44,No,2,0,Medium,No,0.045
2280,Billing,2,AI,24,Yes,1,3,Low,No,0.042
2281,Billing,4,AI,48,Yes,5,3,Medium,No,0.104
2282,Customer Support,1,Human,38,Yes,3,0,High,No,0.079
2283,Customer Support,3,Human,31,Yes,2,0,High,No,0.065
2284,Customer Support,1,AI,31,No,2,3,High,No,0.065
2285,Billing,3,Human,5,Yes,2,0,Low,No,0.4
2286,Technical,3,Human,53,Yes,1,1,Medium,No,0.019
2287,Customer Support,2,Human,12,Yes,5,0,Medium,Yes,0.417
2288,Customer Support,4,Human,22,Yes,5,1,Low,No,0.227
2289,Technical,5,AI,39,Yes,3,0,High,No,0.077
2290,Customer Support,2,Human,8,Yes,2,2,High,Yes,0.25
2291,Technical,3,Human,21,Yes,2,0,Medium,No,0.095
2292,HR,4,Human,55,Yes,1,0,High,No,0.018
2293,Customer Support,3,AI,29,Yes,3,2,Low,No,0.103
2294,Billing,4,AI,23,Yes,2,3,Low,No,0.087
2295,Billing,3,AI,39,Yes,5,0,High,No,0.128
2296,Billing,3,AI,26,Yes,1,3,Medium,No,0.038
2297,HR,2,AI,23,Yes,4,2,High,No,0.174
2298,Customer Support,3,Human,58,Yes,4,2,Low,No,0.069
2299,HR,2,AI,60,Yes,1,0,Low,No,0.017
2300,Billing,5,AI,54,Yes,1,2,High,No,0.019
2301,HR,4,Human,57,Yes,1,1,Medium,No,0.018
2302,Technical,5,Human,23,Yes,5,3,Low,No,0.217
2303,Technical,1,AI,55,Yes,3,1,Low,No,0.055
2304,HR,1,Human,31,Yes,2,0,Low,No,0.065
2305,Billing,3,AI,31,Yes,3,3,Medium,No,0.097
2306,Billing,2,AI,34,Yes,5,0,High,No,0.147
2307,Billing,5,Human,19,Yes,4,1,Medium,No,0.211
2308,Technical,4,AI,39,Yes,2,0,Low,No,0.051
2309,HR,1,Human,33,No,5,0,Medium,No,0.152
2310,HR,5,AI,15,Yes,2,3,Low,No,0.133
2311,HR,3,Human,5,No,4,3,High,No,0.8
2312,HR,5,AI,30,Yes,1,3,High,No,0.033
2313,Customer Support,3,Human,17,Yes,4,3,Medium,No,0.235
2314,Technical,4,AI,57,Yes,3,1,Medium,No,0.053
2315,Billing,5,Human,18,Yes,3,3,High,No,0.167
2316,Customer Support,1,Human,6,Yes,5,1,Medium,Yes,0.833
2317,Technical,1,AI,23,Yes,3,2,Low,No,0.13
2318,Billing,3,Human,41,Yes,1,1,Medium,No,0.024
2319,Technical,4,Human,32,Yes,3,2,Low,No,0.094
2320,Technical,1,AI,32,Yes,1,2,Low,No,0.031
2321,Billing,2,Human,21,Yes,3,2,High,No,0.143
2322,HR,4,Human,42,Yes,5,0,Low,No,0.119
2323,HR,2,AI,17,Yes,3,0,Low,Yes,0.176
2324,Technical,3,Human,52,Yes,1,0,Medium,No,0.019
2325,Technical,1,AI,7,Yes,1,1,High,Yes,0.143
2326,Customer Support,5,Human,50,Yes,4,0,High,No,0.08
2327,HR,1,AI,21,Yes,5,0,High,No,0.238
2328,HR,5,AI,21,Yes,1,3,High,No,0.048
2329,Billing,1,AI,20,Yes,2,1,Low,Yes,0.1
2330,Technical,1,Human,60,Yes,2,0,High,No,0.033
2331,Customer Support,5,AI,60,Yes,4,2,Low,No,0.067
2332,HR,4,Human,14,Yes,3,3,High,No,0.214
2333,Billing,5,Human,6,Yes,5,1,High,No,0.833
2334,Customer Support,5,AI,38,Yes,1,0,Medium,No,0.026
2335,Technical,2,AI,29,Yes,2,1,Medium,No,0.069
2336,Customer Support,3,AI,13,Yes,5,3,Medium,No,0.385
2337,HR,4,AI,17,Yes,2,1,Medium,No,0.118
2338,Customer Support,3,AI,19,Yes,2,1,High,No,0.105
2339,Billing,5,AI,5,Yes,2,0,Low,No,0.4
2340,Customer Support,5,AI,54,Yes,5,2,Low,No,0.093
2341,HR,5,AI,16,Yes,1,1,High,No,0.062
2342,Customer Support,2,Human,50,Yes,3,1,Medium,No,0.06
2343,Technical,4,Human,28,Yes,4,0,Low,No,0.143
2344,Technical,1,AI,19,Yes,4,0,Low,Yes,0.211
2345,HR,1,AI,50,No,1,0,Medium,No,0.02
2346,Billing,4,Human,46,Yes,1,0,Low,No,0.022
2347,Billing,1,AI,8,Yes,2,2,Low,Yes,0.25
2348,HR,2,Human,24,Yes,1,2,Low,No,0.042
2349,Customer Support,5,Human,42,Yes,3,1,Low,No,0.071
2350,Billing,1,AI,12,Yes,5,2,High,Yes,0.417
2351,Customer Support,4,AI,55,Yes,3,1,Low,No,0.055
2352,Customer Support,3,Human,42,Yes,4,3,Low,No,0.095
2353,HR,1,Human,53,Yes,5,3,Low,No,0.094
2354,Billing,2,Human,9,Yes,2,1,Medium,Yes,0.222
2355,Technical,5,Human,23,Yes,4,2,Medium,No,0.174
2356,Customer Support,2,AI,58,Yes,5,0,Medium,No,0.086
2357,HR,1,AI,17,Yes,1,3,Medium,Yes,0.059
2358,Technical,4,AI,38,Yes,5,1,Low,No,0.132
2359,Technical,1,Human,43,Yes,3,3,Medium,No,0.07
2360,Billing,1,AI,58,Yes,3,2,Low,No,0.052
2361,Billing,4,Human,21,Yes,2,1,Low,No,0.095
2362,Customer Support,5,AI,30,Yes,3,3,High,No,0.1
2363,HR,1,AI,45,Yes,4,2,Low,No,0.089
2364,Customer Support,5,Human,34,Yes,5,2,Medium,No,0.147
2365,Billing,2,AI,43,Yes,2,2,High,No,0.047
2366,Technical,4,Human,33,Yes,3,0,High,No,0.091
2367,HR,3,Human,41,Yes,2,1,High,No,0.049
2368,HR,1,Human,53,Yes,1,1,High,No,0.019
2369,HR,5,Human,31,Yes,1,0,High,No,0.032
2370,Billing,5,AI,54,Yes,5,1,High,No,0.093
2371,Technical,3,Human,13,Yes,2,1,High,No,0.154
2372,Billing,1,AI,60,Yes,4,0,Low,No,0.067
2373,Customer Support,3,Human,29,Yes,3,3,Medium,No,0.103
2374,HR,1,Human,56,Yes,3,2,High,No,0.054
2375,Billing,4,Human,31,No,2,3,High,No,0.065
2376,Billing,4,AI,44,Yes,5,2,Medium,No,0.114
2377,Technical,2,Human,20,No,3,1,Medium,Yes,0.15
2378,Billing,1,Human,33,Yes,4,1,Low,No,0.121
2379,Technical,5,AI,22,Yes,3,0,Low,No,0.136
2380,HR,5,Human,30,Yes,3,0,Medium,No,0.1
2381,Billing,3,AI,15,Yes,1,3,Medium,No,0.067
2382,Technical,3,Human,29,No,5,1,Medium,No,0.172
2383,Technical,3,AI,8,Yes,5,0,Low,No,0.625
2384,Billing,2,AI,8,Yes,3,1,High,Yes,0.375
2385,HR,5,Human,33,Yes,2,2,High,No,0.061
2386,Technical,1,Human,7,Yes,4,3,Low,Yes,0.571
2387,Billing,1,AI,40,Yes,2,2,High,No,0.05
2388,Technical,1,Human,30,Yes,3,1,Medium,No,0.1
2389,Customer Support,2,AI,22,Yes,2,2,Low,No,0.091
2390,HR,1,AI,43,Yes,5,0,Low,No,0.116
2391,Customer Support,5,AI,59,No,2,2,Low,No,0.034
2392,HR,4,AI,40,Yes,5,1,Medium,No,0.125
2393,Technical,1,Human,47,Yes,1,3,Medium,No,0.021
2394,Customer Support,5,Human,60,Yes,2,3,Low,No,0.033
2395,Billing,5,AI,51,Yes,1,1,Medium,No,0.02
2396,Billing,4,Human,54,Yes,1,2,Low,No,0.019
2397,Customer Support,2,Human,57,Yes,4,2,Low,No,0.07
2398,HR,4,AI,35,Yes,1,3,Medium,No,0.029
2399,Billing,5,Human,7,No,2,2,High,No,0.286
2400,Billing,4,Human,40,Yes,5,2,Medium,No,0.125
2401,Customer Support,3,Human,37,Yes,3,1,High,No,0.081
2402,Billing,5,AI,8,Yes,4,2,Medium,No,0.5
2403,HR,5,AI,6,Yes,3,2,High,No,0.5
2404,Billing,5,AI,54,Yes,4,2,Medium,No,0.074
2405,Technical,5,Human,6,Yes,5,2,Low,No,0.833
2406,Customer Support,2,AI,30,Yes,1,2,Medium,No,0.033
2407,Technical,4,AI,5,Yes,5,1,Medium,No,1.0
2408,Customer Support,5,AI,58,Yes,5,3,High,No,0.086
2409,HR,2,AI,7,Yes,5,0,Medium,Yes,0.714
2410,Customer Support,4,AI,49,No,5,2,Medium,No,0.102
2411,Technical,3,Human,17,Yes,4,2,High,No,0.235
2412,HR,4,Human,59,Yes,1,2,Medium,No,0.017
2413,Customer Support,5,Human,27,Yes,5,2,Low,No,0.185
2414,Customer Support,3,Human,38,Yes,5,0,Low,No,0.132
2415,Customer Support,1,Human,49,Yes,2,3,Medium,No,0.041
2416,Customer Support,4,AI,21,Yes,4,2,Medium,No,0.19
2417,Customer Support,3,Human,38,Yes,2,1,Low,No,0.053
2418,Customer Support,3,Human,22,Yes,3,2,Low,No,0.136
2419,Technical,1,AI,48,Yes,5,1,Low,No,0.104
2420,Technical,4,Human,8,Yes,4,1,High,No,0.5
2421,Billing,1,Human,41,Yes,5,2,High,No,0.122
2422,Billing,3,Human,34,Yes,2,1,High,No,0.059
2423,Technical,2,Human,45,No,4,0,High,No,0.089
2424,Customer Support,5,Human,57,Yes,1,2,Medium,No,0.018
2425,HR,3,AI,56,Yes,5,2,Medium,No,0.089
2426,HR,1,AI,60,Yes,5,0,High,No,0.083
2427,Technical,2,Human,56,Yes,2,1,Medium,No,0.036
2428,Billing,4,Human,57,Yes,5,0,Medium,No,0.088
2429,HR,2,Human,28,Yes,3,3,High,No,0.107
2430,Technical,4,Human,29,Yes,2,2,High,No,0.069
2431,Billing,2,Human,52,Yes,1,0,Medium,No,0.019
2432,Customer Support,2,Human,45,Yes,1,1,Low,No,0.022
2433,Technical,2,Human,42,Yes,2,0,Low,No,0.048
2434,Billing,4,Human,54,Yes,3,1,Medium,No,0.056
2435,Customer Support,4,AI,53,Yes,5,2,Medium,No,0.094
2436,Customer Support,2,Human,9,Yes,2,1,Low,Yes,0.222
2437,Technical,3,Human,58,No,3,3,Low,No,0.052
2438,HR,2,AI,32,Yes,2,2,High,No,0.062
2439,Technical,2,AI,11,Yes,1,0,High,Yes,0.091
2440,Customer Support,5,AI,12,Yes,5,2,Low,No,0.417
2441,Customer Support,1,Human,6,Yes,1,3,Medium,Yes,0.167
2442,HR,1,AI,18,Yes,1,2,Medium,Yes,0.056
2443,Technical,2,Human,60,Yes,3,2,Low,No,0.05
2444,HR,2,AI,59,Yes,2,2,Medium,No,0.034
2445,Technical,2,AI,55,Yes,2,3,Low,No,0.036
2446,HR,4,Human,52,Yes,1,0,Low,No,0.019
2447,HR,5,Human,11,No,4,1,Medium,No,0.364
2448,Technical,4,Human,42,Yes,2,0,Low,No,0.048
2449,HR,1,Human,12,Yes,3,3,High,Yes,0.25
2450,Technical,2,AI,53,Yes,4,2,High,No,0.075
2451,Customer Support,3,Human,13,Yes,1,3,Low,No,0.077
2452,Technical,4,AI,56,No,3,2,Medium,No,0.054
2453,HR,4,AI,36,Yes,4,1,High,No,0.111
2454,Billing,3,Human,38,Yes,5,2,Medium,No,0.132
2455,Customer Support,4,AI,24,Yes,1,3,Low,No,0.042
2456,Technical,5,Human,40,Yes,4,3,High,No,0.1
2457,Customer Support,5,Human,12,Yes,2,3,Low,No,0.167
2458,Technical,1,Human,28,Yes,4,3,Medium,No,0.143
2459,Technical,4,Human,17,Yes,5,3,Medium,No,0.294
2460,Billing,2,Human,9,Yes,2,2,Low,Yes,0.222
2461,Billing,4,AI,58,Yes,3,2,Medium,No,0.052
2462,Billing,1,AI,58,Yes,5,1,Medium,No,0.086
2463,HR,2,Human,41,Yes,5,3,Low,No,0.122
2464,Billing,1,AI,38,Yes,1,2,High,No,0.026
2465,Technical,4,AI,52,Yes,1,2,High,No,0.019
2466,Billing,4,Human,27,Yes,1,3,Low,No,0.037
2467,HR,4,AI,54,Yes,5,0,High,No,0.093
2468,Technical,2,Human,56,Yes,3,1,Medium,No,0.054
2469,Customer Support,2,AI,40,Yes,4,3,High,No,0.1
2470,Customer Support,2,AI,48,Yes,5,1,Low,No,0.104
2471,Billing,2,Human,21,Yes,3,0,Low,No,0.143
2472,HR,3,AI,18,Yes,4,0,Medium,No,0.222
2473,Customer Support,3,Human,28,Yes,3,1,Low,No,0.107
2474,Customer Support,2,AI,13,Yes,2,1,Low,Yes,0.154
2475,HR,4,AI,33,Yes,5,1,High,No,0.152
2476,HR,3,Human,19,Yes,4,3,High,No,0.211
2477,Billing,2,Human,14,Yes,4,0,Low,Yes,0.286
2478,HR,2,AI,17,Yes,3,1,Low,Yes,0.176
2479,Technical,1,Human,24,Yes,4,0,Low,No,0.167
2480,Customer Support,3,AI,60,Yes,4,1,High,No,0.067
2481,Customer Support,4,Human,39,Yes,1,2,Low,No,0.026
2482,Technical,2,Human,26,Yes,4,1,Medium,No,0.154
2483,HR,2,AI,8,Yes,3,1,High,Yes,0.375
2484,Customer Support,1,Human,35,Yes,5,3,Low,No,0.143
2485,Technical,4,AI,57,Yes,1,2,High,No,0.018
2486,Technical,1,Human,44,Yes,1,0,Medium,No,0.023
2487,Technical,3,AI,27,Yes,3,3,Medium,No,0.111
2488,HR,2,Human,16,Yes,5,2,Medium,Yes,0.312
2489,Customer Support,3,Human,16,Yes,4,1,High,No,0.25
2490,HR,2,AI,46,Yes,4,1,High,No,0.087
2491,HR,4,Human,46,No,1,3,High,No,0.022
2492,HR,4,Human,24,Yes,3,3,Low,No,0.125
2493,Billing,5,Human,36,Yes,5,3,Low,No,0.139
2494,Technical,5,AI,17,Yes,5,1,High,No,0.294
2495,Customer Support,3,AI,46,Yes,3,1,Medium,No,0.065
2496,HR,4,Human,60,Yes,4,0,Low,No,0.067
2497,Customer Support,4,AI,59,Yes,1,0,High,No,0.017
2498,Customer Support,4,Human,31,Yes,5,0,Medium,No,0.161
2499,Customer Support,2,AI,33,Yes,2,3,Medium,No,0.061
2500,Customer Support,2,Human,11,Yes,2,1,High,Yes,0.182
2501,HR,4,Human,45,Yes,5,2,High,No,0.111
2502,Technical,4,Human,54,Yes,3,0,High,No,0.056
2503,Technical,2,AI,5,Yes,1,3,Low,Yes,0.2
2504,Billing,4,Human,11,Yes,3,2,Medium,No,0.273
2505,Customer Support,2,Human,48,Yes,2,2,Low,No,0.042
2506,Billing,2,Human,39,Yes,2,1,High,No,0.051
2507,Customer Support,3,Human,21,Yes,3,2,High,No,0.143
2508,Customer Support,4,AI,40,Yes,2,1,Low,No,0.05
2509,Technical,1,Human,15,Yes,3,3,High,Yes,0.2
2510,Billing,2,AI,56,Yes,5,3,Low,No,0.089
2511,Technical,1,AI,57,Yes,1,1,Medium,No,0.018
2512,Customer Support,3,Human,38,Yes,5,2,Medium,No,0.132
2513,Technical,5,Human,11,Yes,1,3,Medium,No,0.091
2514,Customer Support,2,AI,5,Yes,2,0,High,Yes,0.4
2515,HR,5,AI,24,Yes,2,2,Low,No,0.083
2516,Customer Support,5,AI,35,Yes,2,0,Medium,No,0.057
2517,Customer Support,4,AI,57,Yes,5,1,Low,No,0.088
2518,Customer Support,2,AI,31,Yes,3,3,Low,No,0.097
2519,HR,4,Human,23,Yes,2,1,Medium,No,0.087
2520,HR,5,AI,20,Yes,4,2,Low,No,0.2
2521,Customer Support,1,Human,15,Yes,5,0,High,Yes,0.333
2522,HR,2,AI,11,Yes,5,2,Medium,Yes,0.455
2523,Billing,2,AI,57,Yes,1,3,Medium,No,0.018
2524,HR,4,Human,43,No,2,1,High,No,0.047
2525,Billing,3,AI,11,Yes,3,1,Low,No,0.273
2526,Billing,2,Human,33,Yes,4,0,Medium,No,0.121
2527,Technical,4,Human,53,Yes,1,1,Low,No,0.019
2528,HR,5,AI,46,Yes,2,2,High,No,0.043
2529,HR,2,Human,26,Yes,1,1,Low,No,0.038
2530,HR,3,AI,34,Yes,2,2,Low,No,0.059
2531,Customer Support,1,AI,9,Yes,5,1,Medium,Yes,0.556
2532,Billing,1,AI,32,Yes,1,0,Low,No,0.031
2533,HR,5,AI,11,No,1,0,Medium,No,0.091
2534,Billing,3,AI,8,Yes,1,3,Medium,No,0.125
2535,Customer Support,2,Human,44,Yes,1,1,Medium,No,0.023
2536,Customer Support,3,AI,5,Yes,4,0,Low,No,0.8
2537,HR,5,Human,7,Yes,3,3,High,No,0.429
2538,HR,5,AI,18,No,3,3,High,No,0.167
2539,Customer Support,3,AI,12,Yes,3,2,Low,No,0.25
2540,Billing,4,AI,37,Yes,4,2,Low,No,0.108
2541,Customer Support,5,AI,27,Yes,1,1,High,No,0.037
2542,Technical,3,AI,18,Yes,4,0,Low,No,0.222
2543,HR,4,AI,58,Yes,4,1,High,No,0.069
2544,HR,4,Human,23,Yes,5,0,Medium,No,0.217
2545,Technical,2,Human,36,Yes,1,3,Low,No,0.028
2546,Customer Support,2,Human,43,Yes,3,3,Medium,No,0.07
2547,HR,3,Human,40,Yes,4,2,Low,No,0.1
2548,Billing,4,AI,9,Yes,1,0,High,No,0.111
2549,Billing,5,Human,34,Yes,5,3,Medium,No,0.147
2550,HR,2,AI,25,Yes,2,0,Medium,No,0.08
2551,Customer Support,1,AI,17,No,2,3,High,Yes,0.118
2552,Billing,2,Human,13,Yes,2,3,Low,Yes,0.154
2553,HR,2,AI,58,Yes,1,3,High,No,0.017
2554,Billing,1,AI,34,Yes,1,3,Low,No,0.029
2555,HR,4,AI,45,Yes,3,1,High,No,0.067
2556,HR,2,AI,45,Yes,2,2,Low,No,0.044
2557,HR,5,Human,32,Yes,4,1,Medium,No,0.125
2558,Customer Support,5,Human,36,Yes,2,2,High,No,0.056
2559,HR,4,AI,56,Yes,4,2,Low,No,0.071
2560,Billing,4,Human,26,Yes,2,0,Medium,No,0.077
2561,Billing,2,Human,14,Yes,2,1,Low,Yes,0.143
2562,Customer Support,2,Human,52,No,4,0,High,No,0.077
2563,Customer Support,1,Human,8,No,1,3,Medium,Yes,0.125
2564,Technical,4,Human,31,Yes,5,3,Low,No,0.161
2565,Customer Support,4,AI,57,Yes,1,0,Medium,No,0.018
2566,Technical,3,Human,14,Yes,2,2,Low,No,0.143
2567,Customer Support,5,AI,48,Yes,5,0,High,No,0.104
2568,Technical,1,Human,47,Yes,5,0,Medium,No,0.106
2569,Customer Support,5,Human,12,Yes,4,0,Low,No,0.333
2570,Customer Support,5,Human,17,Yes,1,0,High,No,0.059
2571,Billing,3,AI,39,Yes,4,1,High,No,0.103
2572,Customer Support,5,AI,26,Yes,5,0,Medium,No,0.192
2573,Technical,3,Human,57,No,2,0,Low,No,0.035
2574,Technical,2,AI,29,Yes,1,1,Medium,No,0.034
2575,Customer Support,2,AI,25,Yes,1,1,Medium,No,0.04
2576,Technical,1,Human,17,No,3,2,Low,Yes,0.176
2577,Billing,3,Human,28,Yes,5,3,High,No,0.179
2578,HR,1,Human,34,Yes,2,0,Low,No,0.059
2579,Technical,2,Human,13,Yes,3,1,Medium,Yes,0.231
2580,Technical,2,AI,11,Yes,4,2,High,Yes,0.364
2581,Technical,4,Human,55,Yes,2,3,High,No,0.036
2582,Customer Support,3,Human,53,Yes,2,3,Low,No,0.038
2583,Customer Support,4,AI,60,Yes,3,0,High,No,0.05
2584,Customer Support,5,Human,22,No,4,2,Medium,No,0.182
2585,Billing,4,Human,47,Yes,5,1,Low,No,0.106
2586,HR,4,Human,43,Yes,2,1,High,No,0.047
2587,Billing,4,AI,9,Yes,5,2,Low,No,0.556
2588,HR,4,AI,20,Yes,2,1,Medium,No,0.1
2589,Technical,5,Human,57,Yes,1,1,Medium,No,0.018
2590,Billing,1,Human,6,Yes,4,1,High,Yes,0.667
2591,Customer Support,5,Human,15,Yes,4,1,Medium,No,0.267
2592,Technical,2,Human,17,Yes,3,3,Medium,Yes,0.176
2593,Billing,1,Human,60,Yes,3,2,Medium,No,0.05
2594,Billing,5,Human,29,Yes,4,3,Low,No,0.138
2595,Billing,2,AI,38,Yes,4,2,Medium,No,0.105
2596,Technical,5,AI,7,Yes,1,1,Low,No,0.143
2597,Customer Support,3,AI,17,Yes,5,0,Medium,No,0.294
2598,Technical,3,Human,5,No,4,0,Medium,No,0.8
2599,HR,2,Human,16,Yes,2,0,Low,Yes,0.125
2600,HR,3,Human,24,Yes,3,1,Medium,No,0.125
2601,Customer Support,1,AI,12,Yes,2,1,High,Yes,0.167
2602,Customer Support,3,Human,35,Yes,2,3,Low,No,0.057
2603,Customer Support,4,Human,56,Yes,5,0,High,No,0.089
2604,Billing,5,Human,52,Yes,5,0,Medium,No,0.096
2605,Billing,4,Human,34,Yes,3,1,Medium,No,0.088
2606,HR,2,AI,18,Yes,2,0,Low,Yes,0.111
2607,Billing,4,Human,15,No,2,3,Medium,No,0.133
2608,Billing,1,Human,26,Yes,3,0,Low,No,0.115
2609,Customer Support,2,Human,28,Yes,2,3,Low,No,0.071
2610,Customer Support,2,AI,57,Yes,1,3,Low,No,0.018
2611,HR,4,Human,29,Yes,3,1,Low,No,0.103
2612,Billing,1,Human,44,Yes,2,1,Low,No,0.045
2613,Customer Support,4,Human,31,Yes,1,2,Low,No,0.032
2614,Technical,3,Human,46,Yes,2,3,High,No,0.043
2615,Billing,5,AI,34,Yes,4,1,High,No,0.118
2616,Customer Support,5,AI,28,Yes,2,3,Medium,No,0.071
2617,Billing,1,AI,34,Yes,1,2,Low,No,0.029
2618,Billing,3,Human,50,Yes,4,0,High,No,0.08
2619,Technical,2,AI,37,Yes,5,2,High,No,0.135
2620,Billing,5,Human,51,Yes,1,0,Low,No,0.02
2621,Technical,3,AI,14,Yes,5,1,High,No,0.357
2622,Billing,2,AI,22,Yes,5,2,Medium,No,0.227
2623,Technical,5,AI,38,No,4,3,Medium,No,0.105
2624,Customer Support,1,AI,29,Yes,1,2,Low,No,0.034
2625,Customer Support,4,Human,45,Yes,3,2,Low,No,0.067
2626,Customer Support,1,AI,60,Yes,5,2,High,No,0.083
2627,HR,2,AI,10,Yes,2,3,Medium,Yes,0.2
2628,Customer Support,1,Human,17,Yes,5,3,High,Yes,0.294
2629,Billing,2,Human,58,Yes,3,3,High,No,0.052
2630,HR,1,Human,37,Yes,2,1,Low,No,0.054
2631,Billing,2,Human,50,Yes,2,3,Low,No,0.04
2632,HR,3,Human,40,Yes,4,3,Medium,No,0.1
2633,HR,4,Human,22,Yes,3,1,Medium,No,0.136
2634,Billing,5,Human,48,Yes,1,2,Medium,No,0.021
2635,Technical,4,Human,9,Yes,4,0,Medium,No,0.444
2636,HR,2,Human,59,No,5,1,Low,No,0.085
2637,Billing,4,Human,51,Yes,1,0,Medium,No,0.02
2638,HR,1,Human,35,Yes,3,3,Low,No,0.086
2639,Customer Support,3,AI,47,Yes,5,0,Low,No,0.106
2640,Technical,4,Human,54,Yes,5,0,High,No,0.093
2641,Billing,3,Human,30,Yes,2,1,High,No,0.067
2642,HR,1,Human,44,Yes,2,2,Low,No,0.045
2643,HR,3,AI,46,Yes,5,2,High,No,0.109
2644,Technical,2,AI,19,Yes,4,1,Low,Yes,0.211
2645,Technical,4,AI,39,Yes,2,2,Low,No,0.051
2646,Technical,1,AI,14,Yes,4,2,High,Yes,0.286
2647,Customer Support,5,AI,37,Yes,1,3,Medium,No,0.027
2648,Customer Support,3,Human,46,Yes,3,1,Low,No,0.065
2649,Customer Support,5,AI,20,Yes,4,1,Medium,No,0.2
2650,Billing,2,AI,47,Yes,1,3,Medium,No,0.021
2651,HR,5,AI,7,Yes,4,0,High,No,0.571
2652,Technical,1,Human,21,Yes,2,2,High,No,0.095
2653,Customer Support,4,Human,8,Yes,5,1,Low,No,0.625
2654,HR,4,Human,9,Yes,2,1,Medium,No,0.222
2655,Billing,4,Human,44,Yes,1,0,Low,No,0.023
2656,Customer Support,4,AI,23,Yes,5,1,High,No,0.217
2657,Customer Support,2,AI,43,Yes,5,1,Medium,No,0.116
2658,HR,2,AI,18,Yes,3,1,Low,Yes,0.167
2659,Technical,2,Human,55,Yes,4,0,High,No,0.073
2660,Technical,1,AI,6,Yes,2,3,Medium,Yes,0.333
2661,Customer Support,5,AI,25,Yes,5,0,Low,No,0.2
2662,Technical,3,Human,8,Yes,2,2,Medium,No,0.25
2663,Technical,2,Human,22,Yes,2,1,High,No,0.091
2664,Technical,5,Human,6,Yes,4,0,Medium,No,0.667
2665,Billing,1,AI,12,Yes,2,0,Medium,Yes,0.167
2666,Technical,3,Human,42,Yes,3,1,High,No,0.071
2667,HR,2,Human,37,Yes,1,0,Medium,No,0.027
2668,Technical,2,Human,54,Yes,1,2,Medium,No,0.019
2669,Billing,3,Human,7,Yes,5,0,Low,No,0.714
2670,Technical,5,Human,56,No,3,0,Low,No,0.054
2671,HR,4,Human,30,Yes,2,3,Medium,No,0.067
2672,Customer Support,5,AI,32,Yes,1,0,Medium,No,0.031
2673,Customer Support,3,Human,15,Yes,3,0,High,No,0.2
2674,Customer Support,4,AI,48,Yes,2,2,Low,No,0.042
2675,Technical,4,Human,12,Yes,5,1,High,No,0.417
2676,Technical,2,AI,28,Yes,1,0,Medium,No,0.036
2677,Technical,2,AI,27,Yes,1,3,High,No,0.037
2678,Billing,5,AI,59,Yes,5,2,High,No,0.085
2679,Technical,5,AI,49,Yes,5,1,Medium,No,0.102
2680,HR,3,AI,19,Yes,2,2,High,No,0.105
2681,Billing,4,AI,53,No,3,2,High,No,0.057
2682,Customer Support,2,Human,27,Yes,1,3,Low,No,0.037
2683,HR,1,Human,27,Yes,1,3,Low,No,0.037
2684,Technical,1,Human,58,Yes,1,0,High,No,0.017
2685,HR,1,AI,52,Yes,3,3,High,No,0.058
2686,Customer Support,1,Human,35,Yes,5,3,High,No,0.143
2687,Billing,3,AI,28,Yes,1,2,High,No,0.036
2688,Customer Support,2,AI,9,Yes,1,0,Medium,Yes,0.111
2689,HR,4,AI,41,Yes,3,1,Medium,No,0.073
2690,Technical,1,Human,53,Yes,1,0,Medium,No,0.019
2691,Customer Support,4,AI,33,Yes,5,2,Low,No,0.152
2692,Technical,5,Human,57,Yes,2,0,Low,No,0.035
2693,HR,1,AI,59,Yes,2,2,Low,No,0.034
2694,Technical,5,AI,23,Yes,3,1,Medium,No,0.13
2695,Billing,2,Human,57,Yes,3,3,High,No,0.053
2696,Customer Support,2,AI,55,Yes,4,1,Medium,No,0.073
2697,Technical,1,AI,44,Yes,3,3,Medium,No,0.068
2698,Customer Support,3,AI,28,Yes,3,3,Low,No,0.107
2699,Billing,1,AI,31,Yes,3,0,High,No,0.097
2700,Billing,5,Human,10,Yes,4,3,Low,No,0.4
2701,HR,2,Human,60,Yes,3,3,Medium,No,0.05
2702,HR,3,AI,37,Yes,1,3,Medium,No,0.027
2703,Technical,5,AI,9,Yes,3,1,Low,No,0.333
2704,Technical,5,AI,60,Yes,3,1,High,No,0.05
2705,HR,5,AI,35,Yes,2,2,Low,No,0.057
2706,Billing,2,AI,34,Yes,3,2,Medium,No,0.088
2707,Technical,5,AI,24,Yes,4,1,Medium,No,0.167
2708,Technical,4,Human,54,Yes,3,0,Low,No,0.056
2709,Customer Support,1,AI,32,Yes,5,3,Low,No,0.156
2710,HR,4,Human,37,Yes,3,1,Medium,No,0.081
2711,Customer Support,1,AI,14,Yes,4,2,Medium,Yes,0.286
2712,Technical,4,Human,37,Yes,5,0,Low,No,0.135
2713,Technical,1,Human,59,No,3,2,Medium,No,0.051
2714,HR,5,AI,16,Yes,3,1,Medium,No,0.188
2715,Billing,3,Human,21,Yes,4,0,High,No,0.19
2716,Technical,4,AI,37,Yes,2,1,Low,No,0.054
2717,Billing,3,Human,50,Yes,3,2,Medium,No,0.06
2718,Customer Support,1,AI,49,No,5,3,Low,No,0.102
2719,Technical,1,AI,32,Yes,2,1,High,No,0.062
2720,Technical,3,Human,14,Yes,2,3,Low,No,0.143
2721,HR,4,AI,9,Yes,5,3,Medium,No,0.556
2722,Technical,1,AI,27,Yes,3,3,Medium,No,0.111
2723,HR,4,Human,10,Yes,1,0,Medium,No,0.1
2724,Customer Support,4,Human,39,Yes,4,2,Medium,No,0.103
2725,Technical,5,Human,19,Yes,2,3,Low,No,0.105
2726,HR,1,AI,35,Yes,5,3,High,No,0.143
2727,Customer Support,3,Human,21,Yes,2,0,High,No,0.095
2728,Billing,3,AI,21,Yes,4,0,Medium,No,0.19
2729,Technical,2,Human,34,Yes,2,2,Medium,No,0.059
2730,Billing,4,Human,41,Yes,2,2,Low,No,0.049
2731,Customer Support,1,Human,59,Yes,5,2,Low,No,0.085
2732,Technical,3,AI,5,Yes,5,0,Medium,No,1.0
2733,Technical,2,Human,51,Yes,5,0,High,No,0.098
2734,HR,4,Human,57,Yes,1,1,High,No,0.018
2735,HR,4,AI,32,Yes,4,3,Low,No,0.125
2736,Billing,2,Human,34,Yes,4,1,Medium,No,0.118
2737,Customer Support,1,AI,51,Yes,3,3,High,No,0.059
2738,Customer Support,1,Human,43,Yes,3,1,Medium,No,0.07
2739,Customer Support,3,Human,32,Yes,3,0,High,No,0.094
2740,Technical,5,Human,43,Yes,2,1,High,No,0.047
2741,Technical,5,Human,30,No,3,2,Medium,No,0.1
2742,Billing,3,Human,21,Yes,3,2,Medium,No,0.143
2743,Billing,4,Human,24,Yes,3,1,High,No,0.125
2744,HR,1,Human,21,Yes,1,3,High,No,0.048
2745,HR,5,AI,57,Yes,4,2,Low,No,0.07
2746,HR,2,AI,5,Yes,5,3,High,Yes,1.0
2747,Customer Support,4,Human,50,Yes,4,1,High,No,0.08
2748,Technical,3,Human,18,Yes,3,3,High,No,0.167
2749,Billing,3,Human,49,Yes,5,0,Medium,No,0.102
2750,Billing,2,AI,20,Yes,5,3,High,Yes,0.25
2751,Billing,4,Human,33,Yes,3,1,High,No,0.091
2752,HR,5,Human,22,Yes,2,2,Low,No,0.091
2753,HR,1,Human,18,Yes,3,2,Low,Yes,0.167
2754,Technical,1,Human,17,Yes,5,1,Medium,Yes,0.294
2755,Customer Support,3,Human,42,Yes,1,0,High,No,0.024
2756,Billing,3,AI,23,Yes,1,2,Medium,No,0.043
2757,Technical,3,AI,36,Yes,3,3,Low,No,0.083
2758,HR,4,Human,24,Yes,5,0,Low,No,0.208
2759,HR,5,AI,21,Yes,5,0,Medium,No,0.238
2760,Billing,2,Human,54,Yes,1,0,Low,No,0.019
2761,HR,2,Human,27,Yes,3,0,High,No,0.111
2762,Billing,1,AI,28,Yes,5,3,High,No,0.179
2763,HR,2,AI,43,Yes,5,1,Medium,No,0.116
2764,Billing,3,AI,48,Yes,1,1,High,No,0.021
2765,HR,4,AI,27,Yes,3,1,Medium,No,0.111
2766,HR,3,AI,24,Yes,3,2,High,No,0.125
2767,Billing,5,Human,39,Yes,4,1,High,No,0.103
2768,HR,4,Human,48,Yes,4,0,Low,No,0.083
2769,Billing,1,AI,59,Yes,2,0,Low,No,0.034
2770,Technical,5,AI,52,Yes,2,3,High,No,0.038
2771,HR,5,AI,51,Yes,2,1,Low,No,0.039
2772,HR,2,AI,56,Yes,3,2,Medium,No,0.054
2773,Billing,1,AI,54,Yes,3,2,High,No,0.056
2774,Billing,2,AI,43,Yes,4,1,Low,No,0.093
2775,Technical,1,Human,37,Yes,3,0,High,No,0.081
2776,Customer Support,4,Human,44,Yes,3,2,Low,No,0.068
2777,Technical,1,Human,17,Yes,2,3,High,Yes,0.118
2778,Customer Support,2,AI,20,Yes,2,1,Low,Yes,0.1
2779,HR,3,Human,11,Yes,4,0,Low,No,0.364
2780,HR,4,Human,43,No,5,3,Low,No,0.116
2781,Technical,5,Human,57,Yes,2,0,Low,No,0.035
2782,Billing,2,Human,27,Yes,2,1,High,No,0.074
2783,Technical,3,Human,7,Yes,2,1,Low,No,0.286
2784,Billing,4,Human,26,Yes,5,3,Low,No,0.192
2785,Customer Support,1,AI,57,Yes,1,0,Medium,No,0.018
2786,Customer Support,2,AI,55,Yes,1,1,High,No,0.018
2787,Billing,1,Human,28,Yes,1,0,Medium,No,0.036
2788,HR,2,AI,33,Yes,3,0,High,No,0.091
2789,Technical,3,AI,35,Yes,2,3,Medium,No,0.057
2790,Technical,4,AI,38,Yes,5,0,High,No,0.132
2791,Technical,3,Human,55,Yes,4,0,High,No,0.073
2792,HR,3,AI,59,Yes,1,2,High,No,0.017
2793,HR,4,Human,24,Yes,1,1,Low,No,0.042
2794,Technical,2,Human,48,Yes,3,0,High,No,0.062
2795,Technical,2,Human,51,Yes,4,3,Medium,No,0.078
2796,Technical,4,Human,51,Yes,1,3,High,No,0.02
2797,HR,2,Human,56,Yes,1,0,High,No,0.018
2798,Billing,3,AI,19,Yes,4,3,High,No,0.211
2799,HR,2,AI,60,Yes,5,2,Medium,No,0.083
2800,Customer Support,1,AI,41,Yes,5,2,High,No,0.122
2801,Technical,4,AI,9,Yes,3,3,Medium,No,0.333
2802,Billing,5,AI,16,Yes,4,2,Low,No,0.25
2803,Technical,5,AI,32,Yes,5,1,Low,No,0.156
2804,Customer Support,5,Human,52,Yes,3,0,Medium,No,0.058
2805,HR,1,Human,21,Yes,3,1,Low,No,0.143
2806,Billing,4,AI,49,Yes,5,0,Medium,No,0.102
2807,Technical,1,Human,45,Yes,5,2,Low,No,0.111
2808,Customer Support,4,Human,12,Yes,2,2,High,No,0.167
2809,Technical,4,AI,54,Yes,2,0,Low,No,0.037
2810,Technical,4,AI,17,Yes,1,0,Medium,No,0.059
2811,Customer Support,4,Human,41,Yes,4,2,Low,No,0.098
2812,HR,2,Human,13,Yes,5,3,Medium,Yes,0.385
2813,Billing,5,AI,23,Yes,1,1,Low,No,0.043
2814,Technical,1,Human,18,Yes,3,1,High,Yes,0.167
2815,Billing,5,AI,13,Yes,1,1,Low,No,0.077
2816,Customer Support,4,AI,31,Yes,4,0,Medium,No,0.129
2817,Customer Support,1,AI,47,Yes,1,0,Low,No,0.021
2818,HR,1,Human,60,Yes,3,0,High,No,0.05
2819,Billing,3,Human,6,Yes,5,0,Medium,No,0.833
2820,Technical,5,Human,8,Yes,1,0,Medium,No,0.125
2821,Technical,4,AI,26,Yes,5,0,Low,No,0.192
2822,Customer Support,2,AI,24,Yes,4,0,High,No,0.167
2823,Billing,2,Human,45,Yes,2,0,Low,No,0.044
2824,Technical,2,AI,46,Yes,1,1,Low,No,0.022
2825,Technical,3,AI,60,Yes,1,2,High,No,0.017
2826,HR,5,AI,39,No,5,3,Medium,No,0.128
2827,HR,3,AI,60,Yes,3,1,Medium,No,0.05
2828,Customer Support,2,Human,37,Yes,1,3,High,No,0.027
2829,Technical,4,AI,14,Yes,3,1,Medium,No,0.214
2830,HR,4,Human,47,Yes,2,0,Medium,No,0.043
2831,Technical,3,AI,36,Yes,1,1,Low,No,0.028
2832,Billing,3,AI,58,Yes,3,3,High,No,0.052
2833,HR,5,Human,38,No,3,0,Medium,No,0.079
2834,Customer Support,3,AI,27,Yes,3,0,High,No,0.111
2835,Technical,1,AI,37,Yes,2,1,High,No,0.054
2836,Billing,5,Human,28,Yes,4,1,Medium,No,0.143
2837,Customer Support,2,Human,15,Yes,5,2,Low,Yes,0.333
2838,Technical,5,Human,25,Yes,1,1,Medium,No,0.04
2839,Billing,1,Human,55,Yes,1,0,Low,No,0.018
2840,Customer Support,5,Human,37,Yes,4,2,Medium,No,0.108
2841,Technical,3,Human,48,No,4,1,High,No,0.083
2842,Technical,2,Human,42,Yes,1,3,Medium,No,0.024
2843,Billing,4,Human,53,Yes,3,1,Medium,No,0.057
2844,Customer Support,1,AI,53,No,5,2,High,No,0.094
2845,Billing,2,AI,52,Yes,4,1,Low,No,0.077
2846,HR,3,Human,22,Yes,1,1,Medium,No,0.045
2847,HR,2,AI,22,Yes,2,1,Medium,No,0.091
2848,Customer Support,5,AI,19,Yes,1,2,Medium,No,0.053
2849,HR,5,AI,35,No,5,2,High,No,0.143
2850,Customer Support,5,Human,55,Yes,2,1,Low,No,0.036
2851,HR,3,AI,16,Yes,1,1,Medium,No,0.062
2852,Technical,5,Human,59,Yes,1,0,High,No,0.017
2853,Customer Support,1,AI,58,Yes,1,1,High,No,0.017
2854,HR,3,Human,7,Yes,1,2,High,No,0.143
2855,Technical,3,Human,33,Yes,5,1,High,No,0.152
2856,Billing,4,Human,40,Yes,1,1,High,No,0.025
2857,Customer Support,3,AI,33,No,4,0,High,No,0.121
2858,Billing,4,Human,53,Yes,4,2,Low,No,0.075
2859,Customer Support,5,AI,51,Yes,3,3,High,No,0.059
2860,Technical,4,Human,28,Yes,4,2,Medium,No,0.143
2861,HR,3,Human,7,Yes,4,1,Medium,No,0.571
2862,HR,3,Human,19,Yes,2,3,Low,No,0.105
2863,Billing,2,AI,32,Yes,1,2,Medium,No,0.031
2864,HR,3,Human,5,Yes,3,1,High,No,0.6
2865,HR,3,Human,42,Yes,2,1,Low,No,0.048
2866,Billing,2,AI,6,Yes,2,1,Low,Yes,0.333
2867,HR,1,AI,11,No,4,2,High,Yes,0.364
2868,Billing,4,AI,7,Yes,1,1,High,No,0.143
2869,Technical,3,Human,30,Yes,4,0,Low,No,0.133
2870,Billing,3,AI,45,Yes,3,0,Medium,No,0.067
2871,Customer Support,4,AI,34,Yes,1,3,High,No,0.029
2872,HR,3,Human,20,Yes,3,0,High,No,0.15
2873,HR,5,AI,15,Yes,3,2,Low,No,0.2
2874,Customer Support,2,AI,17,Yes,1,0,Medium,Yes,0.059
2875,Customer Support,5,AI,13,Yes,4,1,Low,No,0.308
2876,Technical,5,Human,30,Yes,4,2,Low,No,0.133
2877,HR,4,AI,16,Yes,5,3,High,No,0.312
2878,Technical,1,AI,44,Yes,2,1,High,No,0.045
2879,Technical,5,Human,50,Yes,4,1,High,No,0.08
2880,Technical,5,Human,50,Yes,2,3,Low,No,0.04
2881,Billing,5,Human,58,Yes,3,1,Medium,No,0.052
2882,Customer Support,3,Human,32,Yes,5,3,High,No,0.156
2883,Billing,3,Human,46,Yes,4,2,Low,No,0.087
2884,Billing,5,AI,5,Yes,5,2,Medium,No,1.0
2885,Customer Support,1,Human,58,Yes,2,2,Medium,No,0.034
2886,Technical,4,Human,52,Yes,4,3,High,No,0.077
2887,Technical,4,Human,9,Yes,3,0,Medium,No,0.333
2888,HR,2,AI,41,Yes,1,2,High,No,0.024
2889,HR,4,AI,19,No,2,2,High,No,0.105
2890,Technical,3,Human,17,Yes,5,0,Low,No,0.294
2891,Technical,2,Human,16,Yes,2,2,High,Yes,0.125
2892,HR,2,AI,5,Yes,1,2,Low,Yes,0.2
2893,Billing,1,AI,22,Yes,1,1,Low,No,0.045
2894,Billing,2,AI,28,Yes,2,1,Low,No,0.071
2895,HR,1,Human,23,Yes,1,3,Low,No,0.043
2896,Billing,5,AI,48,Yes,1,3,High,No,0.021
2897,Customer Support,2,Human,14,Yes,1,1,Low,Yes,0.071
2898,Technical,2,AI,58,Yes,4,3,Low,No,0.069
2899,Customer Support,4,AI,49,Yes,2,3,Medium,No,0.041
2900,HR,1,Human,27,No,5,3,High,No,0.185
2901,Billing,5,AI,35,Yes,2,3,Medium,No,0.057
2902,HR,2,Human,60,Yes,2,3,Low,No,0.033
2903,Customer Support,4,AI,46,No,1,1,Medium,No,0.022
2904,Technical,5,Human,38,Yes,3,1,High,No,0.079
2905,Billing,4,Human,48,Yes,5,1,Medium,No,0.104
2906,Technical,4,AI,45,Yes,3,0,Low,No,0.067
2907,Customer Support,5,Human,22,Yes,2,0,Low,No,0.091
2908,Billing,2,Human,54,No,5,0,Low,No,0.093
2909,Customer Support,3,Human,53,Yes,5,0,High,No,0.094
2910,Billing,1,AI,59,Yes,4,2,Low,No,0.068
2911,Technical,1,Human,7,Yes,2,0,High,Yes,0.286
2912,Billing,4,AI,12,Yes,5,2,Medium,No,0.417
2913,HR,3,AI,19,Yes,5,3,Low,No,0.263
2914,Billing,5,AI,32,Yes,5,1,Medium,No,0.156
2915,Billing,5,AI,8,Yes,1,2,High,No,0.125
2916,Technical,4,AI,50,Yes,2,3,Medium,No,0.04
2917,HR,1,AI,28,Yes,5,2,Medium,No,0.179
2918,HR,3,AI,29,Yes,2,0,High,No,0.069
2919,HR,3,AI,31,Yes,4,0,High,No,0.129
2920,Billing,1,AI,14,Yes,5,1,Low,Yes,0.357
2921,Customer Support,2,Human,46,Yes,4,1,Low,No,0.087
2922,Customer Support,4,AI,59,Yes,4,2,High,No,0.068
2923,HR,5,Human,50,Yes,5,3,High,No,0.1
2924,HR,1,AI,55,Yes,1,1,High,No,0.018
2925,Technical,1,Human,60,Yes,1,0,Medium,No,0.017
2926,Billing,1,AI,7,Yes,4,2,High,Yes,0.571
2927,Billing,3,AI,8,Yes,4,2,Low,No,0.5
2928,HR,5,Human,28,Yes,5,2,Low,No,0.179
2929,Technical,1,AI,51,Yes,5,3,Medium,No,0.098
2930,HR,4,AI,13,Yes,1,3,High,No,0.077
2931,Billing,3,AI,17,Yes,2,2,High,No,0.118
2932,Billing,5,Human,38,Yes,4,0,High,No,0.105
2933,Technical,5,AI,60,No,4,3,High,No,0.067
2934,Customer Support,4,AI,25,Yes,4,2,Medium,No,0.16
2935,Technical,1,AI,9,Yes,4,0,Low,Yes,0.444
2936,Technical,3,Human,19,No,2,3,Medium,No,0.105
2937,Customer Support,5,Human,36,Yes,4,3,Medium,No,0.111
2938,Billing,2,Human,42,Yes,4,1,Medium,No,0.095
2939,Technical,2,Human,53,Yes,1,1,High,No,0.019
2940,HR,4,AI,33,Yes,3,2,Low,No,0.091
2941,Customer Support,2,Human,30,Yes,3,1,Medium,No,0.1
2942,Technical,2,Human,31,Yes,4,3,High,No,0.129
2943,Technical,2,Human,10,Yes,2,2,Medium,Yes,0.2
2944,HR,2,Human,53,Yes,4,2,High,No,0.075
2945,Billing,5,Human,18,Yes,2,1,Low,No,0.111
2946,HR,4,Human,25,Yes,4,0,Medium,No,0.16
2947,Customer Support,5,AI,37,Yes,2,0,High,No,0.054
2948,Customer Support,2,Human,40,Yes,5,2,High,No,0.125
2949,Billing,5,AI,43,Yes,5,0,Low,No,0.116
2950,HR,4,Human,53,Yes,4,1,Low,No,0.075
2951,Technical,3,AI,23,No,1,0,Low,No,0.043
2952,Billing,2,Human,7,Yes,4,0,High,Yes,0.571
2953,Billing,4,Human,39,Yes,5,1,High,No,0.128
2954,Billing,1,Human,38,No,2,0,High,No,0.053
2955,Billing,3,Human,38,Yes,4,3,High,No,0.105
2956,Billing,3,AI,17,Yes,2,1,High,No,0.118
2957,Technical,5,Human,22,Yes,5,2,High,No,0.227
2958,Technical,5,Human,41,Yes,5,3,High,No,0.122
2959,Technical,3,Human,25,Yes,5,1,Medium,No,0.2
2960,Technical,4,Human,49,Yes,4,1,Medium,No,0.082
2961,HR,4,AI,31,Yes,4,1,High,No,0.129
2962,Billing,1,Human,27,Yes,1,3,High,No,0.037
2963,Billing,3,Human,14,Yes,5,2,Medium,No,0.357
2964,HR,4,Human,16,Yes,4,0,Medium,No,0.25
2965,Customer Support,3,Human,51,Yes,4,0,High,No,0.078
2966,Technical,1,Human,50,Yes,1,0,High,No,0.02
2967,HR,5,Human,10,Yes,2,2,Medium,No,0.2
2968,Customer Support,3,Human,22,No,3,1,Medium,No,0.136
2969,HR,2,AI,53,Yes,1,0,Medium,No,0.019
2970,Customer Support,2,AI,11,Yes,1,0,High,Yes,0.091
2971,Technical,3,Human,47,Yes,3,0,High,No,0.064
2972,Customer Support,3,AI,26,Yes,1,0,Medium,No,0.038
2973,Technical,4,AI,37,Yes,1,2,Low,No,0.027
2974,Billing,2,AI,44,Yes,5,3,Medium,No,0.114
2975,Billing,4,AI,19,Yes,5,1,High,No,0.263
2976,Customer Support,1,Human,51,Yes,4,2,Low,No,0.078
2977,HR,1,AI,34,Yes,3,0,High,No,0.088
2978,HR,2,AI,30,Yes,1,0,Medium,No,0.033
2979,Billing,5,AI,60,Yes,5,3,Medium,No,0.083
2980,Technical,3,Human,39,Yes,4,1,Low,No,0.103
2981,Customer Support,2,AI,41,Yes,4,0,High,No,0.098
2982,HR,4,Human,50,Yes,4,2,Medium,No,0.08
2983,Technical,2,Human,22,Yes,1,0,Low,No,0.045
2984,Customer Support,1,AI,19,Yes,2,0,High,Yes,0.105
2985,Billing,1,Human,7,Yes,2,0,Medium,Yes,0.286
2986,Technical,3,Human,28,Yes,3,2,Medium,No,0.107
2987,Customer Support,2,AI,39,Yes,1,1,Medium,No,0.026
2988,Technical,3,AI,36,Yes,5,1,Medium,No,0.139
2989,HR,5,Human,13,Yes,1,1,High,No,0.077
2990,Technical,3,AI,22,Yes,4,0,High,No,0.182
2991,HR,4,AI,30,Yes,1,3,Medium,No,0.033
2992,Customer Support,3,Human,34,Yes,2,3,Low,No,0.059
2993,Billing,5,AI,58,Yes,3,0,High,No,0.052
2994,HR,3,Human,33,Yes,2,3,Low,No,0.061
2995,Billing,5,AI,24,Yes,5,3,Low,No,0.208
2996,HR,2,Human,5,Yes,1,3,Low,Yes,0.2
2997,HR,5,AI,30,Yes,1,1,Low,No,0.033
2998,Billing,5,Human,32,Yes,5,1,Low,No,0.156
2999,Technical,1,AI,40,Yes,3,3,Medium,No,0.075
3000,Technical,5,AI,59,Yes,1,0,Medium,No,0.017
3001,HR,5,Human,5,Yes,3,0,Medium,No,0.6
3002,Customer Support,1,AI,12,No,3,2,Medium,Yes,0.25
3003,Technical,1,Human,42,Yes,4,3,Low,No,0.095
3004,Billing,1,AI,10,Yes,5,0,Medium,Yes,0.5
3005,Billing,2,Human,38,Yes,4,2,Low,No,0.105
3006,HR,2,Human,30,Yes,3,0,High,No,0.1
3007,Technical,3,AI,21,No,4,2,Low,No,0.19
3008,Technical,3,AI,22,No,1,0,High,No,0.045
3009,HR,3,Human,21,Yes,1,3,High,No,0.048
3010,Billing,2,Human,49,Yes,3,0,Low,No,0.061
3011,HR,2,AI,47,No,1,0,High,No,0.021
3012,Customer Support,1,Human,56,Yes,1,1,Low,No,0.018
3013,Technical,1,AI,55,Yes,2,3,Low,No,0.036
3014,HR,3,Human,17,Yes,4,2,Low,No,0.235
3015,Billing,4,Human,40,Yes,4,2,Medium,No,0.1
3016,HR,5,Human,5,Yes,5,1,Low,No,1.0
3017,HR,5,Human,8,Yes,5,1,Low,No,0.625
3018,Technical,1,Human,41,Yes,3,3,Low,No,0.073
3019,Customer Support,4,AI,40,No,5,1,Low,No,0.125
3020,Customer Support,3,AI,35,Yes,4,3,Low,No,0.114
3021,Customer Support,3,Human,10,Yes,3,0,Low,No,0.3
3022,Billing,2,AI,34,Yes,5,2,Medium,No,0.147
3023,Billing,4,AI,39,Yes,2,1,Medium,No,0.051
3024,Customer Support,4,Human,46,Yes,2,1,High,No,0.043
3025,Technical,2,Human,41,Yes,1,2,High,No,0.024
3026,Customer Support,4,Human,44,Yes,4,2,Medium,No,0.091
3027,Billing,4,AI,35,Yes,4,0,Medium,No,0.114
3028,HR,3,AI,32,Yes,4,0,Medium,No,0.125
3029,Customer Support,2,Human,36,Yes,3,2,High,No,0.083
3030,Billing,1,AI,52,Yes,5,0,High,No,0.096
3031,Customer Support,3,AI,38,Yes,2,2,High,No,0.053
3032,Customer Support,2,Human,24,Yes,4,3,Medium,No,0.167
3033,HR,5,AI,32,Yes,2,0,Medium,No,0.062
3034,Technical,5,Human,52,Yes,1,1,Medium,No,0.019
3035,Technical,4,Human,21,No,3,3,Low,No,0.143
3036,Technical,2,AI,33,Yes,3,0,Low,No,0.091
3037,Technical,1,Human,8,Yes,1,2,Medium,Yes,0.125
3038,Customer Support,1,AI,27,No,5,2,Medium,No,0.185
3039,HR,4,Human,7,No,5,3,High,No,0.714
3040,Technical,4,AI,60,Yes,3,3,High,No,0.05
3041,Customer Support,4,Human,16,Yes,1,0,Medium,No,0.062
3042,Customer Support,1,AI,36,Yes,1,1,High,No,0.028
3043,Billing,3,Human,9,Yes,3,2,Medium,No,0.333
3044,Technical,3,Human,39,Yes,3,1,Medium,No,0.077
3045,HR,2,Human,10,Yes,1,0,Medium,Yes,0.1
3046,Billing,1,AI,33,Yes,2,2,High,No,0.061
3047,Technical,4,Human,6,Yes,3,3,High,No,0.5
3048,Technical,3,AI,27,Yes,3,0,Low,No,0.111
3049,Billing,3,AI,7,Yes,2,0,Low,No,0.286
3050,Customer Support,5,AI,21,Yes,5,2,Low,No,0.238
3051,Technical,1,Human,12,No,5,2,High,Yes,0.417
3052,HR,4,AI,32,Yes,4,2,Low,No,0.125
3053,HR,5,AI,53,Yes,4,0,Low,No,0.075
3054,Technical,1,Human,25,Yes,2,1,Low,No,0.08
3055,Technical,4,Human,34,Yes,2,2,Low,No,0.059
3056,Customer Support,2,AI,36,Yes,3,1,Medium,No,0.083
3057,Customer Support,1,Human,50,No,4,0,Medium,No,0.08
3058,Technical,1,AI,40,Yes,2,3,Low,No,0.05
3059,Billing,3,AI,41,Yes,3,1,High,No,0.073
3060,HR,1,Human,41,Yes,2,2,High,No,0.049
3061,Billing,4,AI,53,Yes,3,1,Medium,No,0.057
3062,Customer Support,3,AI,8,Yes,2,2,Low,No,0.25
3063,HR,5,AI,11,Yes,5,2,High,No,0.455
3064,Customer Support,3,Human,46,No,1,2,Medium,No,0.022
3065,Technical,4,Human,42,Yes,1,3,Medium,No,0.024
3066,Customer Support,4,Human,58,Yes,5,1,Medium,No,0.086
3067,HR,4,AI,7,Yes,5,2,Medium,No,0.714
3068,Technical,4,AI,24,Yes,4,1,Medium,No,0.167
3069,Customer Support,5,AI,48,Yes,2,0,Low,No,0.042
3070,Billing,5,AI,34,Yes,5,0,Low,No,0.147
3071,Billing,3,AI,25,Yes,3,0,High,No,0.12
3072,Technical,4,AI,34,Yes,5,3,High,No,0.147
3073,Billing,4,AI,9,Yes,5,1,Low,No,0.556
3074,Technical,5,AI,26,Yes,1,2,Low,No,0.038
3075,Technical,3,AI,5,Yes,2,0,Low,No,0.4
3076,Billing,1,AI,22,Yes,1,0,Medium,No,0.045
3077,Technical,2,Human,44,Yes,1,1,Medium,No,0.023
3078,Billing,1,AI,11,Yes,3,3,Medium,Yes,0.273
3079,Customer Support,1,AI,42,Yes,2,2,Low,No,0.048
3080,Technical,4,Human,52,Yes,1,0,Low,No,0.019
3081,HR,2,AI,55,No,3,1,Medium,No,0.055
3082,Billing,1,Human,46,Yes,5,1,Medium,No,0.109
3083,Customer Support,2,Human,37,Yes,2,3,High,No,0.054
3084,Technical,1,Human,58,Yes,3,2,Low,No,0.052
3085,Billing,3,Human,44,Yes,4,2,Medium,No,0.091
3086,Technical,2,AI,45,Yes,3,0,Low,No,0.067
3087,Billing,4,Human,32,Yes,1,2,Low,No,0.031
3088,Customer Support,5,AI,48,Yes,4,0,High,No,0.083
3089,Customer Support,2,Human,47,Yes,2,2,High,No,0.043
3090,Customer Support,2,Human,31,Yes,4,2,Medium,No,0.129
3091,Billing,4,Human,13,No,2,1,High,No,0.154
3092,Billing,4,AI,52,Yes,2,2,High,No,0.038
3093,HR,5,Human,15,Yes,2,0,Low,No,0.133
3094,HR,2,Human,37,Yes,3,3,High,No,0.081
3095,Customer Support,3,Human,35,Yes,5,2,Medium,No,0.143
3096,Technical,1,Human,12,Yes,4,0,Low,Yes,0.333
3097,Technical,1,AI,52,No,1,1,Low,No,0.019
3098,HR,2,AI,15,Yes,1,1,Medium,Yes,0.067
3099,Customer Support,3,Human,42,Yes,3,3,Medium,No,0.071
3100,HR,5,AI,34,No,3,0,Low,No,0.088
3101,Billing,2,Human,27,Yes,2,3,Low,No,0.074
3102,HR,3,Human,57,Yes,1,3,Medium,No,0.018
3103,Customer Support,4,Human,51,Yes,1,1,Low,No,0.02
3104,Technical,1,AI,5,Yes,2,1,High,Yes,0.4
3105,Billing,5,AI,48,Yes,2,1,High,No,0.042
3106,HR,4,AI,38,Yes,5,3,Medium,No,0.132
3107,Customer Support,5,Human,51,Yes,4,3,Low,No,0.078
3108,Technical,3,AI,57,No,2,2,High,No,0.035
3109,HR,1,AI,8,Yes,2,3,Medium,Yes,0.25
3110,Customer Support,2,AI,36,Yes,4,1,Low,No,0.111
3111,Technical,1,AI,20,Yes,2,1,Low,Yes,0.1
3112,Billing,5,Human,14,Yes,4,3,Low,No,0.286
3113,Customer Support,1,Human,51,Yes,3,3,High,No,0.059
3114,Technical,4,Human,42,Yes,2,1,High,No,0.048
3115,Billing,2,AI,37,Yes,3,1,Medium,No,0.081
3116,Billing,1,AI,32,Yes,1,3,High,No,0.031
3117,Customer Support,2,Human,21,Yes,5,3,Medium,No,0.238
3118,HR,1,Human,25,Yes,1,3,High,No,0.04
3119,HR,3,AI,52,Yes,5,3,High,No,0.096
3120,Billing,2,Human,57,Yes,4,0,Medium,No,0.07
3121,HR,4,AI,10,Yes,1,1,Medium,No,0.1
3122,Technical,5,AI,22,Yes,2,1,Low,No,0.091
3123,Technical,3,AI,25,Yes,4,3,Low,No,0.16
3124,HR,3,AI,34,Yes,1,0,Low,No,0.029
3125,Customer Support,5,Human,31,Yes,3,0,High,No,0.097
3126,Billing,3,Human,10,Yes,5,3,Low,No,0.5
3127,Billing,5,AI,42,Yes,4,2,Medium,No,0.095
3128,Billing,3,AI,18,Yes,2,2,High,No,0.111
3129,HR,4,Human,14,Yes,2,1,Medium,No,0.143
3130,Technical,4,AI,10,Yes,1,1,Medium,No,0.1
3131,Customer Support,5,Human,40,Yes,5,0,Medium,No,0.125
3132,Billing,1,AI,34,Yes,3,0,High,No,0.088
3133,Billing,4,AI,5,Yes,2,3,Low,No,0.4
3134,Billing,5,AI,12,Yes,1,3,Medium,No,0.083
3135,HR,1,Human,7,Yes,4,1,High,Yes,0.571
3136,Billing,4,Human,52,Yes,4,0,Medium,No,0.077
3137,Technical,4,Human,25,Yes,3,0,High,No,0.12
3138,Billing,4,Human,11,Yes,4,1,Low,No,0.364
3139,Billing,3,Human,14,Yes,4,2,High,No,0.286
3140,Technical,5,AI,60,Yes,3,1,Medium,No,0.05
3141,Technical,3,AI,42,No,2,2,Medium,No,0.048
3142,HR,4,AI,49,Yes,4,1,Low,No,0.082
3143,HR,5,AI,29,Yes,5,1,High,No,0.172
3144,Technical,1,Human,52,Yes,1,0,Medium,No,0.019
3145,Billing,3,Human,17,Yes,3,2,High,No,0.176
3146,Customer Support,1,Human,52,Yes,4,1,High,No,0.077
3147,HR,3,AI,14,Yes,4,1,Medium,No,0.286
3148,Customer Support,1,Human,37,Yes,4,2,High,No,0.108
3149,Customer Support,5,AI,47,Yes,4,1,Medium,No,0.085
3150,HR,5,AI,8,Yes,1,0,High,No,0.125
3151,HR,3,AI,7,No,1,2,Medium,No,0.143
3152,HR,3,AI,25,Yes,5,1,Low,No,0.2
3153,Technical,2,AI,60,No,3,2,High,No,0.05
3154,Customer Support,2,Human,24,No,1,1,Medium,No,0.042
3155,HR,5,AI,23,No,5,2,High,No,0.217
3156,Billing,3,Human,33,Yes,1,3,Low,No,0.03
3157,Technical,2,AI,49,Yes,4,3,Medium,No,0.082
3158,HR,3,Human,29,Yes,2,1,Medium,No,0.069
3159,Customer Support,1,AI,56,Yes,3,3,Medium,No,0.054
3160,HR,5,AI,14,Yes,5,3,Low,No,0.357
3161,Customer Support,2,Human,8,Yes,2,1,Low,Yes,0.25
3162,Technical,3,Human,56,Yes,3,0,Low,No,0.054
3163,Billing,5,Human,15,Yes,2,3,High,No,0.133
3164,Customer Support,5,AI,39,Yes,5,0,High,No,0.128
3165,HR,4,AI,32,Yes,1,2,High,No,0.031
3166,Customer Support,3,Human,54,Yes,3,1,Medium,No,0.056
3167,HR,5,Human,37,No,4,3,Low,No,0.108
3168,Billing,1,Human,60,No,2,3,Medium,No,0.033
3169,HR,4,AI,11,No,4,0,High,No,0.364
3170,HR,4,AI,30,No,3,3,High,No,0.1
3171,Customer Support,1,AI,22,Yes,2,1,High,No,0.091
3172,Technical,3,AI,21,Yes,2,2,Low,No,0.095
3173,Technical,2,AI,20,Yes,3,2,Medium,Yes,0.15
3174,Billing,3,AI,59,Yes,5,3,Low,No,0.085
3175,Technical,3,AI,9,Yes,3,1,Medium,No,0.333
3176,Technical,1,AI,22,Yes,2,2,Low,No,0.091
3177,HR,3,Human,46,Yes,2,1,Medium,No,0.043
3178,Billing,5,Human,13,Yes,5,0,Medium,No,0.385
3179,Technical,5,AI,13,No,2,0,Low,No,0.154
3180,Customer Support,5,AI,20,Yes,1,2,Medium,No,0.05
3181,HR,4,AI,12,Yes,4,1,Low,No,0.333
3182,Customer Support,1,AI,39,Yes,3,2,Medium,No,0.077
3183,Billing,1,Human,56,Yes,3,2,High,No,0.054
3184,HR,2,Human,48,Yes,5,0,High,No,0.104
3185,Technical,1,AI,17,Yes,1,1,Medium,Yes,0.059
3186,Technical,3,AI,55,Yes,5,1,Medium,No,0.091
3187,Customer Support,4,AI,26,Yes,3,0,High,No,0.115
3188,Technical,2,AI,37,Yes,5,2,Medium,No,0.135
3189,HR,5,AI,30,Yes,1,2,Medium,No,0.033
3190,Technical,3,AI,20,Yes,4,2,Medium,No,0.2
3191,Technical,4,AI,23,Yes,5,0,Low,No,0.217
3192,Billing,5,Human,21,Yes,2,3,Medium,No,0.095
3193,HR,1,AI,35,Yes,2,1,Low,No,0.057
3194,Customer Support,1,Human,41,Yes,3,3,Low,No,0.073
3195,Customer Support,3,Human,30,Yes,5,2,Low,No,0.167
3196,HR,5,Human,10,Yes,1,1,High,No,0.1
3197,HR,1,Human,51,Yes,1,0,Medium,No,0.02
3198,Customer Support,4,Human,7,Yes,5,3,High,No,0.714
3199,Customer Support,2,Human,52,No,4,3,High,No,0.077
3200,Technical,5,Human,15,Yes,5,0,Low,No,0.333
3201,Customer Support,4,AI,50,Yes,5,2,Low,No,0.1
3202,Technical,4,AI,37,No,4,0,Medium,No,0.108
3203,HR,5,AI,58,Yes,4,0,Medium,No,0.069
3204,Billing,5,Human,8,Yes,4,2,Low,No,0.5
3205,Billing,2,AI,32,Yes,2,3,High,No,0.062
3206,Customer Support,1,Human,51,Yes,3,1,High,No,0.059
3207,HR,5,AI,59,Yes,2,3,High,No,0.034
3208,Customer Support,5,AI,60,Yes,3,2,Medium,No,0.05
3209,Customer Support,1,AI,6,Yes,2,3,High,Yes,0.333
3210,Technical,1,AI,33,Yes,3,2,High,No,0.091
3211,Billing,3,Human,23,Yes,1,0,High,No,0.043
3212,Customer Support,5,Human,28,Yes,4,1,Medium,No,0.143
3213,Customer Support,5,AI,51,Yes,2,3,Medium,No,0.039
3214,Technical,1,Human,38,No,1,2,Low,No,0.026
3215,HR,1,AI,10,No,1,3,Low,Yes,0.1
3216,Technical,3,Human,52,Yes,1,3,Medium,No,0.019
3217,HR,2,Human,5,No,1,1,High,Yes,0.2
3218,Billing,5,AI,58,Yes,1,0,Medium,No,0.017
3219,HR,1,Human,34,No,4,3,Medium,No,0.118
3220,Customer Support,1,AI,8,Yes,2,3,High,Yes,0.25
3221,HR,3,Human,19,Yes,4,3,High,No,0.211
3222,Customer Support,1,AI,24,Yes,3,2,Medium,No,0.125
3223,HR,2,AI,41,Yes,5,3,Low,No,0.122
3224,Customer Support,5,AI,39,Yes,5,3,High,No,0.128
3225,Technical,2,Human,33,Yes,3,1,Medium,No,0.091
3226,Technical,2,AI,7,Yes,1,3,Medium,Yes,0.143
3227,Technical,5,Human,50,Yes,5,0,Low,No,0.1
3228,Billing,3,AI,49,Yes,5,3,High,No,0.102
3229,Customer Support,4,AI,39,Yes,5,0,Low,No,0.128
3230,HR,1,Human,50,Yes,4,2,High,No,0.08
3231,Customer Support,3,AI,51,Yes,3,2,Low,No,0.059
3232,Customer Support,2,Human,14,Yes,3,1,Low,Yes,0.214
3233,Billing,1,Human,6,Yes,2,3,Low,Yes,0.333
3234,Customer Support,5,Human,41,Yes,1,2,High,No,0.024
3235,Customer Support,4,AI,53,Yes,5,0,Low,No,0.094
3236,Billing,2,Human,49,Yes,1,0,Low,No,0.02
3237,Billing,1,AI,52,Yes,5,1,Medium,No,0.096
3238,Technical,2,AI,28,Yes,3,0,Low,No,0.107
3239,Technical,1,Human,20,Yes,3,1,Medium,Yes,0.15
3240,Billing,3,AI,38,Yes,4,0,High,No,0.105
3241,HR,3,AI,38,Yes,2,2,High,No,0.053
3242,Billing,4,Human,36,No,2,0,Medium,No,0.056
3243,Technical,3,Human,60,Yes,4,0,Low,No,0.067
3244,Billing,1,AI,34,Yes,2,0,Medium,No,0.059
3245,Technical,4,AI,51,Yes,3,3,High,No,0.059
3246,Customer Support,3,AI,27,Yes,2,2,Low,No,0.074
3247,Customer Support,4,AI,22,Yes,4,0,High,No,0.182
3248,Technical,5,AI,19,Yes,4,3,Low,No,0.211
3249,Billing,2,AI,49,Yes,5,1,High,No,0.102
3250,HR,5,AI,24,Yes,2,2,High,No,0.083
3251,Technical,3,AI,20,Yes,4,0,Medium,No,0.2
3252,Technical,4,Human,27,Yes,1,2,Medium,No,0.037
3253,HR,2,AI,50,Yes,3,2,High,No,0.06
3254,Billing,1,Human,43,Yes,4,1,High,No,0.093
3255,Technical,5,Human,39,No,2,1,Medium,No,0.051
3256,Technical,1,AI,9,Yes,3,0,Low,Yes,0.333
3257,Technical,3,AI,60,No,5,0,Low,No,0.083
3258,HR,5,Human,20,Yes,2,0,Medium,No,0.1
3259,Technical,2,AI,13,Yes,2,3,High,Yes,0.154
3260,Technical,1,Human,53,Yes,2,2,High,No,0.038
3261,HR,5,Human,31,Yes,5,2,Medium,No,0.161
3262,HR,3,AI,28,Yes,5,3,Medium,No,0.179
3263,Technical,3,Human,7,Yes,2,3,Low,No,0.286
3264,HR,2,AI,48,Yes,5,1,Low,No,0.104
3265,Technical,1,Human,6,Yes,1,3,Low,Yes,0.167
3266,Billing,3,Human,36,Yes,5,3,Low,No,0.139
3267,HR,3,AI,41,Yes,5,2,Medium,No,0.122
3268,Technical,2,AI,59,Yes,2,0,Low,No,0.034
3269,Technical,2,AI,37,Yes,5,3,Low,No,0.135
3270,Technical,5,Human,60,Yes,4,1,Low,No,0.067
3271,Customer Support,3,Human,56,Yes,2,3,Low,No,0.036
3272,Technical,5,AI,46,Yes,2,3,Medium,No,0.043
3273,Customer Support,2,Human,36,No,2,1,Low,No,0.056
3274,Customer Support,1,AI,45,Yes,2,1,High,No,0.044
3275,Technical,3,AI,42,Yes,5,2,Low,No,0.119
3276,Customer Support,5,AI,21,Yes,4,3,High,No,0.19
3277,Billing,2,Human,33,Yes,4,1,High,No,0.121
3278,Technical,4,AI,35,Yes,3,0,High,No,0.086
3279,HR,4,AI,49,Yes,3,2,Low,No,0.061
3280,HR,5,AI,43,Yes,4,1,High,No,0.093
3281,HR,3,Human,16,Yes,2,2,Low,No,0.125
3282,Customer Support,5,AI,33,Yes,2,2,Low,No,0.061
3283,Customer Support,4,Human,54,Yes,2,0,Low,No,0.037
3284,Technical,4,Human,31,Yes,4,2,Medium,No,0.129
3285,Billing,3,Human,45,Yes,1,2,Medium,No,0.022
3286,Customer Support,3,Human,23,Yes,2,0,Low,No,0.087
3287,Technical,5,AI,44,Yes,3,1,Medium,No,0.068
3288,Billing,2,AI,10,Yes,4,3,Medium,Yes,0.4
3289,Technical,3,Human,43,Yes,3,0,Low,No,0.07
3290,Customer Support,2,Human,40,Yes,2,0,Low,No,0.05
3291,Billing,2,Human,51,Yes,4,1,High,No,0.078
3292,Customer Support,3,Human,58,No,1,3,Low,No,0.017
3293,Technical,3,Human,42,No,1,0,Low,No,0.024
3294,HR,3,AI,5,Yes,4,3,Medium,No,0.8
3295,HR,3,Human,19,Yes,2,1,High,No,0.105
3296,HR,3,Human,30,Yes,2,2,High,No,0.067
3297,HR,2,Human,36,Yes,2,0,Medium,No,0.056
3298,Technical,2,Human,43,No,3,2,High,No,0.07
3299,HR,1,AI,35,Yes,3,0,High,No,0.086
3300,HR,3,AI,53,Yes,1,3,High,No,0.019
3301,HR,1,Human,21,Yes,2,2,Low,No,0.095
3302,Billing,5,Human,27,Yes,5,1,Low,No,0.185
3303,Customer Support,4,Human,36,Yes,5,2,High,No,0.139
3304,HR,4,Human,51,Yes,2,3,Medium,No,0.039
3305,Billing,5,AI,56,Yes,1,0,Low,No,0.018
3306,HR,4,AI,29,Yes,5,0,Low,No,0.172
3307,Billing,2,Human,6,Yes,2,0,High,Yes,0.333
3308,Customer Support,2,AI,56,Yes,4,2,High,No,0.071
3309,Technical,3,Human,24,Yes,3,3,Medium,No,0.125
3310,Customer Support,3,AI,8,Yes,2,2,High,No,0.25
3311,Technical,3,AI,54,Yes,3,3,Medium,No,0.056
3312,HR,1,AI,31,Yes,1,1,Medium,No,0.032
3313,Customer Support,4,Human,59,Yes,2,1,High,No,0.034
3314,HR,4,Human,12,Yes,2,0,Low,No,0.167
3315,Billing,5,Human,36,Yes,1,0,Medium,No,0.028
3316,Technical,4,Human,16,Yes,2,3,Low,No,0.125
3317,Customer Support,5,AI,51,Yes,4,3,Medium,No,0.078
3318,Billing,5,AI,8,Yes,1,1,High,No,0.125
3319,Billing,2,AI,47,Yes,5,1,Low,No,0.106
3320,Technical,5,AI,8,Yes,4,2,Low,No,0.5
3321,Customer Support,5,Human,31,Yes,4,3,High,No,0.129
3322,Billing,3,Human,53,Yes,3,0,High,No,0.057
3323,Billing,4,AI,20,Yes,1,0,Low,No,0.05
3324,Technical,2,AI,18,Yes,4,2,Medium,Yes,0.222
3325,Customer Support,1,AI,5,Yes,5,2,Medium,Yes,1.0
3326,Customer Support,5,AI,40,No,1,3,Low,No,0.025
3327,HR,5,Human,57,Yes,3,0,High,No,0.053
3328,Billing,4,Human,34,Yes,5,3,Low,No,0.147
3329,Customer Support,2,AI,47,Yes,2,0,Medium,No,0.043
3330,Billing,3,AI,59,Yes,3,2,Low,No,0.051
3331,Technical,2,Human,11,Yes,1,1,Low,Yes,0.091
3332,HR,5,AI,8,Yes,5,0,High,No,0.625
3333,Billing,4,AI,53,No,3,1,High,No,0.057
3334,Technical,4,AI,48,No,5,1,High,No,0.104
3335,HR,4,AI,38,Yes,5,0,Medium,No,0.132
3336,HR,3,AI,60,Yes,4,1,High,No,0.067
3337,Billing,4,AI,34,Yes,5,0,High,No,0.147
3338,Customer Support,1,Human,28,No,3,3,Medium,No,0.107
3339,Customer Support,5,AI,44,Yes,1,2,Medium,No,0.023
3340,HR,3,Human,48,Yes,1,0,High,No,0.021
3341,Billing,1,Human,14,Yes,4,0,Low,Yes,0.286
3342,HR,3,Human,6,Yes,1,3,Low,No,0.167
3343,Customer Support,4,Human,59,Yes,2,2,High,No,0.034
3344,Billing,3,AI,28,Yes,1,3,Low,No,0.036
3345,HR,5,Human,27,Yes,3,0,Low,No,0.111
3346,HR,2,AI,12,Yes,1,0,Medium,Yes,0.083
3347,Customer Support,4,Human,5,Yes,4,2,Low,No,0.8
3348,Customer Support,3,Human,60,Yes,3,2,Low,No,0.05
3349,Customer Support,4,AI,36,Yes,2,3,Low,No,0.056
3350,Customer Support,2,AI,35,Yes,1,1,High,No,0.029
3351,Billing,4,AI,31,Yes,1,1,Medium,No,0.032
3352,Technical,2,AI,41,Yes,5,0,High,No,0.122
3353,Technical,1,Human,48,Yes,4,1,High,No,0.083
3354,Customer Support,5,Human,15,Yes,1,2,Medium,No,0.067
3355,Customer Support,4,AI,16,Yes,2,0,Low,No,0.125
3356,Technical,1,AI,8,Yes,3,0,Low,Yes,0.375
3357,HR,1,AI,48,Yes,1,0,High,No,0.021
3358,HR,5,Human,18,Yes,3,1,High,No,0.167
3359,HR,5,Human,40,Yes,5,1,High,No,0.125
3360,Billing,5,AI,39,Yes,3,0,High,No,0.077
3361,Billing,1,Human,15,Yes,3,1,High,Yes,0.2
3362,Billing,1,AI,26,Yes,2,0,Medium,No,0.077
3363,Technical,2,Human,48,Yes,3,3,Medium,No,0.062
3364,Customer Support,5,AI,34,Yes,1,3,Medium,No,0.029
3365,Billing,1,AI,52,No,1,0,Medium,No,0.019
3366,Customer Support,1,Human,14,Yes,1,2,Medium,Yes,0.071
3367,Billing,5,Human,24,Yes,4,0,Medium,No,0.167
3368,HR,5,AI,58,Yes,3,2,Low,No,0.052
3369,Customer Support,1,Human,30,No,5,1,Low,No,0.167
3370,Customer Support,1,AI,57,Yes,4,1,High,No,0.07
3371,Technical,4,Human,5,Yes,1,0,High,No,0.2
3372,Billing,2,AI,42,Yes,1,1,Low,No,0.024
3373,Customer Support,4,Human,52,Yes,4,0,Low,No,0.077
3374,HR,4,Human,19,Yes,4,3,High,No,0.211
3375,Technical,3,AI,55,Yes,5,2,High,No,0.091
3376,Customer Support,3,Human,43,Yes,2,2,Low,No,0.047
3377,Technical,3,AI,47,Yes,1,3,Low,No,0.021
3378,HR,4,AI,56,Yes,2,2,Low,No,0.036
3379,Billing,4,Human,8,Yes,5,0,High,No,0.625
3380,Technical,3,AI,41,Yes,5,1,Medium,No,0.122
3381,Billing,2,Human,29,Yes,4,3,High,No,0.138
3382,HR,4,Human,15,Yes,2,3,Medium,No,0.133
3383,HR,4,AI,51,Yes,5,1,Low,No,0.098
3384,HR,3,Human,46,Yes,4,0,Low,No,0.087
3385,Customer Support,5,AI,18,Yes,1,2,Low,No,0.056
3386,HR,1,AI,18,Yes,1,1,High,Yes,0.056
3387,Billing,3,Human,25,Yes,2,1,Low,No,0.08
3388,Technical,1,Human,7,Yes,2,1,High,Yes,0.286
3389,Customer Support,4,AI,28,Yes,2,1,Medium,No,0.071
3390,Technical,2,AI,45,Yes,2,0,Low,No,0.044
3391,Customer Support,1,AI,55,Yes,5,0,High,No,0.091
3392,HR,1,AI,19,Yes,4,2,Medium,Yes,0.211
3393,Billing,3,AI,31,Yes,1,1,High,No,0.032
3394,Customer Support,4,Human,12,Yes,2,3,Low,No,0.167
3395,Customer Support,4,Human,26,Yes,3,0,Low,No,0.115
3396,Customer Support,4,AI,15,Yes,2,0,High,No,0.133
3397,Technical,3,Human,26,Yes,3,0,High,No,0.115
3398,Customer Support,5,Human,53,No,4,3,Medium,No,0.075
3399,Customer Support,4,AI,7,Yes,2,3,Medium,No,0.286
3400,Billing,5,Human,44,Yes,4,1,Medium,No,0.091
3401,HR,1,Human,13,Yes,1,1,High,Yes,0.077
3402,Customer Support,3,Human,20,No,4,2,High,No,0.2
3403,HR,2,AI,17,Yes,2,1,Medium,Yes,0.118
3404,HR,2,Human,39,Yes,1,0,Low,No,0.026
3405,Billing,1,Human,60,Yes,1,3,Low,No,0.017
3406,Billing,2,Human,55,Yes,2,2,Medium,No,0.036
3407,HR,5,Human,31,Yes,5,1,High,No,0.161
3408,Customer Support,4,AI,40,Yes,2,1,High,No,0.05
3409,Billing,3,Human,23,Yes,5,0,Low,No,0.217
3410,HR,5,Human,49,Yes,2,2,High,No,0.041
3411,HR,2,Human,6,Yes,5,3,Medium,Yes,0.833
3412,Technical,2,AI,33,Yes,1,1,High,No,0.03
3413,Billing,4,AI,36,Yes,5,1,High,No,0.139
3414,Customer Support,5,Human,9,Yes,1,3,High,No,0.111
3415,Billing,3,Human,54,Yes,5,1,Low,No,0.093
3416,HR,3,Human,45,No,4,2,Low,No,0.089
3417,Technical,4,Human,47,Yes,5,3,Low,No,0.106
3418,Customer Support,1,AI,37,Yes,5,3,Medium,No,0.135
3419,Customer Support,5,Human,43,Yes,4,2,Low,No,0.093
3420,Customer Support,2,Human,53,Yes,3,2,Low,No,0.057
3421,Customer Support,2,Human,22,Yes,1,0,Medium,No,0.045
3422,Billing,2,AI,45,Yes,3,1,Low,No,0.067
3423,Customer Support,1,Human,41,Yes,1,1,Low,No,0.024
3424,Billing,3,Human,20,Yes,1,2,Low,No,0.05
3425,Customer Support,4,Human,13,Yes,2,3,High,No,0.154
3426,HR,1,Human,36,Yes,4,3,Medium,No,0.111
3427,Technical,1,AI,50,Yes,4,2,High,No,0.08
3428,Customer Support,1,AI,25,Yes,3,3,Medium,No,0.12
3429,Technical,4,AI,21,Yes,4,2,High,No,0.19
3430,Customer Support,3,AI,52,Yes,1,0,Low,No,0.019
3431,Technical,2,AI,53,Yes,4,0,High,No,0.075
3432,Billing,1,Human,31,No,5,0,Low,No,0.161
3433,Technical,2,Human,28,Yes,1,0,Low,No,0.036
3434,Billing,1,AI,5,Yes,5,1,Low,Yes,1.0
3435,HR,5,AI,31,Yes,3,1,Low,No,0.097
3436,Technical,2,Human,22,Yes,2,0,High,No,0.091
3437,HR,1,Human,55,Yes,4,2,High,No,0.073
3438,Customer Support,4,AI,50,Yes,2,2,High,No,0.04
3439,Technical,4,Human,30,Yes,2,2,Medium,No,0.067
3440,Billing,2,AI,28,Yes,5,0,Low,No,0.179
3441,Billing,5,Human,23,Yes,4,3,Low,No,0.174
3442,HR,3,Human,54,Yes,4,2,Low,No,0.074
3443,Technical,1,AI,23,Yes,2,1,Medium,No,0.087
3444,Technical,4,Human,29,Yes,4,1,Low,No,0.138
3445,HR,1,Human,7,Yes,5,0,High,Yes,0.714
3446,HR,1,Human,49,Yes,3,1,Medium,No,0.061
3447,Billing,4,Human,34,Yes,4,1,Low,No,0.118
3448,Billing,1,Human,12,Yes,4,3,High,Yes,0.333
3449,HR,4,AI,19,Yes,1,1,High,No,0.053
3450,Customer Support,3,Human,11,No,3,3,Low,No,0.273
3451,Billing,2,AI,8,Yes,1,0,Low,Yes,0.125
3452,Technical,1,Human,17,Yes,3,3,Medium,Yes,0.176
3453,HR,3,AI,29,Yes,2,1,Medium,No,0.069
3454,Technical,1,Human,6,Yes,3,0,Medium,Yes,0.5
3455,HR,1,AI,34,Yes,4,3,Low,No,0.118
3456,Technical,4,AI,43,Yes,4,1,Low,No,0.093
3457,Billing,3,Human,17,Yes,5,0,Medium,No,0.294
3458,Technical,3,Human,26,No,4,0,Medium,No,0.154
3459,Technical,1,Human,54,Yes,4,2,Medium,No,0.074
3460,Technical,2,Human,32,Yes,5,0,High,No,0.156
3461,Technical,2,AI,15,Yes,5,0,High,Yes,0.333
3462,Billing,3,Human,47,Yes,5,2,Low,No,0.106
3463,Technical,3,Human,46,No,2,2,Low,No,0.043
3464,HR,2,AI,29,No,1,0,Low,No,0.034
3465,Billing,2,AI,49,Yes,4,0,Low,No,0.082
3466,HR,1,Human,44,No,2,0,Medium,No,0.045
3467,Customer Support,2,AI,35,Yes,5,1,Low,No,0.143
3468,Customer Support,1,AI,35,Yes,1,2,Low,No,0.029
3469,Billing,5,Human,23,No,1,1,High,No,0.043
3470,Technical,5,Human,29,Yes,2,0,High,No,0.069
3471,Customer Support,2,Human,42,Yes,5,1,High,No,0.119
3472,HR,2,AI,55,Yes,5,1,High,No,0.091
3473,Technical,1,AI,21,Yes,1,2,Medium,No,0.048
3474,Customer Support,3,AI,54,Yes,2,0,High,No,0.037
3475,Billing,3,AI,15,Yes,1,1,High,No,0.067
3476,Customer Support,4,Human,38,Yes,2,1,Medium,No,0.053
3477,Customer Support,4,Human,44,Yes,2,1,Low,No,0.045
3478,Customer Support,1,AI,38,Yes,5,2,High,No,0.132
3479,Technical,2,AI,35,No,1,3,Low,No,0.029
3480,Customer Support,3,Human,6,Yes,4,0,Low,No,0.667
3481,Technical,3,Human,48,Yes,3,3,High,No,0.062
3482,Billing,2,AI,10,Yes,4,0,Medium,Yes,0.4
3483,Customer Support,5,Human,47,Yes,2,3,High,No,0.043
3484,Billing,3,AI,16,Yes,1,3,Low,No,0.062
3485,Technical,3,AI,41,Yes,1,1,Medium,No,0.024
3486,Customer Support,5,Human,11,Yes,4,2,Medium,No,0.364
3487,Billing,2,Human,33,Yes,4,1,High,No,0.121
3488,Customer Support,4,Human,27,Yes,5,1,Medium,No,0.185
3489,Billing,1,AI,16,Yes,1,2,Low,Yes,0.062
3490,HR,4,AI,9,Yes,5,0,High,No,0.556
3491,Technical,5,Human,9,Yes,3,0,Medium,No,0.333
3492,Customer Support,2,Human,13,Yes,2,0,Medium,Yes,0.154
3493,HR,1,AI,41,Yes,1,1,Low,No,0.024
3494,Technical,4,AI,36,Yes,2,2,Medium,No,0.056
3495,Technical,3,AI,19,Yes,4,0,High,No,0.211
3496,Billing,5,AI,39,Yes,2,1,Medium,No,0.051
3497,Billing,1,AI,10,Yes,3,0,Low,Yes,0.3
3498,Billing,4,AI,29,No,5,1,Medium,No,0.172
3499,Customer Support,1,Human,24,Yes,4,0,Low,No,0.167
3500,HR,1,AI,31,Yes,1,3,Medium,No,0.032
3501,HR,3,AI,17,Yes,1,2,Medium,No,0.059
3502,Technical,1,AI,37,Yes,1,1,Medium,No,0.027
3503,HR,4,Human,21,Yes,2,3,High,No,0.095
3504,Technical,2,AI,17,Yes,1,3,Low,Yes,0.059
3505,Billing,2,AI,46,Yes,5,0,High,No,0.109
3506,Customer Support,3,AI,54,Yes,4,1,High,No,0.074
3507,Technical,4,Human,6,Yes,5,0,High,No,0.833
3508,Technical,5,Human,18,Yes,5,3,Low,No,0.278
3509,Customer Support,1,Human,55,Yes,5,0,High,No,0.091
3510,Billing,4,Human,16,Yes,1,2,Low,No,0.062
3511,Billing,5,Human,7,Yes,5,3,Low,No,0.714
3512,HR,5,AI,30,Yes,1,3,Low,No,0.033
3513,HR,1,AI,9,Yes,3,0,Medium,Yes,0.333
3514,HR,2,AI,31,Yes,5,3,High,No,0.161
3515,Technical,3,AI,5,No,1,1,Low,No,0.2
3516,Customer Support,3,Human,6,Yes,4,1,Medium,No,0.667
3517,Customer Support,4,Human,45,Yes,5,2,High,No,0.111
3518,HR,5,Human,51,Yes,3,1,High,No,0.059
3519,HR,2,Human,18,Yes,2,3,Low,Yes,0.111
3520,HR,3,Human,39,No,4,3,Medium,No,0.103
3521,HR,1,Human,40,Yes,5,1,High,No,0.125
3522,Billing,1,AI,35,Yes,4,1,Low,No,0.114
3523,Billing,5,AI,28,Yes,2,1,Medium,No,0.071
3524,Customer Support,1,AI,42,Yes,5,0,Medium,No,0.119
3525,Technical,3,Human,11,Yes,3,0,High,No,0.273
3526,HR,5,Human,13,Yes,4,0,High,No,0.308
3527,Customer Support,4,Human,14,Yes,1,0,Medium,No,0.071
3528,HR,2,AI,44,Yes,5,0,Medium,No,0.114
3529,Billing,4,AI,39,Yes,1,2,Medium,No,0.026
3530,HR,2,Human,22,No,3,0,Low,No,0.136
3531,Billing,1,AI,15,Yes,4,0,Medium,Yes,0.267
3532,Customer Support,1,AI,53,Yes,3,0,Low,No,0.057
3533,HR,4,Human,21,Yes,5,2,High,No,0.238
3534,Customer Support,2,AI,39,Yes,2,3,Low,No,0.051
3535,Technical,3,Human,8,No,1,0,Low,No,0.125
3536,Technical,2,AI,23,Yes,4,3,Low,No,0.174
3537,Customer Support,1,Human,26,No,4,0,Low,No,0.154
3538,Customer Support,4,AI,24,Yes,1,2,High,No,0.042
3539,Customer Support,5,Human,37,Yes,4,2,Medium,No,0.108
3540,Technical,4,Human,9,Yes,5,3,Low,No,0.556
3541,Technical,2,AI,42,Yes,1,0,Low,No,0.024
3542,HR,2,Human,47,Yes,5,3,Low,No,0.106
3543,HR,3,Human,35,Yes,3,1,High,No,0.086
3544,HR,1,Human,40,Yes,5,2,Medium,No,0.125
3545,HR,3,Human,29,Yes,1,0,Low,No,0.034
3546,Customer Support,4,Human,17,Yes,1,3,High,No,0.059
3547,Billing,2,Human,16,Yes,2,0,High,Yes,0.125
3548,Customer Support,4,Human,55,Yes,4,2,High,No,0.073
3549,HR,3,Human,14,Yes,4,2,Medium,No,0.286
3550,Customer Support,3,Human,45,Yes,1,1,High,No,0.022
3551,Billing,5,AI,48,Yes,3,1,Low,No,0.062
3552,Billing,4,Human,21,Yes,3,1,Low,No,0.143
3553,Technical,1,AI,27,Yes,3,3,Low,No,0.111
3554,Customer Support,5,AI,60,Yes,2,1,Medium,No,0.033
3555,Technical,5,Human,40,Yes,1,2,High,No,0.025
3556,HR,1,Human,22,Yes,4,1,Low,No,0.182
3557,Customer Support,4,AI,29,Yes,5,2,Medium,No,0.172
3558,Technical,4,Human,9,Yes,3,1,Medium,No,0.333
3559,Billing,1,Human,47,Yes,5,0,Medium,No,0.106
3560,HR,3,Human,55,Yes,1,2,High,No,0.018
3561,Customer Support,2,AI,42,Yes,5,0,Medium,No,0.119
3562,HR,4,AI,14,No,2,3,High,No,0.143
3563,Customer Support,2,AI,60,Yes,2,2,Medium,No,0.033
3564,Billing,1,Human,55,Yes,3,1,High,No,0.055
3565,Technical,3,Human,11,Yes,5,1,Medium,No,0.455
3566,Technical,1,Human,16,Yes,3,1,Low,Yes,0.188
3567,HR,4,AI,29,Yes,2,3,High,No,0.069
3568,HR,1,AI,17,Yes,2,1,Low,Yes,0.118
3569,Technical,1,AI,53,Yes,2,3,Low,No,0.038
3570,Technical,4,Human,20,No,2,2,High,No,0.1
3571,Customer Support,3,Human,60,Yes,3,1,Medium,No,0.05
3572,Billing,3,AI,6,Yes,5,1,Low,No,0.833
3573,HR,3,AI,27,Yes,4,1,Low,No,0.148
3574,Billing,2,Human,10,Yes,4,1,High,Yes,0.4
3575,Technical,4,Human,41,Yes,5,3,Medium,No,0.122
3576,HR,3,AI,41,Yes,5,2,High,No,0.122
3577,Customer Support,2,Human,55,Yes,5,1,High,No,0.091
3578,Billing,2,Human,54,Yes,2,1,High,No,0.037
3579,HR,4,AI,36,Yes,1,1,High,No,0.028
3580,Customer Support,4,Human,55,Yes,5,2,Medium,No,0.091
3581,Customer Support,5,AI,54,Yes,2,2,High,No,0.037
3582,Technical,2,Human,32,Yes,2,2,Low,No,0.062
3583,Billing,4,Human,34,No,2,1,High,No,0.059
3584,Technical,2,Human,17,Yes,4,1,Low,Yes,0.235
3585,Technical,2,Human,12,Yes,3,3,Medium,Yes,0.25
3586,Billing,2,AI,54,Yes,5,2,High,No,0.093
3587,Billing,5,AI,55,Yes,3,2,Medium,No,0.055
3588,Billing,4,AI,38,Yes,2,0,Low,No,0.053
3589,Billing,3,Human,16,Yes,1,0,Medium,No,0.062
3590,Technical,4,Human,12,Yes,1,1,Low,No,0.083
3591,Billing,3,AI,8,Yes,2,1,High,No,0.25
3592,Billing,4,Human,52,Yes,5,0,High,No,0.096
3593,Technical,5,Human,32,Yes,3,2,Medium,No,0.094
3594,HR,4,AI,6,Yes,2,1,Medium,No,0.333
3595,Billing,4,Human,36,Yes,2,1,High,No,0.056
3596,Customer Support,5,AI,27,Yes,1,0,High,No,0.037
3597,Technical,4,AI,52,Yes,4,1,Low,No,0.077
3598,HR,5,Human,57,Yes,1,3,Low,No,0.018
3599,Customer Support,4,AI,30,Yes,1,2,Low,No,0.033
3600,Customer Support,2,Human,59,Yes,1,0,Medium,No,0.017
3601,Billing,1,Human,50,Yes,3,1,Medium,No,0.06
3602,Billing,1,AI,34,Yes,2,1,Medium,No,0.059
3603,HR,4,AI,43,Yes,1,1,Medium,No,0.023
3604,Customer Support,1,Human,47,Yes,1,1,High,No,0.021
3605,HR,1,Human,49,Yes,2,3,Low,No,0.041
3606,Customer Support,5,AI,6,Yes,1,1,High,No,0.167
3607,HR,2,Human,24,Yes,5,2,Low,No,0.208
3608,Billing,3,AI,32,Yes,5,0,High,No,0.156
3609,Billing,5,Human,18,Yes,2,1,High,No,0.111
3610,Technical,3,Human,59,Yes,3,3,Medium,No,0.051
3611,Technical,4,Human,18,Yes,3,1,High,No,0.167
3612,Technical,5,AI,22,No,3,0,Medium,No,0.136
3613,HR,1,AI,18,Yes,3,1,Low,Yes,0.167
3614,Customer Support,3,AI,26,Yes,2,0,Low,No,0.077
3615,Billing,1,Human,42,Yes,2,2,Low,No,0.048
3616,Billing,3,Human,49,Yes,5,2,Low,No,0.102
3617,Customer Support,5,AI,14,Yes,2,3,High,No,0.143
3618,HR,5,Human,40,Yes,1,3,Medium,No,0.025
3619,Billing,3,Human,43,Yes,2,3,Low,No,0.047
3620,Customer Support,3,Human,29,Yes,5,0,Low,No,0.172
3621,Customer Support,2,AI,40,Yes,3,0,Low,No,0.075
3622,Technical,4,AI,51,Yes,1,1,High,No,0.02
3623,HR,5,Human,46,Yes,4,1,High,No,0.087
3624,Technical,2,AI,16,Yes,2,1,Medium,Yes,0.125
3625,Technical,3,Human,53,Yes,4,0,Medium,No,0.075
3626,Technical,4,AI,43,Yes,4,2,Low,No,0.093
3627,Customer Support,3,AI,42,Yes,1,0,Low,No,0.024
3628,Technical,4,Human,19,Yes,2,2,Medium,No,0.105
3629,Billing,3,AI,14,Yes,4,3,High,No,0.286
3630,Customer Support,4,AI,58,Yes,4,2,Medium,No,0.069
3631,Technical,3,AI,16,Yes,3,0,Medium,No,0.188
3632,Customer Support,5,AI,11,No,1,3,Medium,No,0.091
3633,Billing,5,Human,25,Yes,5,2,Low,No,0.2
3634,Technical,3,Human,22,Yes,4,3,Medium,No,0.182
3635,Technical,3,AI,57,Yes,2,1,Medium,No,0.035
3636,Billing,1,Human,30,Yes,4,0,High,No,0.133
3637,Customer Support,2,AI,37,Yes,2,0,High,No,0.054
3638,Technical,5,AI,60,Yes,4,0,Medium,No,0.067
3639,HR,2,AI,21,Yes,4,1,Low,No,0.19
3640,HR,5,Human,48,Yes,1,1,Low,No,0.021
3641,HR,1,AI,30,Yes,5,3,Medium,No,0.167
3642,HR,2,Human,59,Yes,4,0,Medium,No,0.068
3643,HR,1,AI,29,Yes,4,0,Medium,No,0.138
3644,Billing,2,AI,58,Yes,3,1,Low,No,0.052
3645,Technical,3,Human,35,Yes,3,0,Low,No,0.086
3646,HR,3,Human,10,Yes,2,0,Low,No,0.2
3647,Technical,4,AI,12,Yes,4,0,High,No,0.333
3648,HR,2,Human,26,Yes,3,1,Low,No,0.115
3649,Billing,5,AI,41,Yes,1,0,Low,No,0.024
3650,Billing,4,Human,58,Yes,2,1,Low,No,0.034
3651,Technical,4,AI,28,No,5,2,Low,No,0.179
3652,HR,5,Human,51,Yes,3,2,High,No,0.059
3653,Customer Support,1,Human,50,Yes,1,1,Medium,No,0.02
3654,Technical,5,Human,17,Yes,5,1,High,No,0.294
3655,HR,2,Human,57,No,1,0,Medium,No,0.018
3656,HR,1,AI,49,Yes,3,3,Medium,No,0.061
3657,Customer Support,3,Human,34,Yes,3,0,Low,No,0.088
3658,Technical,4,AI,40,Yes,2,1,Medium,No,0.05
3659,Customer Support,5,AI,12,Yes,4,0,Low,No,0.333
3660,HR,2,AI,9,Yes,1,2,Low,Yes,0.111
3661,Customer Support,1,AI,55,Yes,3,0,Medium,No,0.055
3662,Technical,2,Human,30,Yes,4,3,Medium,No,0.133
3663,Customer Support,3,AI,54,No,3,0,Low,No,0.056
3664,Technical,5,AI,59,Yes,1,0,High,No,0.017
3665,Technical,2,AI,46,Yes,5,0,High,No,0.109
3666,Technical,5,AI,46,Yes,2,0,Low,No,0.043
3667,Customer Support,1,Human,31,Yes,1,0,High,No,0.032
3668,HR,3,AI,32,Yes,1,1,Low,No,0.031
3669,Technical,3,AI,35,Yes,1,3,Medium,No,0.029
3670,HR,3,AI,16,Yes,4,0,Low,No,0.25
3671,HR,1,AI,26,Yes,4,1,High,No,0.154
3672,HR,1,AI,21,Yes,2,3,Low,No,0.095
3673,HR,3,Human,45,Yes,2,1,High,No,0.044
3674,Customer Support,1,Human,20,Yes,2,0,Medium,Yes,0.1
3675,HR,3,Human,52,No,4,3,Low,No,0.077
3676,Technical,3,Human,38,Yes,5,1,Low,No,0.132
3677,HR,1,AI,31,Yes,4,1,High,No,0.129
3678,Billing,2,Human,24,No,3,3,Medium,No,0.125
3679,HR,3,Human,25,Yes,5,2,Low,No,0.2
3680,Customer Support,5,Human,7,Yes,1,2,Low,No,0.143
3681,HR,2,Human,38,Yes,4,0,High,No,0.105
3682,Billing,2,Human,55,Yes,4,1,Medium,No,0.073
3683,Customer Support,4,Human,52,Yes,5,3,Low,No,0.096
3684,HR,5,AI,60,Yes,5,0,High,No,0.083
3685,Customer Support,3,AI,30,Yes,2,0,Low,No,0.067
3686,HR,2,AI,49,Yes,4,0,Medium,No,0.082
3687,HR,5,AI,19,Yes,1,2,Low,No,0.053
3688,Customer Support,1,AI,58,Yes,1,1,Low,No,0.017
3689,HR,4,Human,29,Yes,2,1,Low,No,0.069
3690,Customer Support,3,AI,55,Yes,3,0,Medium,No,0.055
3691,Customer Support,4,Human,50,Yes,1,1,Medium,No,0.02
3692,Customer Support,4,Human,60,Yes,4,1,Low,No,0.067
3693,Technical,3,AI,27,Yes,2,0,High,No,0.074
3694,Technical,5,Human,50,Yes,3,3,High,No,0.06
3695,Customer Support,3,AI,55,No,4,2,Medium,No,0.073
3696,HR,2,Human,20,Yes,3,1,Low,Yes,0.15
3697,Technical,2,Human,47,Yes,4,2,High,No,0.085
3698,Customer Support,3,Human,35,Yes,2,2,Medium,No,0.057
3699,Billing,2,AI,44,Yes,2,3,Medium,No,0.045
3700,Customer Support,1,Human,32,Yes,2,3,Low,No,0.062
3701,HR,2,Human,23,Yes,5,1,High,No,0.217
3702,Technical,4,AI,37,Yes,1,1,Low,No,0.027
3703,Customer Support,3,AI,28,Yes,3,1,Medium,No,0.107
3704,Customer Support,2,AI,58,Yes,2,2,Low,No,0.034
3705,Billing,3,AI,34,Yes,1,3,High,No,0.029
3706,Technical,1,AI,39,Yes,1,0,High,No,0.026
3707,Technical,5,Human,33,Yes,3,1,High,No,0.091
3708,Customer Support,1,AI,47,Yes,5,2,Low,No,0.106
3709,HR,4,Human,42,Yes,5,2,Low,No,0.119
3710,Billing,1,AI,8,Yes,1,1,High,Yes,0.125
3711,Technical,3,Human,43,Yes,5,0,Medium,No,0.116
3712,Billing,3,AI,13,Yes,3,0,Low,No,0.231
3713,HR,2,AI,15,Yes,5,1,Medium,Yes,0.333
3714,HR,1,Human,26,Yes,4,0,Medium,No,0.154
3715,Technical,3,Human,60,Yes,4,2,Low,No,0.067
3716,Billing,1,Human,28,Yes,4,2,High,No,0.143
3717,Billing,5,AI,12,Yes,3,1,High,No,0.25
3718,HR,2,Human,8,Yes,3,1,High,Yes,0.375
3719,Billing,3,AI,38,Yes,4,1,Medium,No,0.105
3720,Technical,1,Human,10,Yes,4,0,Medium,Yes,0.4
3721,Customer Support,1,Human,12,Yes,2,2,Medium,Yes,0.167
3722,Technical,1,Human,54,Yes,1,3,Low,No,0.019
3723,HR,3,Human,46,Yes,3,2,Medium,No,0.065
3724,Customer Support,4,AI,27,Yes,1,3,Medium,No,0.037
3725,HR,4,AI,19,Yes,5,3,High,No,0.263
3726,Billing,3,AI,41,Yes,3,0,High,No,0.073
3727,Billing,4,AI,39,Yes,3,1,Medium,No,0.077
3728,Technical,5,Human,10,Yes,5,3,Low,No,0.5
3729,Technical,5,Human,32,No,1,2,High,No,0.031
3730,HR,1,AI,59,Yes,2,3,Low,No,0.034
3731,Billing,4,Human,42,Yes,3,3,High,No,0.071
3732,Customer Support,5,AI,7,Yes,4,1,Medium,No,0.571
3733,Billing,1,AI,31,Yes,4,1,Medium,No,0.129
3734,HR,3,Human,34,Yes,5,2,Medium,No,0.147
3735,Technical,5,Human,24,Yes,4,1,Medium,No,0.167
3736,HR,3,AI,31,Yes,5,3,Low,No,0.161
3737,Billing,4,Human,36,Yes,3,0,Low,No,0.083
3738,Customer Support,5,Human,21,No,5,3,Low,No,0.238
3739,Technical,1,Human,49,Yes,3,2,Low,No,0.061
3740,Billing,5,AI,22,Yes,2,3,Medium,No,0.091
3741,Technical,2,AI,23,Yes,3,1,High,No,0.13
3742,Technical,2,Human,40,Yes,3,0,Low,No,0.075
3743,HR,2,AI,10,Yes,5,2,Medium,Yes,0.5
3744,HR,2,AI,29,Yes,5,3,Low,No,0.172
3745,Customer Support,1,AI,39,Yes,5,2,High,No,0.128
3746,HR,5,AI,39,No,4,0,Low,No,0.103
3747,Customer Support,1,Human,35,Yes,5,2,High,No,0.143
3748,Technical,4,Human,41,Yes,5,2,High,No,0.122
3749,HR,2,Human,58,Yes,4,2,Low,No,0.069
3750,Billing,4,AI,45,Yes,3,1,High,No,0.067
3751,Technical,1,Human,12,Yes,3,2,Medium,Yes,0.25
3752,HR,5,Human,22,No,5,1,Medium,No,0.227
3753,Technical,2,Human,57,Yes,3,1,Low,No,0.053
3754,Billing,3,Human,50,No,4,2,High,No,0.08
3755,Billing,1,Human,36,Yes,1,0,Low,No,0.028
3756,Billing,2,Human,47,Yes,2,0,Low,No,0.043
3757,Technical,3,Human,54,Yes,1,3,Medium,No,0.019
3758,Billing,4,Human,54,Yes,3,2,Medium,No,0.056
3759,HR,4,AI,56,Yes,4,3,Medium,No,0.071
3760,Billing,1,Human,54,Yes,5,1,Medium,No,0.093
3761,Billing,1,Human,34,Yes,1,3,High,No,0.029
3762,Billing,1,AI,14,Yes,1,3,Low,Yes,0.071
3763,Billing,2,AI,50,Yes,2,2,High,No,0.04
3764,HR,2,Human,58,Yes,4,0,High,No,0.069
3765,Technical,5,Human,8,Yes,4,3,Low,No,0.5
3766,Customer Support,4,AI,22,Yes,3,0,Low,No,0.136
3767,Customer Support,3,AI,54,Yes,4,3,High,No,0.074
3768,Technical,5,Human,13,Yes,4,1,Medium,No,0.308
3769,Customer Support,1,Human,18,Yes,3,2,Low,Yes,0.167
3770,HR,3,AI,9,Yes,4,3,High,No,0.444
3771,Customer Support,4,AI,5,Yes,2,3,Medium,No,0.4
3772,Technical,5,AI,32,Yes,1,0,High,No,0.031
3773,Customer Support,5,AI,30,Yes,1,3,High,No,0.033
3774,Billing,4,AI,52,Yes,4,1,Low,No,0.077
3775,HR,1,Human,27,Yes,1,2,Low,No,0.037
3776,HR,5,Human,55,Yes,4,0,Low,No,0.073
3777,HR,2,Human,48,Yes,3,2,High,No,0.062
3778,Customer Support,4,Human,40,Yes,1,2,High,No,0.025
3779,Technical,1,Human,43,Yes,1,2,High,No,0.023
3780,Technical,2,AI,54,Yes,3,0,Low,No,0.056
3781,Customer Support,3,Human,38,Yes,4,1,Low,No,0.105
3782,Technical,2,Human,22,No,2,3,Low,No,0.091
3783,Customer Support,2,Human,11,Yes,1,0,Medium,Yes,0.091
3784,Billing,2,Human,58,Yes,1,1,Low,No,0.017
3785,Customer Support,2,Human,59,Yes,3,2,Low,No,0.051
3786,Technical,1,Human,35,Yes,4,0,High,No,0.114
3787,Technical,5,AI,53,Yes,1,2,Low,No,0.019
3788,Technical,1,AI,21,Yes,3,2,Medium,No,0.143
3789,Billing,5,AI,5,Yes,3,1,Medium,No,0.6
3790,HR,3,Human,50,Yes,1,0,Low,No,0.02
3791,Technical,3,AI,49,No,3,1,Medium,No,0.061
3792,Customer Support,3,Human,12,Yes,4,3,Low,No,0.333
3793,Customer Support,5,AI,9,Yes,3,3,Medium,No,0.333
3794,Customer Support,1,Human,20,Yes,2,0,Low,Yes,0.1
3795,Technical,1,AI,31,Yes,5,0,High,No,0.161
3796,Billing,4,AI,47,Yes,2,3,High,No,0.043
3797,Billing,4,AI,42,Yes,5,3,Medium,No,0.119
3798,Billing,3,AI,60,Yes,5,2,High,No,0.083
3799,HR,2,Human,28,Yes,3,1,Medium,No,0.107
3800,Technical,4,AI,30,Yes,4,2,Medium,No,0.133
3801,Billing,1,AI,55,Yes,1,3,High,No,0.018
3802,Technical,1,AI,59,No,4,0,Medium,No,0.068
3803,HR,1,Human,38,Yes,4,0,Medium,No,0.105
3804,Customer Support,2,AI,16,Yes,5,1,High,Yes,0.312
3805,Technical,2,Human,35,Yes,4,0,High,No,0.114
3806,Customer Support,1,Human,40,Yes,2,0,High,No,0.05
3807,Billing,3,AI,18,Yes,2,3,Low,No,0.111
3808,Customer Support,5,Human,16,Yes,4,3,Low,No,0.25
3809,Customer Support,4,AI,55,Yes,5,1,Low,No,0.091
3810,Billing,4,Human,38,Yes,3,0,Medium,No,0.079
3811,Billing,3,AI,18,Yes,3,3,Low,No,0.167
3812,Billing,3,AI,21,No,3,3,High,No,0.143
3813,Technical,5,AI,26,No,3,1,High,No,0.115
3814,Billing,3,AI,49,Yes,4,3,Medium,No,0.082
3815,Technical,2,Human,5,Yes,3,0,High,Yes,0.6
3816,Billing,5,AI,9,Yes,2,0,Low,No,0.222
3817,Technical,3,Human,59,Yes,1,1,Low,No,0.017
3818,HR,2,AI,19,Yes,4,0,Low,Yes,0.211
3819,Technical,4,AI,58,Yes,3,1,Low,No,0.052
3820,HR,2,AI,39,Yes,5,2,Low,No,0.128
3821,HR,2,AI,52,Yes,2,3,High,No,0.038
3822,Customer Support,5,AI,45,Yes,1,1,Low,No,0.022
3823,Technical,1,AI,58,Yes,4,3,High,No,0.069
3824,HR,5,Human,6,No,3,0,High,No,0.5
3825,Customer Support,1,AI,41,Yes,2,3,High,No,0.049
3826,Billing,5,AI,53,Yes,3,2,High,No,0.057
3827,HR,4,Human,10,Yes,3,1,Medium,No,0.3
3828,Customer Support,5,Human,10,Yes,1,3,High,No,0.1
3829,Technical,3,Human,57,Yes,5,1,High,No,0.088
3830,Billing,3,Human,35,No,1,1,Medium,No,0.029
3831,Technical,4,Human,9,Yes,2,1,Medium,No,0.222
3832,Customer Support,3,AI,39,Yes,3,2,High,No,0.077
3833,Customer Support,4,Human,21,Yes,2,0,Low,No,0.095
3834,Customer Support,4,AI,40,Yes,4,2,Low,No,0.1
3835,Billing,5,AI,57,Yes,4,3,High,No,0.07
3836,Technical,4,Human,28,Yes,1,0,Medium,No,0.036
3837,Billing,5,AI,52,Yes,2,2,High,No,0.038
3838,Technical,2,Human,23,Yes,2,1,High,No,0.087
3839,Billing,5,AI,6,Yes,1,3,High,No,0.167
3840,HR,2,Human,25,Yes,1,3,High,No,0.04
3841,Billing,5,Human,24,Yes,1,0,High,No,0.042
3842,Billing,5,Human,44,Yes,2,3,Medium,No,0.045
3843,Customer Support,4,Human,31,Yes,1,2,Low,No,0.032
3844,Customer Support,2,Human,37,Yes,1,1,Low,No,0.027
3845,Billing,3,Human,24,Yes,3,1,Medium,No,0.125
3846,Billing,2,AI,20,Yes,1,0,Low,Yes,0.05
3847,HR,2,AI,32,Yes,1,1,High,No,0.031
3848,HR,5,Human,53,Yes,5,0,High,No,0.094
3849,Technical,5,AI,9,Yes,5,3,Medium,No,0.556
3850,Technical,1,Human,48,Yes,2,3,High,No,0.042
3851,Customer Support,4,AI,59,Yes,2,1,Low,No,0.034
3852,Billing,2,Human,18,Yes,2,1,Low,Yes,0.111
3853,HR,3,Human,52,Yes,1,0,Medium,No,0.019
3854,HR,3,Human,48,Yes,4,1,Low,No,0.083
3855,Customer Support,2,AI,9,Yes,1,0,Low,Yes,0.111
3856,HR,2,Human,23,Yes,2,0,High,No,0.087
3857,Technical,3,Human,39,Yes,3,0,High,No,0.077
3858,Billing,4,Human,57,Yes,1,0,High,No,0.018
3859,Billing,2,AI,35,Yes,1,2,Low,No,0.029
3860,HR,4,Human,34,Yes,2,1,Medium,No,0.059
3861,Technical,3,Human,55,Yes,2,0,High,No,0.036
3862,Customer Support,4,Human,29,Yes,5,3,High,No,0.172
3863,Billing,5,Human,60,Yes,2,0,High,No,0.033
3864,Customer Support,1,Human,16,Yes,5,0,High,Yes,0.312
3865,HR,4,Human,48,Yes,1,3,Medium,No,0.021
3866,HR,4,Human,17,No,5,0,Low,No,0.294
3867,Technical,1,AI,10,Yes,2,1,High,Yes,0.2
3868,Billing,1,AI,40,Yes,3,3,Medium,No,0.075
3869,Technical,3,Human,21,Yes,2,3,Medium,No,0.095
3870,Customer Support,3,AI,31,No,3,1,Low,No,0.097
3871,Customer Support,2,Human,32,Yes,3,0,Medium,No,0.094
3872,HR,4,AI,38,Yes,4,1,High,No,0.105
3873,Billing,3,AI,20,Yes,5,1,Low,No,0.25
3874,HR,3,Human,44,Yes,4,1,Medium,No,0.091
3875,Customer Support,5,AI,10,Yes,1,0,Medium,No,0.1
3876,Technical,4,AI,20,Yes,4,0,Medium,No,0.2
3877,Billing,5,Human,20,Yes,5,3,High,No,0.25
3878,HR,2,AI,59,Yes,4,0,High,No,0.068
3879,Billing,3,Human,59,No,3,1,Low,No,0.051
3880,Technical,1,Human,48,Yes,4,3,High,No,0.083
3881,Billing,5,AI,15,No,2,3,High,No,0.133
3882,HR,1,AI,10,No,5,2,Low,Yes,0.5
3883,Technical,1,AI,60,Yes,1,2,Low,No,0.017
3884,Technical,3,AI,20,Yes,4,3,Medium,No,0.2
3885,Technical,4,AI,18,Yes,1,0,High,No,0.056
3886,Customer Support,4,AI,37,Yes,3,0,High,No,0.081
3887,Technical,1,AI,11,Yes,5,0,Low,Yes,0.455
3888,Customer Support,3,AI,40,Yes,4,1,Medium,No,0.1
3889,Customer Support,5,Human,6,Yes,3,2,Low,No,0.5
3890,HR,5,AI,52,Yes,1,1,High,No,0.019
3891,Customer Support,4,Human,43,Yes,5,2,Medium,No,0.116
3892,HR,3,AI,42,Yes,3,1,Low,No,0.071
3893,HR,5,AI,47,Yes,4,1,High,No,0.085
3894,Technical,5,Human,41,Yes,1,3,Low,No,0.024
3895,Customer Support,2,Human,20,Yes,4,3,Medium,Yes,0.2
3896,Billing,2,Human,60,Yes,4,2,High,No,0.067
3897,Technical,1,AI,49,Yes,4,2,High,No,0.082
3898,Billing,5,Human,47,Yes,2,1,Medium,No,0.043
3899,HR,3,Human,55,Yes,4,3,Low,No,0.073
3900,Technical,4,AI,46,Yes,4,2,Medium,No,0.087
3901,HR,3,AI,60,Yes,4,3,Low,No,0.067
3902,Billing,3,Human,41,Yes,3,3,Low,No,0.073
3903,Technical,5,Human,54,Yes,1,3,Medium,No,0.019
3904,Customer Support,2,AI,11,Yes,5,1,High,Yes,0.455
3905,Billing,3,Human,24,No,2,3,Low,No,0.083
3906,Customer Support,5,Human,12,No,1,0,Low,No,0.083
3907,Technical,4,Human,51,Yes,4,3,High,No,0.078
3908,Customer Support,1,AI,39,Yes,4,3,Low,No,0.103
3909,HR,1,AI,19,Yes,5,2,Medium,Yes,0.263
3910,HR,1,AI,59,Yes,4,0,High,No,0.068
3911,Technical,5,Human,41,Yes,3,3,Medium,No,0.073
3912,Customer Support,1,Human,43,Yes,3,2,Medium,No,0.07
3913,Technical,2,Human,10,Yes,4,0,Medium,Yes,0.4
3914,HR,4,AI,46,Yes,2,3,High,No,0.043
3915,Billing,3,AI,57,Yes,4,0,Medium,No,0.07
3916,Billing,4,Human,60,Yes,3,0,High,No,0.05
3917,Customer Support,5,Human,11,Yes,2,0,Medium,No,0.182
3918,Customer Support,1,Human,15,Yes,4,1,Medium,Yes,0.267
3919,Billing,1,Human,45,No,4,0,Medium,No,0.089
3920,Billing,1,Human,58,Yes,4,2,Medium,No,0.069
3921,HR,1,AI,13,No,1,3,High,Yes,0.077
3922,HR,5,AI,25,Yes,2,1,Low,No,0.08
3923,HR,3,AI,26,Yes,2,1,Low,No,0.077
3924,Billing,5,Human,34,Yes,3,1,Medium,No,0.088
3925,HR,5,AI,50,Yes,4,3,High,No,0.08
3926,Technical,5,AI,41,Yes,3,2,Medium,No,0.073
3927,Technical,1,AI,22,Yes,5,0,Medium,No,0.227
3928,Customer Support,2,AI,49,Yes,2,0,Medium,No,0.041
3929,Billing,2,Human,44,Yes,4,1,High,No,0.091
3930,Technical,2,AI,22,Yes,5,1,High,No,0.227
3931,HR,1,Human,10,Yes,2,1,Low,Yes,0.2
3932,Technical,3,AI,28,Yes,5,0,High,No,0.179
3933,Customer Support,5,AI,28,Yes,2,1,High,No,0.071
3934,HR,3,AI,18,Yes,4,1,High,No,0.222
3935,HR,2,AI,37,Yes,2,0,Medium,No,0.054
3936,Billing,5,AI,25,Yes,5,1,High,No,0.2
3937,HR,4,AI,41,No,4,2,High,No,0.098
3938,Customer Support,4,AI,32,Yes,2,0,Low,No,0.062
3939,Billing,2,Human,43,Yes,3,0,High,No,0.07
3940,Billing,2,Human,24,Yes,2,3,High,No,0.083
3941,Technical,2,AI,17,Yes,3,2,Low,Yes,0.176
3942,Billing,4,AI,51,Yes,5,0,Low,No,0.098
3943,Billing,3,Human,24,Yes,4,3,Low,No,0.167
3944,Billing,4,Human,53,Yes,2,2,Medium,No,0.038
3945,Technical,1,Human,60,Yes,3,0,Medium,No,0.05
3946,HR,4,AI,57,Yes,5,3,Low,No,0.088
3947,Technical,5,AI,48,No,2,2,Medium,No,0.042
3948,Customer Support,1,AI,17,Yes,3,3,Low,Yes,0.176
3949,Customer Support,2,Human,44,No,4,3,Low,No,0.091
3950,HR,2,Human,23,Yes,1,0,Medium,No,0.043
3951,Billing,1,AI,55,Yes,4,3,Medium,No,0.073
3952,HR,4,Human,21,Yes,4,1,Low,No,0.19
3953,Technical,2,AI,32,Yes,2,3,High,No,0.062
3954,Customer Support,2,Human,48,Yes,1,3,Medium,No,0.021
3955,Billing,5,Human,36,No,2,1,High,No,0.056
3956,Customer Support,2,Human,45,No,2,0,High,No,0.044
3957,Customer Support,5,Human,23,Yes,2,2,Medium,No,0.087
3958,Customer Support,2,Human,45,Yes,5,2,Low,No,0.111
3959,Technical,3,Human,41,Yes,5,1,Medium,No,0.122
3960,HR,3,Human,26,Yes,3,0,High,No,0.115
3961,Customer Support,4,AI,20,Yes,2,1,Medium,No,0.1
3962,HR,3,AI,30,Yes,3,1,Medium,No,0.1
3963,Customer Support,3,AI,37,Yes,3,2,Low,No,0.081
3964,Customer Support,5,Human,21,Yes,4,3,Low,No,0.19
3965,Technical,5,AI,13,Yes,5,1,Low,No,0.385
3966,Customer Support,5,Human,36,Yes,2,0,High,No,0.056
3967,HR,2,Human,25,Yes,1,2,High,No,0.04
3968,Billing,2,Human,43,Yes,2,3,High,No,0.047
3969,Technical,2,Human,35,Yes,3,2,Medium,No,0.086
3970,HR,2,Human,58,Yes,3,1,High,No,0.052
3971,Technical,5,Human,34,Yes,2,0,High,No,0.059
3972,Customer Support,5,AI,18,Yes,5,0,Low,No,0.278
3973,HR,5,Human,60,Yes,1,3,Medium,No,0.017
3974,Customer Support,2,Human,47,Yes,4,3,High,No,0.085
3975,HR,4,Human,24,Yes,5,1,High,No,0.208
3976,Customer Support,2,Human,5,Yes,5,2,High,Yes,1.0
3977,Billing,4,Human,46,Yes,1,3,Medium,No,0.022
3978,Billing,4,Human,22,Yes,2,2,Medium,No,0.091
3979,Customer Support,2,Human,43,No,3,1,Medium,No,0.07
3980,Technical,2,Human,23,Yes,1,0,Low,No,0.043
3981,Technical,1,AI,25,Yes,5,2,High,No,0.2
3982,HR,3,Human,32,Yes,4,3,Medium,No,0.125
3983,Technical,5,Human,7,Yes,2,2,Low,No,0.286
3984,Billing,1,Human,43,Yes,2,3,Low,No,0.047
3985,Billing,5,Human,9,Yes,5,0,High,No,0.556
3986,HR,5,AI,50,Yes,3,0,Medium,No,0.06
3987,Customer Support,5,AI,51,Yes,1,1,Medium,No,0.02
3988,Technical,1,AI,35,Yes,1,0,Low,No,0.029
3989,Customer Support,1,Human,27,No,1,3,Low,No,0.037
3990,Customer Support,3,AI,25,Yes,2,3,High,No,0.08
3991,Customer Support,2,AI,24,Yes,5,1,Medium,No,0.208
3992,Technical,1,Human,60,Yes,4,2,Medium,No,0.067
3993,HR,1,AI,55,Yes,4,3,Medium,No,0.073
3994,Technical,1,Human,11,Yes,3,2,Medium,Yes,0.273
3995,Billing,1,Human,37,Yes,5,1,High,No,0.135
3996,Billing,2,Human,22,Yes,1,1,Medium,No,0.045
3997,Technical,4,Human,49,Yes,1,3,Low,No,0.02
3998,Customer Support,2,AI,55,Yes,3,0,Medium,No,0.055
3999,Technical,3,AI,35,Yes,2,1,Medium,No,0.057
4000,HR,4,AI,49,Yes,1,2,High,No,0.02
4001,Customer Support,3,AI,25,Yes,4,1,Low,No,0.16
4002,Customer Support,1,Human,51,Yes,5,0,High,No,0.098
4003,HR,1,Human,10,Yes,1,2,Medium,Yes,0.1
4004,Customer Support,1,Human,17,Yes,5,0,Low,Yes,0.294
4005,Technical,5,AI,52,Yes,2,1,Medium,No,0.038
4006,HR,3,Human,26,Yes,3,1,High,No,0.115
4007,Billing,4,Human,20,Yes,3,2,Low,No,0.15
4008,Billing,5,AI,37,No,3,3,High,No,0.081
4009,Customer Support,4,AI,48,Yes,2,3,Low,No,0.042
4010,Billing,3,AI,23,Yes,1,0,Low,No,0.043
4011,Customer Support,4,AI,33,Yes,2,0,Low,No,0.061
4012,Customer Support,5,AI,12,Yes,3,3,High,No,0.25
4013,HR,2,Human,26,Yes,1,2,Medium,No,0.038
4014,Billing,3,AI,17,Yes,3,3,Low,No,0.176
4015,Customer Support,1,Human,22,No,2,3,Medium,No,0.091
4016,Customer Support,1,AI,60,Yes,2,1,Medium,No,0.033
4017,HR,1,Human,15,Yes,1,1,Medium,Yes,0.067
4018,Customer Support,3,AI,29,Yes,3,3,Low,No,0.103
4019,Technical,3,Human,51,Yes,5,0,Low,No,0.098
4020,Customer Support,3,Human,47,Yes,4,0,High,No,0.085
4021,Customer Support,3,AI,22,Yes,1,2,Medium,No,0.045
4022,HR,2,AI,58,Yes,1,2,Medium,No,0.017
4023,Customer Support,2,Human,10,Yes,3,1,Low,Yes,0.3
4024,Technical,1,Human,12,Yes,5,1,Medium,Yes,0.417
4025,Billing,3,AI,40,Yes,5,1,High,No,0.125
4026,Customer Support,1,AI,25,Yes,3,0,Low,No,0.12
4027,HR,2,AI,48,Yes,3,2,Medium,No,0.062
4028,Technical,5,AI,6,Yes,5,0,Low,No,0.833
4029,Technical,4,AI,32,Yes,4,1,Medium,No,0.125
4030,Billing,5,AI,18,Yes,1,3,Low,No,0.056
4031,Customer Support,1,AI,57,Yes,2,2,Medium,No,0.035
4032,Technical,3,Human,60,Yes,3,3,Medium,No,0.05
4033,Billing,2,Human,43,Yes,4,1,Low,No,0.093
4034,Technical,1,AI,40,Yes,3,3,Low,No,0.075
4035,Technical,1,Human,36,Yes,4,3,High,No,0.111
4036,Billing,2,Human,16,Yes,5,0,High,Yes,0.312
4037,Customer Support,5,AI,26,Yes,2,0,Low,No,0.077
4038,Billing,3,AI,49,Yes,1,1,High,No,0.02
4039,Technical,2,Human,18,Yes,1,1,High,Yes,0.056
4040,Technical,1,AI,13,Yes,4,2,High,Yes,0.308
4041,Technical,1,AI,56,Yes,4,0,Medium,No,0.071
4042,Customer Support,4,Human,21,Yes,4,3,Medium,No,0.19
4043,Customer Support,4,Human,31,Yes,4,2,Medium,No,0.129
4044,Billing,4,Human,48,Yes,4,3,High,No,0.083
4045,HR,2,Human,27,Yes,2,3,Medium,No,0.074
4046,HR,4,Human,7,Yes,3,1,Medium,No,0.429
4047,Customer Support,5,AI,36,Yes,3,2,Low,No,0.083
4048,Technical,4,Human,22,Yes,2,3,Medium,No,0.091
4049,Technical,3,Human,13,Yes,1,2,High,No,0.077
4050,HR,2,Human,24,Yes,5,1,High,No,0.208
4051,HR,1,Human,30,Yes,3,0,Low,No,0.1
4052,Customer Support,5,AI,52,No,5,1,Medium,No,0.096
4053,Billing,4,AI,59,Yes,1,1,Low,No,0.017
4054,Customer Support,2,Human,41,Yes,1,2,Medium,No,0.024
4055,Billing,5,Human,44,Yes,2,3,Medium,No,0.045
4056,Technical,5,Human,27,Yes,3,0,High,No,0.111
4057,Customer Support,2,AI,42,Yes,2,1,Medium,No,0.048
4058,HR,1,Human,60,Yes,5,2,Low,No,0.083
4059,Technical,2,Human,28,Yes,1,3,High,No,0.036
4060,Technical,2,Human,36,No,4,1,Low,No,0.111
4061,HR,5,Human,27,Yes,1,0,Low,No,0.037
4062,Technical,4,AI,12,Yes,3,1,Medium,No,0.25
4063,Technical,3,AI,42,Yes,3,0,High,No,0.071
4064,Technical,1,AI,53,No,3,3,Medium,No,0.057
4065,HR,3,Human,47,Yes,5,2,Medium,No,0.106
4066,HR,4,AI,51,Yes,5,1,High,No,0.098
4067,Billing,3,AI,37,Yes,5,3,Low,No,0.135
4068,HR,5,AI,10,Yes,1,3,Medium,No,0.1
4069,Customer Support,4,Human,59,Yes,3,0,Medium,No,0.051
4070,Billing,1,AI,34,Yes,4,0,High,No,0.118
4071,HR,4,AI,59,No,3,2,High,No,0.051
4072,HR,3,AI,15,Yes,1,3,Medium,No,0.067
4073,Technical,1,Human,32,Yes,2,1,Low,No,0.062
4074,Billing,2,Human,24,Yes,5,3,Medium,No,0.208
4075,HR,2,Human,31,Yes,5,0,Medium,No,0.161
4076,Billing,1,AI,37,Yes,2,3,High,No,0.054
4077,Billing,3,Human,55,Yes,5,0,Low,No,0.091
4078,Billing,4,Human,55,Yes,2,0,High,No,0.036
4079,HR,2,Human,41,Yes,3,0,Medium,No,0.073
4080,Technical,3,Human,41,Yes,1,1,Low,No,0.024
4081,Technical,4,Human,44,Yes,5,2,High,No,0.114
4082,Billing,2,Human,6,No,1,0,High,Yes,0.167
4083,HR,5,AI,42,Yes,1,2,Low,No,0.024
4084,HR,1,Human,50,Yes,2,1,High,No,0.04
4085,HR,1,Human,54,Yes,5,3,Low,No,0.093
4086,HR,1,AI,34,No,5,1,Medium,No,0.147
4087,Customer Support,2,AI,58,Yes,2,3,Medium,No,0.034
4088,Technical,2,AI,56,No,2,3,High,No,0.036
4089,Billing,1,AI,41,Yes,2,2,Low,No,0.049
4090,HR,4,Human,43,Yes,1,2,High,No,0.023
4091,HR,5,AI,45,Yes,3,1,High,No,0.067
4092,Customer Support,4,AI,36,Yes,2,0,Medium,No,0.056
4093,Technical,1,AI,43,Yes,1,0,Low,No,0.023
4094,Billing,5,AI,34,Yes,5,2,High,No,0.147
4095,Customer Support,1,AI,21,No,4,3,Low,No,0.19
4096,HR,4,AI,20,Yes,4,1,High,No,0.2
4097,HR,3,Human,12,Yes,2,2,Medium,No,0.167
4098,HR,4,AI,6,Yes,1,2,Medium,No,0.167
4099,Technical,2,Human,16,Yes,3,3,Medium,Yes,0.188
4100,Technical,2,AI,57,Yes,2,3,Low,No,0.035
4101,Technical,2,Human,55,Yes,2,0,Low,No,0.036
4102,Billing,1,AI,38,Yes,1,1,High,No,0.026
4103,Billing,1,AI,58,Yes,3,3,High,No,0.052
4104,Billing,3,Human,44,Yes,5,1,Low,No,0.114
4105,Customer Support,3,Human,57,Yes,5,2,Low,No,0.088
4106,HR,4,Human,31,Yes,5,0,Medium,No,0.161
4107,Customer Support,5,Human,34,Yes,1,1,Medium,No,0.029
4108,HR,4,AI,58,Yes,2,0,High,No,0.034
4109,Technical,2,AI,33,Yes,2,0,Medium,No,0.061
4110,HR,5,AI,38,Yes,5,1,High,No,0.132
4111,Customer Support,4,AI,7,Yes,4,1,Low,No,0.571
4112,Technical,4,Human,52,Yes,1,3,High,No,0.019
4113,HR,2,AI,46,Yes,5,2,High,No,0.109
4114,HR,4,Human,26,No,1,1,Medium,No,0.038
4115,Technical,2,AI,52,Yes,4,1,Low,No,0.077
4116,Technical,2,AI,58,Yes,5,0,Medium,No,0.086
4117,HR,5,AI,9,Yes,1,0,Low,No,0.111
4118,Billing,3,Human,18,Yes,3,1,Low,No,0.167
4119,Billing,1,AI,35,Yes,5,3,High,No,0.143
4120,HR,3,AI,12,Yes,3,3,Low,No,0.25
4121,Technical,4,Human,12,Yes,5,3,High,No,0.417
4122,HR,1,AI,44,Yes,1,2,High,No,0.023
4123,Technical,5,Human,22,Yes,1,2,Medium,No,0.045
4124,HR,2,AI,58,Yes,4,0,Medium,No,0.069
4125,Customer Support,1,Human,33,No,1,0,Medium,No,0.03
4126,Customer Support,4,AI,21,No,4,2,Low,No,0.19
4127,HR,3,Human,58,No,2,3,Low,No,0.034
4128,HR,5,AI,15,Yes,4,0,High,No,0.267
4129,Technical,1,Human,17,Yes,3,3,Low,Yes,0.176
4130,Billing,4,AI,39,Yes,5,2,Low,No,0.128
4131,Billing,5,AI,7,Yes,2,1,Medium,No,0.286
4132,HR,3,AI,14,Yes,2,0,High,No,0.143
4133,HR,4,AI,54,Yes,1,1,Low,No,0.019
4134,Technical,3,AI,39,Yes,1,0,High,No,0.026
4135,Technical,2,Human,59,Yes,5,0,Medium,No,0.085
4136,HR,2,Human,60,No,1,3,Low,No,0.017
4137,Technical,3,Human,42,Yes,3,3,Low,No,0.071
4138,HR,1,Human,52,Yes,2,1,Medium,No,0.038
4139,Customer Support,5,Human,9,Yes,4,1,Medium,No,0.444
4140,Technical,1,AI,9,No,5,2,High,Yes,0.556
4141,Technical,4,Human,20,Yes,4,2,High,No,0.2
4142,HR,3,Human,8,Yes,2,3,Low,No,0.25
4143,HR,2,Human,38,Yes,1,0,Low,No,0.026
4144,Customer Support,4,Human,26,Yes,3,0,High,No,0.115
4145,Customer Support,5,AI,32,Yes,2,3,Medium,No,0.062
4146,Customer Support,5,AI,12,Yes,4,0,High,No,0.333
4147,Technical,3,AI,37,Yes,5,0,High,No,0.135
4148,Customer Support,2,Human,36,Yes,3,1,Low,No,0.083
4149,Customer Support,4,AI,58,Yes,5,2,High,No,0.086
4150,Billing,2,Human,49,Yes,3,1,Low,No,0.061
4151,HR,1,AI,58,Yes,4,0,Low,No,0.069
4152,Billing,2,AI,9,Yes,5,3,Medium,Yes,0.556
4153,HR,3,Human,20,Yes,4,2,High,No,0.2
4154,HR,5,AI,8,Yes,4,0,Medium,No,0.5
4155,Customer Support,5,AI,42,Yes,3,1,High,No,0.071
4156,Technical,5,Human,39,Yes,2,3,Medium,No,0.051
4157,Technical,1,AI,24,Yes,2,1,Medium,No,0.083
4158,HR,2,Human,42,Yes,5,0,Medium,No,0.119
4159,Technical,2,AI,21,Yes,4,1,Medium,No,0.19
4160,Technical,1,Human,8,No,4,1,Low,Yes,0.5
4161,Billing,2,AI,13,No,2,3,High,Yes,0.154
4162,Customer Support,4,Human,14,Yes,5,3,Low,No,0.357
4163,Customer Support,2,Human,7,Yes,4,3,Low,Yes,0.571
4164,HR,1,AI,45,Yes,2,1,Medium,No,0.044
4165,Billing,1,Human,13,Yes,3,3,Low,Yes,0.231
4166,HR,1,Human,48,Yes,4,1,Low,No,0.083
4167,Technical,3,Human,40,Yes,3,2,Low,No,0.075
4168,Technical,4,Human,25,Yes,5,0,Medium,No,0.2
4169,HR,3,Human,48,Yes,4,2,Low,No,0.083
4170,Billing,3,Human,57,Yes,1,2,Medium,No,0.018
4171,Billing,2,Human,32,No,5,0,Medium,No,0.156
4172,Technical,4,AI,27,Yes,4,1,High,No,0.148
4173,Billing,4,Human,5,Yes,1,2,Low,No,0.2
4174,HR,2,AI,45,No,5,3,Medium,No,0.111
4175,Customer Support,5,Human,25,Yes,4,2,High,No,0.16
4176,Customer Support,2,AI,32,No,3,1,Medium,No,0.094
4177,HR,1,Human,49,Yes,5,1,High,No,0.102
4178,Customer Support,1,AI,8,Yes,4,2,High,Yes,0.5
4179,Technical,1,AI,33,Yes,1,1,Low,No,0.03
4180,Technical,2,Human,40,No,2,0,High,No,0.05
4181,Technical,4,AI,38,Yes,4,3,Medium,No,0.105
4182,Customer Support,3,Human,59,Yes,1,0,Low,No,0.017
4183,Billing,3,Human,56,No,3,2,Low,No,0.054
4184,Customer Support,4,AI,8,Yes,4,1,Medium,No,0.5
4185,Technical,1,Human,25,No,4,3,High,No,0.16
4186,Customer Support,3,Human,54,Yes,2,1,Medium,No,0.037
4187,Technical,4,AI,55,No,5,3,Medium,No,0.091
4188,HR,5,AI,50,Yes,3,3,Medium,No,0.06
4189,Billing,3,Human,31,Yes,2,0,Medium,No,0.065
4190,Billing,4,AI,60,No,1,1,Low,No,0.017
4191,Billing,4,Human,50,Yes,5,2,Medium,No,0.1
4192,HR,4,AI,58,Yes,2,0,Medium,No,0.034
4193,Billing,4,AI,42,Yes,4,2,Medium,No,0.095
4194,HR,1,AI,22,Yes,2,1,Medium,No,0.091
4195,Customer Support,5,AI,39,Yes,5,3,High,No,0.128
4196,Billing,2,AI,46,Yes,2,3,Medium,No,0.043
4197,Technical,5,Human,49,Yes,5,2,Medium,No,0.102
4198,Technical,4,AI,22,Yes,4,2,High,No,0.182
4199,Billing,5,AI,54,Yes,3,1,Medium,No,0.056
4200,Billing,1,AI,40,Yes,3,1,Low,No,0.075
4201,Billing,5,AI,23,Yes,3,3,High,No,0.13
4202,Technical,1,AI,46,Yes,4,3,Medium,No,0.087
4203,Customer Support,4,AI,17,Yes,2,2,Low,No,0.118
4204,Billing,2,AI,28,Yes,5,3,High,No,0.179
4205,Billing,3,Human,57,Yes,1,2,High,No,0.018
4206,HR,2,Human,49,Yes,5,2,High,No,0.102
4207,Technical,4,AI,56,No,3,0,Low,No,0.054
4208,Customer Support,4,Human,50,Yes,4,3,Medium,No,0.08
4209,Billing,1,AI,25,Yes,1,0,Low,No,0.04
4210,Technical,2,Human,57,Yes,5,3,Low,No,0.088
4211,Billing,5,Human,19,Yes,2,0,Medium,No,0.105
4212,HR,2,AI,11,Yes,5,0,High,Yes,0.455
4213,Billing,3,AI,17,No,3,2,Medium,No,0.176
4214,HR,2,Human,44,Yes,2,0,High,No,0.045
4215,Customer Support,1,AI,39,Yes,4,1,Low,No,0.103
4216,Technical,5,Human,52,Yes,1,1,Medium,No,0.019
4217,Customer Support,4,Human,29,Yes,4,2,Low,No,0.138
4218,Customer Support,3,AI,24,Yes,3,1,Medium,No,0.125
4219,Customer Support,1,AI,45,Yes,3,1,High,No,0.067
4220,Billing,4,AI,47,Yes,4,3,Medium,No,0.085
4221,Billing,4,Human,35,Yes,4,2,High,No,0.114
4222,HR,2,Human,51,Yes,3,0,High,No,0.059
4223,Technical,2,AI,36,Yes,2,2,High,No,0.056
4224,HR,3,AI,60,Yes,3,3,High,No,0.05
4225,Billing,3,Human,12,Yes,3,1,High,No,0.25
4226,Customer Support,1,Human,24,No,4,3,Medium,No,0.167
4227,Customer Support,3,Human,48,Yes,5,2,Low,No,0.104
4228,HR,2,AI,39,Yes,5,1,Medium,No,0.128
4229,Customer Support,2,AI,19,Yes,4,2,Low,Yes,0.211
4230,Technical,4,AI,10,Yes,4,3,Low,No,0.4
4231,Billing,5,Human,26,No,1,1,High,No,0.038
4232,Billing,2,AI,31,No,4,3,Medium,No,0.129
4233,Technical,4,Human,38,Yes,3,3,High,No,0.079
4234,Billing,4,AI,45,Yes,4,1,Low,No,0.089
4235,Customer Support,4,Human,33,Yes,3,1,High,No,0.091
4236,Technical,2,Human,42,Yes,3,3,Medium,No,0.071
4237,Customer Support,3,AI,53,Yes,2,2,High,No,0.038
4238,Customer Support,5,Human,45,No,3,3,High,No,0.067
4239,Billing,5,AI,6,Yes,1,2,Low,No,0.167
4240,Billing,2,Human,14,Yes,1,0,Medium,Yes,0.071
4241,Customer Support,1,AI,13,Yes,2,3,Medium,Yes,0.154
4242,Billing,1,Human,45,Yes,4,0,High,No,0.089
4243,HR,4,AI,15,Yes,3,0,Low,No,0.2
4244,Customer Support,1,Human,50,Yes,3,3,Medium,No,0.06
4245,Technical,2,Human,34,Yes,4,1,Medium,No,0.118
4246,Billing,1,AI,51,Yes,2,3,Low,No,0.039
4247,Technical,3,Human,38,Yes,4,0,Medium,No,0.105
4248,Customer Support,2,Human,43,Yes,5,1,High,No,0.116
4249,Technical,2,Human,22,Yes,3,1,Medium,No,0.136
4250,Technical,3,Human,56,Yes,1,0,High,No,0.018
4251,Technical,3,AI,17,Yes,4,2,Medium,No,0.235
4252,HR,4,Human,9,Yes,3,0,Medium,No,0.333
4253,HR,1,Human,49,Yes,2,0,Low,No,0.041
4254,HR,2,AI,30,Yes,5,3,High,No,0.167
4255,Billing,4,AI,18,Yes,2,2,Low,No,0.111
4256,Billing,1,Human,58,Yes,1,0,High,No,0.017
4257,Billing,4,Human,32,Yes,1,3,Low,No,0.031
4258,Billing,2,Human,20,Yes,5,3,High,Yes,0.25
4259,Technical,2,AI,54,Yes,2,2,Low,No,0.037
4260,Billing,1,Human,44,No,3,3,High,No,0.068
4261,Billing,2,AI,56,Yes,3,1,Low,No,0.054
4262,Customer Support,1,Human,14,Yes,3,1,Low,Yes,0.214
4263,Billing,4,Human,54,Yes,4,2,High,No,0.074
4264,HR,5,Human,45,Yes,4,1,Medium,No,0.089
4265,Billing,2,AI,54,Yes,3,3,Low,No,0.056
4266,Billing,3,Human,56,Yes,4,3,High,No,0.071
4267,HR,5,AI,55,Yes,5,0,Medium,No,0.091
4268,Billing,3,Human,47,Yes,5,2,High,No,0.106
4269,HR,2,AI,21,Yes,1,3,Medium,No,0.048
4270,Customer Support,3,Human,9,Yes,3,1,Low,No,0.333
4271,HR,1,AI,24,Yes,3,1,Medium,No,0.125
4272,Customer Support,2,Human,45,Yes,2,3,Medium,No,0.044
4273,Technical,1,AI,51,Yes,3,1,Low,No,0.059
4274,HR,2,AI,38,Yes,1,3,Medium,No,0.026
4275,HR,5,AI,57,Yes,2,1,High,No,0.035
4276,HR,2,AI,24,Yes,2,0,Medium,No,0.083
4277,Billing,1,AI,45,Yes,3,1,Low,No,0.067
4278,HR,5,Human,50,Yes,1,2,Low,No,0.02
4279,Billing,2,Human,33,Yes,2,2,Medium,No,0.061
4280,Technical,4,Human,56,Yes,2,0,High,No,0.036
4281,Billing,1,AI,11,Yes,2,1,High,Yes,0.182
4282,Billing,5,AI,26,No,4,2,Low,No,0.154
4283,Customer Support,5,Human,60,Yes,1,2,Medium,No,0.017
4284,Technical,1,AI,13,Yes,2,2,Low,Yes,0.154
4285,Technical,3,Human,13,Yes,5,0,Low,No,0.385
4286,HR,3,Human,38,Yes,5,2,Low,No,0.132
4287,Technical,4,Human,26,Yes,5,3,Low,No,0.192
4288,HR,2,Human,18,Yes,5,3,Low,Yes,0.278
4289,Billing,1,AI,32,Yes,5,3,Medium,No,0.156
4290,Billing,4,AI,51,Yes,1,0,High,No,0.02
4291,HR,3,Human,13,Yes,5,2,High,No,0.385
4292,Technical,2,AI,21,Yes,5,1,Low,No,0.238
4293,Billing,1,AI,38,Yes,4,0,Low,No,0.105
4294,Billing,4,AI,54,Yes,3,1,Low,No,0.056
4295,HR,5,Human,55,Yes,5,1,Medium,No,0.091
4296,HR,2,AI,7,Yes,4,0,High,Yes,0.571
4297,Customer Support,4,Human,10,Yes,5,0,Low,No,0.5
4298,Billing,1,AI,55,No,4,3,Medium,No,0.073
4299,Technical,2,Human,7,Yes,5,3,Medium,Yes,0.714
4300,Technical,4,AI,52,Yes,3,0,Medium,No,0.058
4301,Customer Support,5,Human,35,Yes,3,1,Medium,No,0.086
4302,HR,4,Human,42,Yes,3,0,Low,No,0.071
4303,HR,5,AI,21,Yes,1,1,Low,No,0.048
4304,HR,5,AI,28,Yes,5,3,High,No,0.179
4305,HR,4,Human,49,Yes,2,1,High,No,0.041
4306,Technical,3,AI,31,Yes,4,1,High,No,0.129
4307,Customer Support,1,Human,5,Yes,3,2,Low,Yes,0.6
4308,HR,5,Human,10,Yes,2,3,Low,No,0.2
4309,HR,3,Human,16,Yes,4,1,Medium,No,0.25
4310,Billing,1,AI,40,Yes,4,0,Medium,No,0.1
4311,HR,2,AI,41,Yes,5,2,High,No,0.122
4312,Billing,2,AI,9,Yes,1,0,Medium,Yes,0.111
4313,Technical,3,AI,60,Yes,3,1,Low,No,0.05
4314,HR,5,Human,46,Yes,3,0,Low,No,0.065
4315,Customer Support,4,Human,50,Yes,2,1,High,No,0.04
4316,HR,4,Human,46,Yes,3,1,Low,No,0.065
4317,Customer Support,1,AI,28,Yes,2,0,High,No,0.071
4318,Technical,1,Human,20,Yes,1,3,Low,Yes,0.05
4319,HR,4,Human,42,Yes,4,1,Low,No,0.095
4320,Technical,1,AI,12,Yes,1,0,Medium,Yes,0.083
4321,HR,1,Human,23,Yes,5,1,High,No,0.217
4322,HR,5,Human,36,Yes,3,2,Low,No,0.083
4323,HR,3,AI,59,Yes,3,3,High,No,0.051
4324,Customer Support,3,AI,34,Yes,5,1,Medium,No,0.147
4325,Technical,1,Human,20,Yes,5,0,Medium,Yes,0.25
4326,HR,5,Human,57,Yes,4,1,Medium,No,0.07
4327,Customer Support,5,Human,25,Yes,1,2,High,No,0.04
4328,Customer Support,3,AI,32,No,4,2,Low,No,0.125
4329,Customer Support,5,AI,5,Yes,2,0,Medium,No,0.4
4330,Customer Support,4,Human,51,Yes,3,0,Medium,No,0.059
4331,HR,5,Human,24,Yes,2,0,Low,No,0.083
4332,Billing,2,AI,40,Yes,4,3,High,No,0.1
4333,Technical,5,AI,21,No,5,2,High,No,0.238
4334,Technical,4,Human,38,Yes,5,3,Low,No,0.132
4335,HR,2,AI,60,Yes,2,3,Low,No,0.033
4336,Technical,3,Human,15,Yes,3,3,Medium,No,0.2
4337,Billing,1,Human,28,Yes,3,2,Low,No,0.107
4338,Customer Support,2,Human,19,No,3,1,Medium,Yes,0.158
4339,Technical,3,AI,24,Yes,3,2,Medium,No,0.125
4340,Billing,1,AI,56,Yes,4,2,Medium,No,0.071
4341,Technical,4,Human,41,Yes,2,3,Medium,No,0.049
4342,Billing,3,AI,36,No,4,1,High,No,0.111
4343,Billing,2,Human,50,Yes,4,0,High,No,0.08
4344,Technical,4,Human,45,Yes,3,0,Low,No,0.067
4345,Technical,3,AI,27,Yes,4,2,Medium,No,0.148
4346,HR,5,Human,10,Yes,5,2,Low,No,0.5
4347,Billing,1,Human,31,Yes,5,3,Medium,No,0.161
4348,Technical,5,AI,41,Yes,3,1,Medium,No,0.073
4349,Technical,4,AI,55,Yes,5,2,Medium,No,0.091
4350,Customer Support,5,AI,41,Yes,2,0,Low,No,0.049
4351,Billing,3,Human,15,Yes,3,2,High,No,0.2
4352,Technical,4,Human,28,Yes,1,2,Medium,No,0.036
4353,Customer Support,3,AI,8,No,1,0,Low,No,0.125
4354,Technical,1,Human,19,Yes,4,1,High,Yes,0.211
4355,Customer Support,3,AI,51,Yes,1,1,Medium,No,0.02
4356,HR,5,AI,34,Yes,5,0,Low,No,0.147
4357,Customer Support,1,AI,51,Yes,3,2,Medium,No,0.059
4358,Billing,1,Human,15,Yes,5,0,Medium,Yes,0.333
4359,Technical,2,AI,51,Yes,3,1,Medium,No,0.059
4360,Customer Support,4,Human,52,Yes,1,3,Medium,No,0.019
4361,Billing,1,AI,41,Yes,2,2,High,No,0.049
4362,Technical,4,Human,47,Yes,3,2,High,No,0.064
4363,HR,4,AI,54,Yes,3,1,High,No,0.056
4364,Billing,5,AI,34,Yes,5,2,Medium,No,0.147
4365,Technical,4,AI,13,Yes,1,0,High,No,0.077
4366,Technical,2,Human,20,Yes,4,3,Low,Yes,0.2
4367,Technical,5,AI,24,Yes,1,3,Low,No,0.042
4368,Customer Support,5,Human,40,Yes,1,3,High,No,0.025
4369,Billing,2,AI,37,Yes,1,1,High,No,0.027
4370,HR,5,AI,7,Yes,5,2,High,No,0.714
4371,Technical,3,AI,22,Yes,4,3,Low,No,0.182
4372,Technical,4,AI,17,Yes,3,2,Low,No,0.176
4373,HR,4,Human,41,Yes,4,3,Medium,No,0.098
4374,Billing,1,AI,28,Yes,3,1,High,No,0.107
4375,Technical,3,Human,5,Yes,4,1,Medium,No,0.8
4376,Technical,4,Human,29,Yes,4,1,Low,No,0.138
4377,Technical,5,AI,48,Yes,1,3,Low,No,0.021
4378,Customer Support,1,Human,44,Yes,2,1,High,No,0.045
4379,Technical,4,AI,46,Yes,4,0,High,No,0.087
4380,Technical,2,AI,11,No,1,3,Medium,Yes,0.091
4381,Technical,1,Human,41,No,3,3,Medium,No,0.073
4382,Customer Support,3,Human,35,Yes,1,0,High,No,0.029
4383,HR,4,Human,53,Yes,4,2,Low,No,0.075
4384,Technical,2,AI,16,Yes,5,3,Medium,Yes,0.312
4385,HR,1,AI,37,Yes,3,1,Low,No,0.081
4386,HR,2,AI,27,Yes,1,3,Medium,No,0.037
4387,HR,4,Human,12,Yes,5,1,Low,No,0.417
4388,HR,1,AI,11,Yes,1,1,High,Yes,0.091
4389,Billing,2,Human,40,Yes,2,3,Low,No,0.05
4390,Customer Support,5,AI,37,Yes,4,1,Low,No,0.108
4391,Billing,1,Human,24,Yes,4,0,Low,No,0.167
4392,Technical,5,Human,50,Yes,1,1,High,No,0.02
4393,Billing,1,Human,37,Yes,1,2,Low,No,0.027
4394,Billing,3,Human,56,Yes,2,2,Medium,No,0.036
4395,HR,2,AI,39,Yes,4,0,Medium,No,0.103
4396,Billing,5,Human,14,Yes,1,2,Medium,No,0.071
4397,Technical,5,AI,51,Yes,5,1,Medium,No,0.098
4398,HR,2,Human,21,Yes,3,1,High,No,0.143
4399,Billing,2,AI,40,Yes,1,3,Low,No,0.025
4400,Billing,4,AI,57,Yes,2,2,Medium,No,0.035
4401,HR,4,AI,23,Yes,3,0,Medium,No,0.13
4402,Billing,1,AI,45,No,5,3,High,No,0.111
4403,Billing,4,AI,29,Yes,3,1,Low,No,0.103
4404,Technical,4,AI,29,Yes,4,2,High,No,0.138
4405,HR,3,AI,8,Yes,2,3,Low,No,0.25
4406,Customer Support,2,Human,7,Yes,3,3,High,Yes,0.429
4407,Billing,5,Human,31,Yes,5,1,High,No,0.161
4408,Billing,4,AI,54,Yes,5,3,Medium,No,0.093
4409,Customer Support,2,Human,37,No,5,2,High,No,0.135
4410,Billing,5,Human,53,Yes,5,3,High,No,0.094
4411,Billing,5,Human,57,Yes,5,2,Low,No,0.088
4412,Billing,4,AI,29,Yes,4,1,Low,No,0.138
4413,HR,2,AI,34,Yes,3,3,Medium,No,0.088
4414,Billing,3,Human,49,Yes,2,3,High,No,0.041
4415,Billing,1,Human,32,Yes,1,2,Low,No,0.031
4416,Billing,4,Human,6,Yes,4,2,Medium,No,0.667
4417,Billing,1,Human,46,Yes,3,0,Low,No,0.065
4418,Customer Support,3,AI,10,No,4,2,Low,No,0.4
4419,Customer Support,3,AI,25,Yes,2,1,High,No,0.08
4420,HR,5,AI,38,Yes,4,3,High,No,0.105
4421,Billing,5,Human,55,Yes,2,0,Low,No,0.036
4422,HR,2,Human,36,Yes,4,0,Low,No,0.111
4423,Billing,4,Human,56,No,4,1,Medium,No,0.071
4424,Billing,4,Human,44,Yes,4,3,Low,No,0.091
4425,Customer Support,3,Human,40,Yes,1,0,Medium,No,0.025
4426,Customer Support,2,Human,16,Yes,2,3,Medium,Yes,0.125
4427,Customer Support,4,Human,20,Yes,2,1,Low,No,0.1
4428,Technical,1,Human,31,Yes,4,0,Low,No,0.129
4429,HR,5,AI,6,Yes,4,2,Low,No,0.667
4430,Technical,3,AI,53,Yes,3,2,High,No,0.057
4431,Billing,4,AI,53,Yes,1,1,Low,No,0.019
4432,Customer Support,5,AI,11,No,4,2,Low,No,0.364
4433,HR,2,Human,60,Yes,2,2,Medium,No,0.033
4434,HR,2,AI,50,Yes,1,2,Low,No,0.02
4435,Technical,5,Human,40,No,1,1,Medium,No,0.025
4436,HR,3,Human,19,Yes,3,3,Low,No,0.158
4437,Technical,1,Human,60,Yes,2,1,High,No,0.033
4438,Customer Support,1,AI,18,Yes,1,2,Low,Yes,0.056
4439,HR,2,AI,34,Yes,5,2,Low,No,0.147
4440,Technical,4,AI,11,No,2,0,Low,No,0.182
4441,HR,1,AI,53,Yes,2,1,Low,No,0.038
4442,Customer Support,3,Human,31,Yes,1,0,High,No,0.032
4443,HR,1,Human,7,Yes,1,2,Low,Yes,0.143
4444,Technical,4,Human,15,Yes,3,0,Medium,No,0.2
4445,Technical,5,AI,8,Yes,1,3,Medium,No,0.125
4446,Technical,1,Human,26,Yes,4,2,Low,No,0.154
4447,Billing,5,Human,40,Yes,2,1,Medium,No,0.05
4448,HR,4,Human,5,Yes,3,1,High,No,0.6
4449,Technical,5,Human,24,Yes,4,2,Low,No,0.167
4450,Billing,2,AI,38,Yes,1,1,Medium,No,0.026
4451,Technical,1,Human,38,Yes,1,3,Low,No,0.026
4452,Customer Support,1,Human,16,Yes,5,0,Low,Yes,0.312
4453,Customer Support,3,AI,31,No,1,1,Low,No,0.032
4454,Billing,3,AI,13,Yes,1,1,Low,No,0.077
4455,Customer Support,1,Human,55,Yes,5,2,Low,No,0.091
4456,HR,2,AI,36,Yes,1,1,High,No,0.028
4457,HR,1,AI,29,Yes,3,0,Medium,No,0.103
4458,Billing,2,AI,34,Yes,5,3,High,No,0.147
4459,Technical,3,AI,19,Yes,4,1,Medium,No,0.211
4460,HR,3,AI,20,Yes,1,3,High,No,0.05
4461,Customer Support,2,Human,5,Yes,5,3,Low,Yes,1.0
4462,Billing,1,Human,50,Yes,2,3,Low,No,0.04
4463,Customer Support,3,Human,11,Yes,3,3,Medium,No,0.273
4464,HR,5,Human,15,Yes,1,3,Low,No,0.067
4465,HR,3,AI,21,Yes,5,2,Medium,No,0.238
4466,Customer Support,2,AI,38,Yes,1,2,High,No,0.026
4467,HR,2,Human,50,Yes,1,1,Medium,No,0.02
4468,Customer Support,4,Human,5,Yes,1,1,Medium,No,0.2
4469,Billing,2,AI,28,Yes,4,0,High,No,0.143
4470,Billing,3,AI,58,Yes,2,0,High,No,0.034
4471,Billing,4,AI,44,Yes,1,1,Medium,No,0.023
4472,Customer Support,1,Human,50,Yes,1,3,Medium,No,0.02
4473,Technical,5,Human,29,Yes,1,0,High,No,0.034
4474,Billing,5,Human,26,No,3,0,Low,No,0.115
4475,HR,3,Human,39,Yes,4,3,Low,No,0.103
4476,Customer Support,3,AI,56,Yes,4,0,High,No,0.071
4477,Customer Support,5,Human,29,No,3,3,Low,No,0.103
4478,HR,5,AI,38,Yes,2,3,Low,No,0.053
4479,Customer Support,2,AI,31,No,5,0,Medium,No,0.161
4480,Technical,4,Human,32,Yes,2,0,Low,No,0.062
4481,Customer Support,1,AI,43,Yes,4,3,High,No,0.093
4482,Technical,1,AI,21,Yes,5,2,Low,No,0.238
4483,Technical,2,Human,22,Yes,1,1,Medium,No,0.045
4484,Billing,3,Human,51,No,2,3,Medium,No,0.039
4485,HR,3,AI,10,Yes,3,3,Low,No,0.3
4486,Technical,4,Human,34,Yes,2,3,High,No,0.059
4487,HR,5,Human,60,No,3,3,Medium,No,0.05
4488,Technical,4,AI,40,Yes,2,0,High,No,0.05
4489,HR,5,Human,57,Yes,1,1,Medium,No,0.018
4490,Customer Support,3,Human,18,No,2,3,High,No,0.111
4491,Customer Support,1,AI,42,Yes,3,3,Medium,No,0.071
4492,Technical,4,Human,38,Yes,2,2,Medium,No,0.053
4493,Billing,3,AI,57,Yes,1,3,Low,No,0.018
4494,Technical,3,Human,22,Yes,2,0,Low,No,0.091
4495,Billing,5,Human,33,Yes,5,0,High,No,0.152
4496,HR,1,Human,56,Yes,4,3,Low,No,0.071
4497,Billing,3,AI,28,No,1,1,Low,No,0.036
4498,Billing,1,Human,7,Yes,4,0,Medium,Yes,0.571
4499,Technical,5,Human,38,No,4,1,Low,No,0.105
4500,Technical,1,Human,34,Yes,3,3,High,No,0.088
4501,HR,5,AI,51,Yes,1,1,Low,No,0.02
4502,Technical,4,Human,32,No,2,3,Low,No,0.062
4503,Billing,4,Human,34,Yes,4,2,Medium,No,0.118
4504,HR,4,AI,33,Yes,2,3,Low,No,0.061
4505,Technical,5,Human,14,Yes,2,1,Low,No,0.143
4506,Customer Support,5,AI,15,Yes,4,1,Low,No,0.267
4507,Customer Support,1,AI,39,Yes,3,3,Medium,No,0.077
4508,Billing,3,AI,47,Yes,5,3,High,No,0.106
4509,Customer Support,3,AI,58,Yes,2,0,Medium,No,0.034
4510,Customer Support,1,Human,58,Yes,2,0,Medium,No,0.034
4511,Customer Support,4,AI,41,Yes,3,0,Low,No,0.073
4512,Technical,3,AI,16,Yes,2,2,High,No,0.125
4513,Customer Support,5,Human,28,Yes,2,1,Low,No,0.071
4514,HR,5,Human,43,Yes,1,2,Medium,No,0.023
4515,HR,4,Human,49,Yes,5,2,High,No,0.102
4516,Customer Support,5,Human,14,Yes,1,3,High,No,0.071
4517,HR,4,Human,10,Yes,1,3,Medium,No,0.1
4518,HR,5,AI,22,Yes,3,3,Medium,No,0.136
4519,Billing,4,Human,47,Yes,5,2,High,No,0.106
4520,Billing,2,Human,42,No,4,1,Low,No,0.095
4521,Customer Support,3,Human,38,Yes,2,1,High,No,0.053
4522,Billing,1,Human,57,Yes,3,1,Medium,No,0.053
4523,Technical,5,AI,21,Yes,1,3,High,No,0.048
4524,Billing,5,AI,21,Yes,5,1,Medium,No,0.238
4525,Customer Support,4,Human,39,Yes,2,1,Low,No,0.051
4526,Customer Support,5,Human,34,Yes,1,1,Medium,No,0.029
4527,Customer Support,1,Human,53,Yes,5,3,Medium,No,0.094
4528,Customer Support,5,AI,16,Yes,5,0,Low,No,0.312
4529,Billing,4,Human,42,No,1,1,Medium,No,0.024
4530,Technical,5,AI,25,Yes,2,1,Low,No,0.08
4531,Billing,5,AI,23,Yes,3,1,Medium,No,0.13
4532,Customer Support,5,AI,41,Yes,2,2,High,No,0.049
4533,Billing,4,AI,35,Yes,4,2,Low,No,0.114
4534,Customer Support,4,Human,46,Yes,2,2,Low,No,0.043
4535,Technical,1,AI,31,Yes,5,0,Medium,No,0.161
4536,HR,5,AI,45,Yes,2,2,Medium,No,0.044
4537,Technical,4,AI,22,Yes,1,3,Low,No,0.045
4538,Billing,1,Human,10,Yes,3,0,Low,Yes,0.3
4539,Billing,4,Human,39,Yes,4,2,Medium,No,0.103
4540,Technical,5,AI,44,Yes,5,0,Low,No,0.114
4541,Billing,4,Human,15,Yes,1,0,Low,No,0.067
4542,Billing,1,AI,42,Yes,2,2,Medium,No,0.048
4543,Technical,4,Human,19,Yes,4,1,High,No,0.211
4544,Billing,3,Human,30,Yes,3,2,Medium,No,0.1
4545,Customer Support,5,Human,37,Yes,4,2,Medium,No,0.108
4546,Billing,3,Human,13,Yes,5,2,Medium,No,0.385
4547,HR,5,Human,52,Yes,2,1,High,No,0.038
4548,Billing,1,Human,39,Yes,5,1,High,No,0.128
4549,Billing,4,AI,35,Yes,2,3,Low,No,0.057
4550,Technical,2,AI,6,Yes,2,1,Low,Yes,0.333
4551,HR,3,AI,26,Yes,3,3,High,No,0.115
4552,Customer Support,2,AI,29,No,4,3,Low,No,0.138
4553,Billing,2,AI,20,Yes,1,3,Low,Yes,0.05
4554,Billing,2,Human,46,Yes,4,0,Medium,No,0.087
4555,Technical,4,AI,20,Yes,2,0,Low,No,0.1
4556,HR,2,Human,36,Yes,3,2,Low,No,0.083
4557,HR,3,AI,15,No,3,1,High,No,0.2
4558,Billing,2,Human,33,Yes,3,1,Medium,No,0.091
4559,HR,4,Human,18,Yes,5,2,Low,No,0.278
4560,Technical,4,AI,44,Yes,1,0,Low,No,0.023
4561,Technical,3,AI,5,Yes,2,1,High,No,0.4
4562,HR,3,Human,27,Yes,3,0,Low,No,0.111
4563,Billing,5,Human,40,Yes,1,0,High,No,0.025
4564,HR,5,AI,55,Yes,3,3,Medium,No,0.055
4565,Billing,5,AI,36,Yes,5,0,High,No,0.139
4566,Customer Support,4,AI,32,Yes,5,0,Medium,No,0.156
4567,Billing,3,AI,48,Yes,3,1,Low,No,0.062
4568,HR,5,Human,51,Yes,4,1,Medium,No,0.078
4569,HR,4,AI,34,Yes,2,2,High,No,0.059
4570,HR,2,Human,45,Yes,1,0,Medium,No,0.022
4571,Billing,2,AI,8,Yes,5,1,High,Yes,0.625
4572,Billing,1,AI,29,Yes,1,2,Medium,No,0.034
4573,Customer Support,4,Human,51,Yes,5,0,High,No,0.098
4574,Billing,2,AI,56,No,5,3,Low,No,0.089
4575,Billing,2,AI,15,Yes,4,3,High,Yes,0.267
4576,HR,5,AI,37,Yes,4,0,High,No,0.108
4577,HR,4,AI,15,Yes,2,1,High,No,0.133
4578,Technical,3,AI,52,Yes,2,3,Medium,No,0.038
4579,Technical,5,Human,15,Yes,3,1,Medium,No,0.2
4580,HR,3,Human,5,Yes,5,1,Low,No,1.0
4581,Billing,2,Human,49,Yes,4,2,Medium,No,0.082
4582,Technical,2,AI,32,Yes,5,2,Medium,No,0.156
4583,Customer Support,4,Human,23,Yes,3,2,Low,No,0.13
4584,Technical,2,Human,55,Yes,5,2,Medium,No,0.091
4585,Technical,2,AI,15,Yes,4,3,Low,Yes,0.267
4586,Billing,3,AI,41,Yes,1,1,High,No,0.024
4587,HR,5,AI,44,Yes,3,1,Low,No,0.068
4588,Technical,4,AI,32,Yes,3,0,Low,No,0.094
4589,Technical,2,AI,44,Yes,4,0,Medium,No,0.091
4590,HR,4,Human,32,Yes,5,1,Low,No,0.156
4591,HR,4,AI,50,Yes,2,1,Low,No,0.04
4592,Technical,2,AI,14,Yes,4,0,Low,Yes,0.286
4593,HR,2,AI,49,Yes,3,0,Low,No,0.061
4594,Technical,4,Human,39,Yes,3,0,Medium,No,0.077
4595,HR,4,AI,9,Yes,3,1,High,No,0.333
4596,Billing,3,Human,28,Yes,3,0,High,No,0.107
4597,Technical,5,AI,34,No,5,2,Medium,No,0.147
4598,Billing,2,AI,41,Yes,2,2,High,No,0.049
4599,Customer Support,3,Human,23,Yes,2,1,High,No,0.087
4600,Billing,5,AI,8,Yes,4,0,Low,No,0.5
4601,HR,4,AI,34,Yes,4,2,Medium,No,0.118
4602,HR,3,Human,25,Yes,4,2,Low,No,0.16
4603,HR,4,Human,48,Yes,2,0,High,No,0.042
4604,Customer Support,3,AI,10,No,5,1,High,No,0.5
4605,HR,3,Human,24,Yes,1,0,Medium,No,0.042
4606,Billing,1,AI,39,Yes,5,2,High,No,0.128
4607,HR,2,Human,29,Yes,2,2,Medium,No,0.069
4608,Billing,4,AI,38,Yes,4,3,Medium,No,0.105
4609,HR,4,AI,23,Yes,1,3,Low,No,0.043
4610,Customer Support,4,Human,12,Yes,3,3,Medium,No,0.25
4611,Customer Support,5,AI,12,Yes,5,1,Low,No,0.417
4612,Technical,4,Human,8,Yes,1,3,Low,No,0.125
4613,Billing,2,Human,8,Yes,2,0,High,Yes,0.25
4614,Customer Support,5,Human,49,Yes,2,0,Medium,No,0.041
4615,Billing,4,Human,55,Yes,2,3,Medium,No,0.036
4616,Billing,4,Human,11,Yes,5,0,Medium,No,0.455
4617,HR,5,AI,51,Yes,4,0,Low,No,0.078
4618,Billing,1,Human,43,Yes,5,2,Low,No,0.116
4619,Technical,5,Human,36,No,1,0,Medium,No,0.028
4620,Customer Support,1,AI,40,Yes,5,2,Medium,No,0.125
4621,Customer Support,1,AI,17,Yes,5,3,High,Yes,0.294
4622,Customer Support,2,Human,43,Yes,1,3,High,No,0.023
4623,Billing,5,Human,17,Yes,1,1,Medium,No,0.059
4624,Billing,4,Human,27,Yes,5,3,High,No,0.185
4625,HR,5,Human,47,Yes,3,2,Medium,No,0.064
4626,Customer Support,1,Human,57,Yes,4,2,High,No,0.07
4627,Technical,3,Human,44,Yes,3,1,Low,No,0.068
4628,Billing,2,Human,57,Yes,1,1,Low,No,0.018
4629,Billing,5,AI,21,Yes,2,2,High,No,0.095
4630,Technical,5,AI,39,Yes,3,0,Low,No,0.077
4631,Customer Support,5,Human,10,No,5,1,Low,No,0.5
4632,Technical,4,Human,8,Yes,2,2,Low,No,0.25
4633,Customer Support,1,Human,19,Yes,3,0,Medium,Yes,0.158
4634,Customer Support,1,AI,35,Yes,5,3,Medium,No,0.143
4635,HR,5,AI,18,Yes,3,2,Low,No,0.167
4636,HR,2,AI,50,Yes,5,2,Medium,No,0.1
4637,Technical,3,Human,27,No,2,3,High,No,0.074
4638,Technical,1,AI,37,No,4,0,Medium,No,0.108
4639,HR,2,Human,36,Yes,4,2,High,No,0.111
4640,Customer Support,1,Human,14,Yes,5,2,Medium,Yes,0.357
4641,Technical,4,Human,32,Yes,2,3,Medium,No,0.062
4642,Billing,4,Human,36,Yes,2,1,Medium,No,0.056
4643,Billing,2,AI,37,Yes,1,1,Low,No,0.027
4644,HR,5,Human,43,Yes,3,2,High,No,0.07
4645,Technical,3,AI,33,Yes,2,3,Low,No,0.061
4646,HR,4,Human,53,Yes,5,3,High,No,0.094
4647,Customer Support,5,Human,19,Yes,5,0,High,No,0.263
4648,HR,3,AI,43,Yes,1,0,Low,No,0.023
4649,Customer Support,4,AI,51,Yes,4,3,Medium,No,0.078
4650,Customer Support,3,Human,52,Yes,2,1,Medium,No,0.038
4651,HR,5,AI,35,Yes,4,2,Medium,No,0.114
4652,Technical,3,AI,18,No,2,1,Low,No,0.111
4653,Billing,2,AI,16,Yes,1,2,High,Yes,0.062
4654,Billing,4,Human,19,Yes,5,1,Medium,No,0.263
4655,Customer Support,4,AI,53,Yes,4,1,High,No,0.075
4656,Billing,5,AI,30,No,3,2,Low,No,0.1
4657,Billing,4,Human,52,Yes,4,0,High,No,0.077
4658,Customer Support,1,Human,48,Yes,5,2,High,No,0.104
4659,HR,1,Human,59,Yes,2,1,High,No,0.034
4660,Technical,4,Human,6,Yes,1,1,Low,No,0.167
4661,Technical,4,Human,27,Yes,2,0,High,No,0.074
4662,Customer Support,4,AI,7,Yes,5,2,Medium,No,0.714
4663,HR,5,Human,5,Yes,5,1,Medium,No,1.0
4664,HR,4,Human,11,Yes,2,0,Low,No,0.182
4665,HR,4,Human,12,No,4,0,High,No,0.333
4666,Customer Support,2,Human,44,Yes,2,1,High,No,0.045
4667,Customer Support,1,AI,59,Yes,5,1,High,No,0.085
4668,Customer Support,1,Human,38,Yes,2,2,High,No,0.053
4669,Customer Support,5,AI,58,Yes,3,3,Low,No,0.052
4670,Billing,1,AI,52,Yes,3,3,Medium,No,0.058
4671,HR,4,AI,23,Yes,4,0,Low,No,0.174
4672,Billing,4,Human,12,Yes,2,3,Low,No,0.167
4673,Billing,1,AI,19,Yes,5,3,Low,Yes,0.263
4674,Billing,5,AI,33,Yes,2,2,Medium,No,0.061
4675,Billing,4,Human,47,Yes,1,0,Low,No,0.021
4676,Customer Support,3,Human,59,Yes,2,3,Low,No,0.034
4677,Customer Support,4,AI,56,Yes,3,0,High,No,0.054
4678,Customer Support,5,Human,33,Yes,4,1,High,No,0.121
4679,Customer Support,4,Human,21,Yes,1,2,High,No,0.048
4680,HR,2,AI,42,Yes,1,1,Low,No,0.024
4681,HR,5,Human,18,Yes,4,2,Low,No,0.222
4682,Billing,5,Human,12,Yes,1,3,Medium,No,0.083
4683,Customer Support,3,Human,21,No,5,2,High,No,0.238
4684,Customer Support,3,Human,57,Yes,3,2,High,No,0.053
4685,Billing,1,Human,50,Yes,4,2,Low,No,0.08
4686,Billing,2,AI,43,Yes,2,3,Medium,No,0.047
4687,HR,2,Human,59,Yes,1,2,High,No,0.017
4688,Billing,5,AI,40,Yes,2,3,Medium,No,0.05
4689,HR,3,Human,21,Yes,4,0,High,No,0.19
4690,Technical,4,AI,57,No,3,3,Low,No,0.053
4691,HR,3,Human,34,Yes,4,2,Medium,No,0.118
4692,Customer Support,3,Human,12,Yes,4,1,High,No,0.333
4693,Billing,3,AI,37,Yes,1,1,Low,No,0.027
4694,HR,1,AI,38,Yes,2,0,Low,No,0.053
4695,Technical,3,Human,12,Yes,4,3,Medium,No,0.333
4696,Customer Support,5,Human,9,Yes,4,0,Medium,No,0.444
4697,Customer Support,4,Human,21,Yes,3,0,High,No,0.143
4698,Technical,2,AI,29,Yes,4,1,Low,No,0.138
4699,HR,5,AI,52,Yes,3,0,Medium,No,0.058
4700,HR,5,AI,23,Yes,1,1,Medium,No,0.043
4701,Billing,1,AI,43,Yes,2,2,Medium,No,0.047
4702,HR,3,Human,12,Yes,4,1,High,No,0.333
4703,Billing,5,AI,42,Yes,4,0,High,No,0.095
4704,Technical,2,Human,49,Yes,3,3,High,No,0.061
4705,Technical,1,Human,16,Yes,4,3,High,Yes,0.25
4706,Billing,5,Human,51,Yes,4,2,Medium,No,0.078
4707,HR,3,AI,21,Yes,5,0,Low,No,0.238
4708,Technical,1,Human,22,Yes,4,3,High,No,0.182
4709,HR,1,Human,40,Yes,4,0,High,No,0.1
4710,HR,1,AI,31,No,2,2,Medium,No,0.065
4711,HR,5,Human,52,Yes,3,1,Medium,No,0.058
4712,Customer Support,5,Human,46,Yes,5,3,High,No,0.109
4713,Customer Support,2,Human,52,Yes,1,0,High,No,0.019
4714,HR,1,Human,59,Yes,5,0,Medium,No,0.085
4715,Billing,5,Human,21,Yes,2,3,High,No,0.095
4716,Customer Support,2,Human,7,Yes,1,3,High,Yes,0.143
4717,Billing,4,Human,9,No,3,3,High,No,0.333
4718,Billing,4,Human,13,Yes,4,3,High,No,0.308
4719,Customer Support,3,Human,57,Yes,2,3,Medium,No,0.035
4720,Billing,3,AI,23,Yes,2,3,Medium,No,0.087
4721,Technical,3,AI,60,Yes,3,3,Low,No,0.05
4722,Technical,1,Human,58,No,2,1,Low,No,0.034
4723,Technical,4,AI,16,Yes,1,2,High,No,0.062
4724,Technical,5,Human,32,Yes,2,3,High,No,0.062
4725,Billing,5,Human,35,Yes,2,2,High,No,0.057
4726,Billing,2,Human,47,Yes,1,2,Medium,No,0.021
4727,Customer Support,3,Human,6,Yes,1,1,Low,No,0.167
4728,Billing,4,AI,20,Yes,1,1,Low,No,0.05
4729,Customer Support,2,AI,8,Yes,1,0,High,Yes,0.125
4730,Billing,4,AI,25,Yes,3,1,Medium,No,0.12
4731,HR,4,Human,28,Yes,1,1,Low,No,0.036
4732,HR,1,Human,27,Yes,3,1,High,No,0.111
4733,Billing,3,AI,19,Yes,3,2,Low,No,0.158
4734,Billing,3,AI,31,Yes,5,0,Low,No,0.161
4735,Customer Support,3,Human,56,Yes,2,3,Medium,No,0.036
4736,Technical,1,AI,13,Yes,5,1,Medium,Yes,0.385
4737,Technical,5,AI,7,Yes,1,3,Medium,No,0.143
4738,HR,1,AI,56,Yes,2,0,High,No,0.036
4739,HR,5,Human,13,Yes,4,3,High,No,0.308
4740,Customer Support,5,AI,43,No,4,3,Medium,No,0.093
4741,Customer Support,2,AI,27,Yes,3,1,Medium,No,0.111
4742,Customer Support,5,Human,33,No,1,1,Medium,No,0.03
4743,Technical,1,Human,60,Yes,4,2,Low,No,0.067
4744,Customer Support,1,AI,6,No,4,0,Low,Yes,0.667
4745,Billing,2,AI,50,Yes,3,1,Medium,No,0.06
4746,HR,2,Human,9,Yes,1,0,Medium,Yes,0.111
4747,Customer Support,4,Human,51,Yes,5,1,High,No,0.098
4748,HR,5,Human,24,Yes,3,3,Medium,No,0.125
4749,Technical,2,AI,34,No,3,2,High,No,0.088
4750,Customer Support,2,Human,15,Yes,5,3,High,Yes,0.333
4751,Billing,2,Human,25,Yes,4,2,Low,No,0.16
4752,Technical,2,Human,57,No,1,0,High,No,0.018
4753,HR,2,Human,34,Yes,3,3,Medium,No,0.088
4754,Billing,4,AI,58,Yes,3,0,High,No,0.052
4755,Technical,1,AI,12,Yes,3,0,Low,Yes,0.25
4756,HR,4,Human,9,Yes,2,0,Low,No,0.222
4757,Technical,4,Human,46,Yes,1,3,Medium,No,0.022
4758,Customer Support,3,Human,60,No,4,0,High,No,0.067
4759,Billing,2,AI,16,Yes,5,0,Medium,Yes,0.312
4760,Technical,3,AI,8,Yes,1,1,Low,No,0.125
4761,Billing,2,AI,55,Yes,2,1,Medium,No,0.036
4762,Technical,2,Human,11,No,3,0,High,Yes,0.273
4763,Technical,1,Human,13,Yes,1,1,High,Yes,0.077
4764,Technical,4,Human,11,Yes,1,3,Low,No,0.091
4765,Customer Support,2,Human,19,Yes,3,1,Low,Yes,0.158
4766,Technical,3,Human,31,Yes,1,0,Low,No,0.032
4767,Customer Support,2,Human,18,Yes,5,2,Medium,Yes,0.278
4768,HR,4,Human,22,Yes,2,3,High,No,0.091
4769,HR,2,AI,53,Yes,5,1,Low,No,0.094
4770,Billing,5,AI,47,Yes,3,1,Low,No,0.064
4771,Customer Support,1,Human,24,Yes,5,2,Low,No,0.208
4772,HR,5,Human,45,No,4,0,Medium,No,0.089
4773,Technical,4,Human,8,Yes,3,0,High,No,0.375
4774,Customer Support,3,Human,27,Yes,2,2,Medium,No,0.074
4775,Technical,3,AI,39,Yes,3,0,Low,No,0.077
4776,Technical,4,Human,20,Yes,1,3,High,No,0.05
4777,Customer Support,4,AI,48,Yes,1,3,Medium,No,0.021
4778,Billing,1,AI,12,No,1,3,High,Yes,0.083
4779,Customer Support,1,Human,40,No,4,3,Medium,No,0.1
4780,Customer Support,2,AI,22,Yes,3,3,Medium,No,0.136
4781,HR,5,AI,10,Yes,2,2,Medium,No,0.2
4782,Customer Support,1,Human,41,Yes,3,2,Low,No,0.073
4783,HR,3,AI,35,Yes,4,0,Medium,No,0.114
4784,HR,5,Human,8,No,3,0,High,No,0.375
4785,HR,2,AI,30,Yes,5,3,High,No,0.167
4786,Technical,1,AI,23,Yes,3,1,Medium,No,0.13
4787,Customer Support,1,AI,19,No,1,2,Low,Yes,0.053
4788,Billing,5,AI,6,Yes,3,0,High,No,0.5
4789,Billing,4,Human,29,Yes,1,1,High,No,0.034
4790,Customer Support,1,AI,33,Yes,4,2,Medium,No,0.121
4791,Customer Support,4,AI,40,Yes,3,3,High,No,0.075
4792,HR,5,Human,58,Yes,2,0,Low,No,0.034
4793,Technical,1,Human,16,Yes,4,0,High,Yes,0.25
4794,Customer Support,4,AI,47,Yes,5,0,High,No,0.106
4795,HR,1,AI,28,Yes,1,2,Low,No,0.036
4796,Customer Support,4,Human,33,No,3,1,High,No,0.091
4797,HR,1,AI,60,Yes,5,2,High,No,0.083
4798,HR,1,AI,33,Yes,1,1,High,No,0.03
4799,Technical,1,AI,31,Yes,5,0,Low,No,0.161
4800,Billing,1,Human,56,Yes,2,3,High,No,0.036
4801,Customer Support,2,Human,34,Yes,1,1,Medium,No,0.029
4802,HR,2,Human,6,Yes,5,1,High,Yes,0.833
4803,Technical,4,Human,32,Yes,2,1,High,No,0.062
4804,Billing,3,AI,30,Yes,4,2,Low,No,0.133
4805,Billing,3,AI,51,Yes,2,0,High,No,0.039
4806,Customer Support,4,Human,20,Yes,2,3,Low,No,0.1
4807,HR,3,Human,15,Yes,1,1,Medium,No,0.067
4808,Billing,1,Human,20,Yes,5,3,Medium,Yes,0.25
4809,Billing,2,AI,45,Yes,5,3,High,No,0.111
4810,HR,3,Human,21,Yes,4,1,Medium,No,0.19
4811,Billing,4,Human,23,Yes,5,1,High,No,0.217
4812,Technical,3,Human,40,Yes,3,0,High,No,0.075
4813,HR,1,Human,12,Yes,2,1,High,Yes,0.167
4814,Customer Support,4,AI,17,No,2,0,High,No,0.118
4815,HR,2,AI,20,Yes,2,3,High,Yes,0.1
4816,Billing,4,AI,29,Yes,2,1,High,No,0.069
4817,HR,1,Human,21,Yes,4,0,High,No,0.19
4818,Billing,5,Human,23,Yes,1,2,Low,No,0.043
4819,Technical,1,Human,46,Yes,5,2,Medium,No,0.109
4820,Billing,3,Human,14,Yes,3,3,Medium,No,0.214
4821,Billing,5,AI,22,Yes,4,2,High,No,0.182
4822,HR,1,Human,20,Yes,2,3,High,Yes,0.1
4823,Technical,3,AI,16,No,4,1,Low,No,0.25
4824,Customer Support,2,Human,16,Yes,2,0,Medium,Yes,0.125
4825,Billing,5,AI,27,Yes,2,2,Medium,No,0.074
4826,Billing,3,Human,43,Yes,2,3,Low,No,0.047
4827,Customer Support,4,AI,12,Yes,2,0,High,No,0.167
4828,Customer Support,1,AI,13,Yes,3,2,High,Yes,0.231
4829,Billing,1,AI,13,Yes,1,0,Medium,Yes,0.077
4830,Technical,1,Human,48,Yes,5,1,High,No,0.104
4831,Technical,3,Human,6,Yes,1,1,Low,No,0.167
4832,Customer Support,4,AI,34,Yes,3,0,Low,No,0.088
4833,HR,2,Human,58,Yes,5,2,Low,No,0.086
4834,Technical,2,Human,10,Yes,3,3,High,Yes,0.3
4835,Technical,2,Human,19,Yes,2,1,Medium,Yes,0.105
4836,Customer Support,1,AI,35,No,2,3,Low,No,0.057
4837,Billing,3,AI,47,No,2,0,Low,No,0.043
4838,Billing,2,AI,58,Yes,3,3,Medium,No,0.052
4839,Customer Support,5,AI,39,Yes,1,2,High,No,0.026
4840,Customer Support,2,AI,19,Yes,3,2,Low,Yes,0.158
4841,Technical,5,Human,56,Yes,3,2,High,No,0.054
4842,Technical,1,AI,19,Yes,4,1,Medium,Yes,0.211
4843,Billing,2,Human,50,Yes,5,1,High,No,0.1
4844,HR,5,Human,21,Yes,4,0,Medium,No,0.19
4845,Technical,5,Human,17,Yes,3,1,High,No,0.176
4846,HR,2,AI,25,Yes,1,3,Low,No,0.04
4847,Billing,5,Human,19,Yes,3,3,High,No,0.158
4848,Customer Support,3,Human,8,Yes,3,3,Medium,No,0.375
4849,Technical,5,AI,20,Yes,2,0,High,No,0.1
4850,Technical,4,AI,7,No,1,1,Low,No,0.143
4851,HR,2,Human,6,Yes,4,0,Medium,Yes,0.667
4852,HR,1,AI,48,Yes,4,3,Medium,No,0.083
4853,Technical,2,AI,8,Yes,3,3,High,Yes,0.375
4854,Technical,4,Human,12,Yes,4,0,Low,No,0.333
4855,Technical,1,Human,6,Yes,4,2,Medium,Yes,0.667
4856,HR,1,AI,24,Yes,3,1,High,No,0.125
4857,Billing,3,Human,13,Yes,4,2,Medium,No,0.308
4858,HR,1,AI,25,Yes,4,1,Low,No,0.16
4859,HR,2,Human,31,Yes,1,0,Low,No,0.032
4860,Customer Support,4,Human,56,Yes,3,1,Medium,No,0.054
4861,Billing,1,AI,42,Yes,2,1,Low,No,0.048
4862,Technical,4,Human,23,Yes,2,1,Low,No,0.087
4863,Technical,5,Human,33,Yes,1,2,Low,No,0.03
4864,Customer Support,4,AI,48,Yes,2,2,Medium,No,0.042
4865,Customer Support,1,Human,28,Yes,3,3,High,No,0.107
4866,HR,5,Human,48,Yes,5,2,Medium,No,0.104
4867,Customer Support,4,Human,25,Yes,4,1,High,No,0.16
4868,Technical,1,Human,55,Yes,5,0,Low,No,0.091
4869,Customer Support,3,AI,40,Yes,5,1,Low,No,0.125
4870,Technical,1,Human,49,Yes,5,1,High,No,0.102
4871,Billing,4,AI,32,Yes,3,2,Medium,No,0.094
4872,Technical,1,AI,53,No,3,1,Low,No,0.057
4873,Billing,5,Human,52,Yes,1,1,High,No,0.019
4874,Technical,3,AI,7,Yes,2,1,Medium,No,0.286
4875,HR,2,AI,50,Yes,5,1,Low,No,0.1
4876,Billing,2,AI,54,Yes,2,0,High,No,0.037
4877,HR,3,Human,33,Yes,3,2,Low,No,0.091
4878,Billing,5,AI,5,Yes,4,2,High,No,0.8
4879,Billing,4,AI,29,Yes,2,2,Low,No,0.069
4880,Customer Support,4,Human,9,Yes,4,1,High,No,0.444
4881,HR,3,AI,28,Yes,2,0,Low,No,0.071
4882,Customer Support,3,AI,38,Yes,5,1,Medium,No,0.132
4883,Billing,2,Human,35,Yes,2,1,Low,No,0.057
4884,HR,4,Human,44,Yes,1,0,High,No,0.023
4885,HR,4,Human,10,Yes,1,2,Medium,No,0.1
4886,Billing,4,Human,56,Yes,4,1,Medium,No,0.071
4887,HR,3,AI,13,Yes,5,3,Medium,No,0.385
4888,Customer Support,1,Human,16,Yes,2,2,High,Yes,0.125
4889,Billing,4,AI,52,Yes,1,1,High,No,0.019
4890,Customer Support,1,AI,60,Yes,2,1,Low,No,0.033
4891,HR,3,AI,57,Yes,4,0,Low,No,0.07
4892,HR,5,AI,44,Yes,1,3,Low,No,0.023
4893,Technical,3,Human,48,Yes,5,3,Medium,No,0.104
4894,Billing,5,AI,12,Yes,4,0,Medium,No,0.333
4895,Customer Support,4,AI,8,Yes,4,2,High,No,0.5
4896,HR,1,AI,25,Yes,5,0,Low,No,0.2
4897,Customer Support,1,Human,29,Yes,2,0,Low,No,0.069
4898,HR,4,AI,44,Yes,1,0,Low,No,0.023
4899,Customer Support,3,AI,19,No,1,3,Medium,No,0.053
4900,Customer Support,3,AI,9,Yes,3,1,Medium,No,0.333
4901,HR,4,AI,6,No,5,2,Low,No,0.833
4902,Billing,5,AI,11,Yes,4,0,Medium,No,0.364
4903,Technical,4,AI,29,Yes,3,1,Low,No,0.103
4904,HR,4,Human,33,Yes,4,0,High,No,0.121
4905,HR,5,AI,31,Yes,4,3,High,No,0.129
4906,Billing,4,AI,21,Yes,2,0,High,No,0.095
4907,HR,1,Human,60,Yes,4,2,Low,No,0.067
4908,Customer Support,5,Human,18,Yes,3,3,High,No,0.167
4909,Technical,3,Human,21,Yes,5,3,Low,No,0.238
4910,Technical,3,AI,44,Yes,1,2,Medium,No,0.023
4911,Technical,1,AI,25,Yes,4,3,Medium,No,0.16
4912,Billing,2,AI,34,Yes,4,2,High,No,0.118
4913,Customer Support,2,AI,54,Yes,2,1,Medium,No,0.037
4914,Technical,4,Human,7,Yes,3,1,Low,No,0.429
4915,Billing,1,AI,30,Yes,4,0,High,No,0.133
4916,Technical,3,AI,56,No,1,2,High,No,0.018
4917,Billing,1,AI,60,Yes,3,0,Medium,No,0.05
4918,Billing,2,AI,58,Yes,2,3,High,No,0.034
4919,Technical,4,AI,11,Yes,1,3,Low,No,0.091
4920,Technical,5,AI,14,No,4,3,High,No,0.286
4921,Technical,1,Human,34,Yes,5,0,Low,No,0.147
4922,Billing,3,AI,5,Yes,2,0,Low,No,0.4
4923,Billing,2,AI,34,Yes,1,2,Medium,No,0.029
4924,Customer Support,2,AI,18,Yes,2,0,Medium,Yes,0.111
4925,Billing,1,Human,50,Yes,3,0,Low,No,0.06
4926,Billing,2,Human,19,Yes,3,2,Medium,Yes,0.158
4927,HR,2,Human,33,No,1,2,High,No,0.03
4928,HR,1,Human,24,Yes,1,3,Medium,No,0.042
4929,Customer Support,1,Human,25,Yes,4,0,Low,No,0.16
4930,Billing,3,AI,37,No,4,3,Low,No,0.108
4931,Customer Support,4,Human,37,Yes,5,3,Low,No,0.135
4932,Technical,1,Human,52,Yes,5,3,High,No,0.096
4933,HR,2,AI,19,Yes,4,3,Low,Yes,0.211
4934,Customer Support,2,Human,17,Yes,1,0,Medium,Yes,0.059
4935,HR,4,AI,50,Yes,2,0,Low,No,0.04
4936,HR,4,AI,53,Yes,4,0,Low,No,0.075
4937,Technical,3,Human,25,Yes,3,0,Low,No,0.12
4938,HR,1,AI,9,Yes,2,2,Low,Yes,0.222
4939,HR,4,AI,26,Yes,1,1,Low,No,0.038
4940,Customer Support,2,AI,14,Yes,5,0,Low,Yes,0.357
4941,Customer Support,2,AI,6,Yes,4,3,Low,Yes,0.667
4942,Technical,5,AI,41,Yes,1,1,High,No,0.024
4943,HR,2,AI,32,Yes,2,2,Medium,No,0.062
4944,Billing,2,Human,45,Yes,2,2,High,No,0.044
4945,Customer Support,2,Human,31,Yes,4,0,Medium,No,0.129
4946,Billing,5,Human,25,No,3,1,Low,No,0.12
4947,Technical,1,AI,23,Yes,5,3,High,No,0.217
4948,Billing,2,AI,51,Yes,2,1,High,No,0.039
4949,Technical,2,AI,28,Yes,3,0,High,No,0.107
4950,HR,4,AI,38,Yes,3,0,Low,No,0.079
4951,Billing,5,AI,21,Yes,1,0,Low,No,0.048
4952,HR,4,AI,26,Yes,5,0,Medium,No,0.192
4953,Customer Support,2,Human,18,Yes,2,3,High,Yes,0.111
4954,Technical,1,Human,15,Yes,1,2,Low,Yes,0.067
4955,HR,4,Human,11,Yes,5,1,Medium,No,0.455
4956,Technical,4,Human,23,Yes,4,0,Medium,No,0.174
4957,Technical,3,AI,51,Yes,1,2,High,No,0.02
4958,Customer Support,4,Human,57,No,2,2,Low,No,0.035
4959,Customer Support,1,Human,24,Yes,4,0,Medium,No,0.167
4960,Customer Support,5,Human,41,Yes,3,3,Low,No,0.073
4961,HR,5,AI,37,Yes,3,0,Low,No,0.081
4962,HR,1,Human,9,Yes,1,3,Low,Yes,0.111
4963,Technical,2,Human,56,Yes,5,0,Medium,No,0.089
4964,HR,5,Human,27,Yes,4,2,Medium,No,0.148
4965,Billing,2,AI,9,Yes,5,3,Medium,Yes,0.556
4966,Customer Support,5,AI,23,Yes,1,3,Medium,No,0.043
4967,Customer Support,2,AI,56,Yes,4,0,High,No,0.071
4968,Technical,5,AI,8,Yes,3,1,High,No,0.375
4969,HR,4,Human,60,Yes,3,3,Low,No,0.05
4970,HR,4,Human,50,Yes,5,1,Medium,No,0.1
4971,HR,2,Human,45,Yes,1,0,Medium,No,0.022
4972,Billing,4,Human,49,Yes,2,0,High,No,0.041
4973,Billing,4,Human,50,Yes,3,1,High,No,0.06
4974,Billing,4,Human,24,Yes,5,3,Low,No,0.208
4975,HR,3,AI,17,Yes,3,2,Medium,No,0.176
4976,Technical,5,AI,33,No,5,3,Low,No,0.152
4977,Billing,2,AI,8,Yes,3,3,Medium,Yes,0.375
4978,HR,1,AI,46,Yes,4,3,High,No,0.087
4979,Customer Support,5,Human,9,No,4,3,Medium,No,0.444
4980,Billing,5,AI,53,No,2,1,High,No,0.038
4981,Technical,3,Human,56,Yes,3,0,High,No,0.054
4982,HR,2,AI,59,Yes,5,1,Medium,No,0.085
4983,HR,1,Human,44,Yes,3,0,High,No,0.068
4984,Billing,5,Human,57,Yes,2,1,Medium,No,0.035
4985,Customer Support,3,AI,46,Yes,5,2,Low,No,0.109
4986,HR,5,Human,12,Yes,1,2,Medium,No,0.083
4987,Technical,4,AI,58,Yes,4,2,Medium,No,0.069
4988,Technical,1,AI,5,Yes,2,1,High,Yes,0.4
4989,Customer Support,2,AI,52,Yes,2,1,Medium,No,0.038
4990,Customer Support,5,AI,8,Yes,1,0,Medium,No,0.125
4991,Billing,2,Human,41,Yes,5,1,High,No,0.122
4992,Customer Support,2,Human,46,Yes,1,2,Low,No,0.022
4993,Billing,4,AI,28,Yes,1,1,High,No,0.036
4994,Billing,3,Human,39,Yes,2,2,Medium,No,0.051
4995,Technical,5,Human,40,Yes,5,0,High,No,0.125
4996,HR,3,Human,45,Yes,4,2,Medium,No,0.089
4997,Billing,1,AI,41,Yes,5,1,High,No,0.122
4998,HR,1,AI,8,Yes,2,3,High,Yes,0.25
4999,Technical,5,AI,49,Yes,4,1,High,No,0.082
5000,Technical,1,AI,19,Yes,5,2,Medium,Yes,0.263
