task_id,task_type,complexity,assigned_to,duration_minutes,resolved,user_feedback,previous_attempts,urgency,automation_possible,efficiency_index,urgency_encoded,complexity_score
1,Billing,2,Human,20,Yes,3,2,Low,Yes,0.15,1,1.4000000000000001
2,HR,5,AI,58,Yes,4,0,High,No,0.069,3,2.59
3,Customer Support,4,Human,23,Yes,1,0,Medium,No,0.043,2,1.915
4,Technical,5,AI,17,Yes,5,1,Low,No,0.294,1,2.3850000000000002
5,Customer Support,3,AI,19,Yes,4,2,Medium,No,0.211,2,1.8950000000000002
6,Customer Support,5,Human,13,Yes,4,2,High,No,0.308,3,2.7649999999999997
7,Billing,3,Human,34,Yes,2,0,Medium,No,0.059,2,1.57
8,Technical,5,Human,24,Yes,2,0,Medium,No,0.083,2,2.3200000000000003
9,Billing,1,AI,59,Yes,5,2,Medium,No,0.085,2,1.2950000000000002
10,Billing,4,Human,21,Yes,1,1,Medium,No,0.048,2,2.105
11,Technical,5,Human,50,Yes,5,0,Low,No,0.1,1,2.35
12,HR,3,Human,15,No,4,1,Medium,No,0.267,2,1.675
13,Customer Support,1,Human,31,Yes,4,1,High,No,0.129,3,1.0550000000000002
14,Customer Support,1,Human,5,No,4,2,High,Yes,0.8,3,1.125
15,Billing,3,AI,26,Yes,1,0,High,No,0.038,3,1.6300000000000001
16,Billing,4,Human,32,Yes,2,1,High,No,0.062,3,2.26
17,Billing,4,AI,9,No,4,0,High,No,0.444,3,1.945
18,Technical,3,Human,56,Yes,5,0,Low,No,0.089,1,1.5800000000000003
19,HR,3,AI,13,Yes,3,1,High,No,0.231,3,1.7650000000000001
20,Customer Support,1,Human,35,Yes,1,0,Low,No,0.029,1,0.675
21,Customer Support,2,Human,21,Yes,1,3,Medium,No,0.048,2,1.705
22,Technical,2,Human,10,Yes,2,3,Low,Yes,0.2,1,1.5500000000000003
23,HR,2,Human,17,Yes,2,0,Low,Yes,0.118,1,0.985
24,Billing,2,Human,48,Yes,1,2,Low,No,0.021,1,1.54
25,Technical,2,AI,37,Yes,3,0,High,No,0.081,3,1.2850000000000001
26,Technical,3,AI,28,Yes,4,3,High,No,0.143,3,2.24
27,HR,5,AI,37,Yes,4,2,Low,No,0.108,1,2.685
28,HR,1,Human,7,Yes,5,2,Low,Yes,0.714,1,0.9349999999999999
29,Billing,2,Human,26,Yes,2,1,Medium,No,0.077,2,1.33
30,Customer Support,3,Human,36,Yes,5,1,Medium,No,0.139,2,1.78
31,Billing,4,AI,55,Yes,2,2,Low,No,0.036,1,2.375
32,Technical,1,AI,41,Yes,2,3,Low,No,0.049,1,1.3050000000000002
33,Billing,5,AI,57,Yes,1,3,Medium,No,0.018,2,3.0850000000000004
34,HR,2,Human,40,Yes,3,0,Medium,No,0.075,2,1.2
35,Customer Support,1,Human,31,Yes,4,0,High,No,0.129,3,0.8550000000000001
36,HR,1,AI,24,Yes,5,3,High,No,0.208,3,1.4200000000000002
37,Technical,1,Human,9,Yes,4,1,Low,Yes,0.444,1,0.745
38,Technical,4,AI,41,Yes,2,2,High,No,0.049,3,2.505
39,Technical,5,AI,16,Yes,5,2,Low,No,0.312,1,2.58
40,Customer Support,2,AI,38,Yes,5,1,High,No,0.132,3,1.49
41,HR,5,Human,47,Yes,4,1,High,No,0.085,3,2.7350000000000003
42,Technical,1,Human,26,Yes,3,2,Medium,No,0.115,2,1.1300000000000001
43,HR,2,AI,44,Yes,3,1,Medium,No,0.068,2,1.42
44,HR,3,Human,8,Yes,3,0,High,No,0.375,3,1.5400000000000003
45,Billing,1,Human,40,Yes,5,2,High,No,0.125,3,1.3
46,Customer Support,1,AI,40,Yes,4,2,High,No,0.1,3,1.3
47,Billing,2,Human,26,Yes,1,0,Medium,No,0.038,2,1.1300000000000001
48,Billing,5,Human,49,Yes,4,0,High,No,0.082,3,2.545
49,Technical,5,Human,56,Yes,3,3,Low,No,0.054,1,2.98
50,Customer Support,1,AI,8,Yes,1,1,Low,Yes,0.125,1,0.74
51,Billing,5,AI,53,Yes,4,2,High,No,0.075,3,2.965
52,Customer Support,4,Human,21,Yes,2,2,High,No,0.095,3,2.4050000000000002
53,Technical,2,AI,7,Yes,2,0,Medium,Yes,0.286,2,1.0350000000000001
54,Billing,3,AI,8,Yes,5,2,High,No,0.625,3,1.9400000000000002
55,HR,3,AI,40,Yes,4,3,High,No,0.1,3,2.3
56,Technical,5,AI,9,Yes,2,3,High,No,0.222,3,2.9450000000000003
57,Billing,3,Human,17,Yes,4,3,Medium,No,0.235,2,2.0850000000000004
58,Technical,4,Human,14,Yes,2,1,High,No,0.143,3,2.17
59,Customer Support,2,AI,53,Yes,1,2,Low,No,0.019,1,1.565
60,Technical,2,AI,12,Yes,5,3,Medium,Yes,0.417,2,1.6600000000000001
61,Customer Support,1,AI,12,Yes,3,1,Medium,Yes,0.25,2,0.8600000000000001
62,Billing,4,AI,17,Yes,3,2,Medium,No,0.176,2,2.285
63,Customer Support,5,Human,49,Yes,5,2,Medium,No,0.102,2,2.845
64,Technical,1,Human,58,Yes,4,1,High,No,0.069,3,1.19
65,HR,5,Human,40,No,1,2,Medium,No,0.025,2,2.8000000000000003
66,Billing,4,Human,14,Yes,5,3,Medium,No,0.357,2,2.4700000000000006
67,HR,5,Human,57,Yes,3,3,Medium,No,0.053,2,3.0850000000000004
68,HR,2,AI,44,Yes,2,0,High,No,0.045,3,1.32
69,Billing,3,Human,58,Yes,2,1,Low,No,0.034,1,1.7900000000000003
70,HR,2,AI,23,No,2,3,Medium,No,0.087,2,1.715
71,Technical,4,Human,14,Yes,2,1,Medium,No,0.143,2,2.0700000000000003
72,Customer Support,4,Human,51,Yes,3,0,Medium,No,0.059,2,2.055
73,Customer Support,2,AI,48,Yes,1,0,Low,No,0.021,1,1.1400000000000001
74,Customer Support,4,Human,40,Yes,2,2,Medium,No,0.05,2,2.4000000000000004
75,Customer Support,1,AI,7,Yes,3,1,Low,Yes,0.429,1,0.735
76,Technical,2,AI,41,No,2,2,Low,No,0.049,1,1.5050000000000003
77,Customer Support,1,Human,50,Yes,3,1,Low,No,0.06,1,0.9500000000000001
78,Billing,5,Human,11,Yes,4,3,Low,No,0.364,1,2.7550000000000003
79,Customer Support,1,AI,44,Yes,2,0,High,No,0.045,3,0.92
80,HR,4,AI,32,Yes,2,3,High,No,0.062,3,2.66
81,Technical,4,Human,6,No,1,3,Medium,No,0.167,2,2.4300000000000006
82,Customer Support,3,Human,48,Yes,4,1,Medium,No,0.083,2,1.84
83,HR,2,AI,18,Yes,1,2,Low,Yes,0.056,1,1.3900000000000001
84,HR,5,Human,44,Yes,4,3,High,No,0.091,3,3.12
85,Billing,1,Human,7,Yes,5,1,Low,Yes,0.714,1,0.735
86,Customer Support,1,AI,24,Yes,3,3,High,No,0.125,3,1.4200000000000002
87,Technical,1,AI,5,No,1,3,High,Yes,0.2,3,1.3250000000000002
88,HR,1,Human,34,Yes,4,3,High,No,0.118,3,1.4700000000000002
89,HR,2,AI,6,Yes,2,1,High,Yes,0.333,3,1.33
90,Technical,1,AI,28,Yes,5,0,Low,No,0.179,1,0.64
91,Technical,2,AI,34,Yes,2,0,Low,No,0.059,1,1.07
92,Technical,3,AI,57,Yes,3,0,Medium,No,0.053,2,1.685
93,Technical,5,Human,58,Yes,1,2,Medium,No,0.017,2,2.89
94,Technical,5,Human,53,Yes,5,3,Low,No,0.094,1,2.9650000000000003
95,Billing,3,AI,16,Yes,3,0,High,No,0.188,3,1.5800000000000003
96,Technical,3,Human,42,No,2,2,Low,No,0.048,1,1.9100000000000001
97,Customer Support,2,Human,34,Yes,1,1,Medium,No,0.029,2,1.3699999999999999
98,HR,2,AI,22,Yes,1,2,High,No,0.045,3,1.61
99,Customer Support,1,AI,35,Yes,5,0,High,No,0.143,3,0.8750000000000001
100,Billing,2,Human,14,Yes,3,3,High,Yes,0.214,3,1.7700000000000002
101,HR,1,Human,5,Yes,2,3,High,Yes,0.4,3,1.3250000000000002
102,Customer Support,1,Human,26,Yes,5,1,Low,No,0.192,1,0.83
103,Technical,1,Human,48,Yes,5,3,High,No,0.104,3,1.5400000000000003
104,HR,1,Human,5,Yes,1,3,High,Yes,0.2,3,1.3250000000000002
105,Technical,4,AI,52,Yes,2,1,Low,No,0.038,1,2.16
106,Technical,1,AI,20,Yes,2,3,High,Yes,0.1,3,1.4000000000000001
107,Customer Support,5,Human,37,Yes,4,3,Low,No,0.108,1,2.8850000000000002
108,HR,1,Human,58,Yes,5,3,Low,No,0.086,1,1.3900000000000001
109,Technical,4,AI,60,Yes,2,0,Medium,No,0.033,2,2.1
110,Billing,5,AI,32,Yes,3,3,High,No,0.094,3,3.0600000000000005
111,Customer Support,3,AI,24,Yes,5,0,Medium,No,0.208,2,1.5200000000000002
112,Technical,2,AI,19,Yes,4,0,Low,Yes,0.211,1,0.995
113,Technical,3,Human,13,Yes,1,1,Medium,No,0.077,2,1.665
114,Technical,3,AI,18,Yes,4,2,High,No,0.222,3,1.9900000000000004
115,Technical,4,AI,42,Yes,2,0,Medium,No,0.048,2,2.0100000000000002
116,HR,2,Human,45,Yes,1,2,Medium,No,0.022,2,1.6249999999999998
117,Billing,4,Human,28,No,5,0,High,No,0.179,3,2.04
118,HR,1,Human,9,Yes,2,0,High,Yes,0.222,3,0.7450000000000001
119,Technical,1,AI,34,Yes,4,1,Low,No,0.118,1,0.87
120,Billing,1,Human,39,No,5,1,Medium,No,0.128,2,0.9949999999999999
121,HR,1,Human,22,Yes,4,3,Medium,No,0.182,2,1.31
122,HR,1,Human,41,Yes,4,0,Low,No,0.098,1,0.705
123,Billing,3,Human,13,No,1,2,Medium,No,0.077,2,1.865
124,HR,4,AI,24,Yes,1,3,High,No,0.042,3,2.62
125,Customer Support,2,Human,10,Yes,4,1,High,Yes,0.4,3,1.35
126,Technical,4,Human,20,Yes,4,1,Low,No,0.2,1,2.0
127,Technical,5,AI,39,No,1,1,Medium,No,0.026,2,2.595
128,Technical,5,AI,31,Yes,3,1,Low,No,0.097,1,2.455
129,Billing,2,AI,45,Yes,3,0,Medium,No,0.067,2,1.2249999999999999
130,HR,2,Human,20,Yes,5,0,Low,Yes,0.25,1,1.0
131,Customer Support,2,Human,19,Yes,4,0,High,Yes,0.211,3,1.195
132,Billing,4,Human,6,Yes,2,3,High,No,0.333,3,2.5300000000000002
133,HR,2,AI,19,Yes,4,0,Medium,Yes,0.211,2,1.095
134,Technical,2,AI,45,Yes,5,1,Low,No,0.111,1,1.325
135,Customer Support,5,Human,58,No,3,1,High,No,0.052,3,2.79
136,Technical,5,Human,39,Yes,3,3,Medium,No,0.077,2,2.995
137,HR,4,Human,13,Yes,1,2,Low,No,0.077,1,2.165
138,Technical,3,AI,50,Yes,3,0,Low,No,0.06,1,1.5500000000000003
139,Billing,3,AI,31,Yes,2,3,Medium,No,0.065,2,2.1550000000000002
140,Billing,5,Human,45,Yes,5,0,Medium,No,0.111,2,2.4250000000000003
141,HR,2,AI,49,Yes,3,0,High,No,0.061,3,1.345
142,HR,4,Human,36,Yes,4,3,High,No,0.111,3,2.6799999999999997
143,Billing,3,Human,9,Yes,4,1,Medium,No,0.444,2,1.645
144,Technical,1,Human,60,Yes,3,3,Low,No,0.05,1,1.4000000000000001
145,Billing,1,AI,56,Yes,4,3,Medium,No,0.071,2,1.48
146,Customer Support,5,AI,34,Yes,5,2,High,No,0.147,3,2.87
147,Technical,3,AI,12,Yes,3,2,Low,No,0.25,1,1.7600000000000002
148,Technical,2,AI,8,Yes,2,1,High,Yes,0.25,3,1.34
149,Customer Support,3,Human,8,Yes,5,0,Low,No,0.625,1,1.3400000000000003
150,HR,4,Human,5,Yes,1,1,High,No,0.2,3,2.125
151,Customer Support,5,AI,14,Yes,3,1,Low,No,0.214,1,2.37
152,Customer Support,3,AI,22,Yes,5,2,Medium,No,0.227,2,1.91
153,Technical,5,Human,43,Yes,2,1,High,No,0.047,3,2.715
154,Billing,5,AI,38,Yes,1,2,Medium,No,0.026,2,2.79
155,Billing,5,AI,23,Yes,5,2,High,No,0.217,3,2.8150000000000004
156,Billing,3,AI,11,Yes,5,1,Medium,No,0.455,2,1.655
157,Customer Support,5,AI,32,Yes,1,1,High,No,0.031,3,2.66
158,Billing,3,AI,51,Yes,1,0,Low,No,0.02,1,1.5550000000000002
159,Customer Support,1,Human,11,Yes,5,1,High,Yes,0.455,3,0.9550000000000001
160,Billing,3,AI,45,No,1,2,Low,No,0.022,1,1.9250000000000003
161,Customer Support,2,AI,23,Yes,1,2,Medium,No,0.043,2,1.515
162,HR,5,AI,19,Yes,1,1,Medium,No,0.053,2,2.4950000000000006
163,Billing,2,Human,28,Yes,4,1,Medium,No,0.143,2,1.34
164,Technical,5,Human,23,Yes,4,2,Low,No,0.174,1,2.615
165,Technical,5,Human,9,Yes,3,2,Low,No,0.333,1,2.545
166,Billing,2,Human,41,Yes,5,3,Medium,No,0.122,2,1.8050000000000002
167,Technical,4,AI,50,Yes,3,3,High,No,0.06,3,2.75
168,Billing,4,Human,51,Yes,4,3,Medium,No,0.078,2,2.6550000000000002
169,Technical,4,AI,46,Yes,4,1,Medium,No,0.087,2,2.2300000000000004
170,Billing,2,AI,7,Yes,4,3,Medium,Yes,0.571,2,1.635
171,Technical,2,AI,49,Yes,2,0,Low,No,0.041,1,1.145
172,Technical,4,Human,37,Yes,4,3,High,No,0.108,3,2.6850000000000005
173,Technical,4,Human,49,No,2,2,Low,No,0.041,1,2.345
174,HR,2,Human,20,Yes,4,0,Medium,Yes,0.2,2,1.1
175,Customer Support,3,AI,7,Yes,4,2,Low,No,0.571,1,1.7350000000000003
176,Technical,3,AI,28,Yes,5,0,High,No,0.179,3,1.6400000000000001
177,HR,3,Human,30,Yes,2,0,Medium,No,0.067,2,1.55
178,Billing,3,Human,28,Yes,2,0,High,No,0.071,3,1.6400000000000001
179,Technical,1,AI,26,Yes,1,2,High,No,0.038,3,1.23
180,Customer Support,2,AI,46,Yes,1,3,Medium,No,0.022,2,1.83
181,HR,2,Human,29,Yes,2,1,Medium,No,0.069,2,1.345
182,Billing,2,AI,37,Yes,5,0,Medium,No,0.135,2,1.185
183,Customer Support,3,Human,59,Yes,3,2,High,No,0.051,3,2.1950000000000003
184,Technical,4,Human,23,Yes,1,0,Low,No,0.043,1,1.8150000000000002
185,HR,3,AI,36,Yes,3,0,High,No,0.083,3,1.6800000000000002
186,Customer Support,4,Human,29,No,2,2,Low,No,0.069,1,2.245
187,HR,4,Human,52,Yes,4,1,Low,No,0.077,1,2.16
188,Technical,5,AI,21,Yes,1,1,Medium,No,0.048,2,2.5050000000000003
189,Technical,5,AI,39,Yes,3,3,Medium,No,0.077,2,2.995
190,Customer Support,1,AI,13,Yes,2,1,High,Yes,0.154,3,0.9650000000000001
191,HR,2,Human,10,Yes,5,3,High,Yes,0.5,3,1.7500000000000002
192,Technical,2,Human,47,Yes,3,2,Medium,No,0.064,2,1.635
193,HR,4,Human,40,Yes,4,0,Low,No,0.1,1,1.9000000000000001
194,Technical,4,AI,19,Yes,4,3,High,No,0.211,3,2.5949999999999998
195,Technical,4,AI,54,Yes,1,1,Medium,No,0.019,2,2.2700000000000005
196,Billing,4,AI,21,No,1,2,High,No,0.048,3,2.4050000000000002
197,HR,5,Human,20,Yes,3,2,Low,No,0.15,1,2.6
198,HR,5,AI,31,No,2,0,Medium,No,0.065,2,2.355
199,Billing,1,AI,13,Yes,3,1,Low,Yes,0.231,1,0.765
200,Customer Support,1,Human,24,Yes,4,3,Medium,No,0.167,2,1.32
201,Customer Support,1,AI,55,Yes,2,3,High,No,0.036,3,1.5750000000000002
202,HR,1,AI,6,No,2,3,Medium,Yes,0.333,2,1.2300000000000002
203,Billing,5,AI,20,Yes,3,2,Medium,No,0.15,2,2.7
204,HR,5,AI,37,Yes,2,3,Low,No,0.054,1,2.8850000000000002
205,Customer Support,2,AI,41,Yes,5,2,High,No,0.122,3,1.7050000000000003
206,Customer Support,4,Human,5,Yes,3,1,High,No,0.6,3,2.125
207,Billing,2,AI,44,Yes,3,0,Low,No,0.068,1,1.12
208,HR,2,Human,7,Yes,4,3,High,Yes,0.571,3,1.735
209,Customer Support,4,AI,35,Yes,2,1,Low,No,0.057,1,2.075
210,Customer Support,4,AI,50,Yes,5,0,Low,No,0.1,1,1.9500000000000002
211,Customer Support,1,Human,19,Yes,1,2,Medium,Yes,0.053,2,1.095
212,Customer Support,1,AI,18,Yes,3,1,Low,Yes,0.167,1,0.7899999999999999
213,Billing,3,AI,43,Yes,3,3,High,No,0.07,3,2.3150000000000004
214,Billing,2,Human,40,Yes,3,2,High,No,0.075,3,1.7
215,Technical,2,Human,56,Yes,5,2,High,No,0.089,3,1.78
216,Billing,2,AI,47,Yes,2,0,Medium,No,0.043,2,1.235
217,HR,2,AI,9,Yes,3,2,Low,Yes,0.333,1,1.3450000000000002
218,Customer Support,5,Human,60,Yes,2,1,Medium,No,0.033,2,2.7
219,Technical,5,Human,44,Yes,4,3,High,No,0.091,3,3.12
220,Technical,4,AI,55,Yes,3,3,Medium,No,0.055,2,2.6750000000000003
221,Billing,2,AI,19,Yes,1,0,Low,Yes,0.053,1,0.995
222,Technical,3,Human,38,Yes,2,1,Medium,No,0.053,2,1.79
223,Technical,1,Human,19,Yes,4,2,Low,Yes,0.211,1,0.995
224,Billing,2,AI,56,Yes,2,2,Low,No,0.036,1,1.58
225,Billing,3,AI,29,No,2,1,High,No,0.069,3,1.8450000000000002
226,Billing,1,Human,26,Yes,1,3,High,No,0.038,3,1.4300000000000002
227,HR,1,Human,60,Yes,5,3,Medium,No,0.083,2,1.5
228,Customer Support,4,AI,18,Yes,1,1,Low,No,0.056,1,1.9900000000000002
229,HR,2,Human,44,Yes,1,3,High,No,0.023,3,1.9200000000000002
230,Customer Support,2,AI,40,Yes,2,2,Medium,No,0.05,2,1.5999999999999999
231,HR,2,Human,12,Yes,5,0,High,Yes,0.417,3,1.1600000000000001
232,Technical,2,Human,18,Yes,4,0,Medium,Yes,0.222,2,1.09
233,Technical,1,Human,25,No,4,2,Low,No,0.16,1,1.0250000000000001
234,Technical,4,AI,44,Yes,2,1,High,No,0.045,3,2.3200000000000003
235,HR,2,AI,43,Yes,2,1,Low,No,0.047,1,1.3150000000000002
236,Customer Support,1,Human,51,Yes,2,2,High,No,0.039,3,1.3550000000000002
237,Billing,3,AI,30,Yes,5,2,High,No,0.167,3,2.05
238,Technical,1,AI,13,No,5,2,Medium,Yes,0.385,2,1.065
239,HR,5,AI,29,Yes,5,2,Medium,No,0.172,2,2.745
240,Technical,4,Human,37,Yes,3,3,Low,No,0.081,1,2.4850000000000003
241,HR,1,Human,58,Yes,4,3,High,No,0.069,3,1.59
242,Billing,5,AI,14,Yes,5,2,Low,No,0.357,1,2.57
243,Technical,1,Human,41,Yes,5,0,High,No,0.122,3,0.905
244,Billing,4,AI,11,No,3,3,Medium,No,0.273,2,2.455
245,Billing,3,Human,30,Yes,2,0,Medium,No,0.067,2,1.55
246,Billing,5,Human,51,Yes,4,3,Medium,No,0.078,2,3.055
247,HR,1,AI,17,Yes,3,3,High,Yes,0.176,3,1.385
248,HR,2,AI,35,No,2,3,High,No,0.057,3,1.8750000000000002
249,Billing,4,AI,22,Yes,4,3,Low,No,0.182,1,2.41
250,Technical,3,Human,19,Yes,3,0,Low,No,0.158,1,1.3950000000000002
251,Technical,5,Human,41,Yes,3,1,Medium,No,0.073,2,2.6050000000000004
252,Customer Support,5,AI,17,Yes,2,2,Medium,No,0.118,2,2.685
253,Billing,1,AI,48,Yes,3,3,Medium,No,0.062,2,1.4400000000000002
254,Technical,2,AI,13,Yes,4,0,High,Yes,0.308,3,1.165
255,HR,3,Human,12,Yes,5,1,High,No,0.417,3,1.7600000000000002
256,Customer Support,3,Human,48,Yes,1,2,High,No,0.021,3,2.1400000000000006
257,Customer Support,2,Human,25,Yes,4,3,Medium,No,0.16,2,1.725
258,Customer Support,1,Human,26,Yes,1,0,Low,No,0.038,1,0.63
259,HR,5,AI,19,Yes,4,0,Medium,No,0.211,2,2.2950000000000004
260,Customer Support,5,Human,18,Yes,4,0,Medium,No,0.222,2,2.29
261,Technical,1,AI,9,Yes,3,2,High,Yes,0.333,3,1.145
262,Technical,5,Human,16,Yes,5,1,High,No,0.312,3,2.58
263,Customer Support,3,Human,20,Yes,1,1,Medium,No,0.05,2,1.7000000000000002
264,Technical,1,AI,14,Yes,5,1,High,Yes,0.357,3,0.9700000000000001
265,HR,3,AI,45,No,5,1,Medium,No,0.111,2,1.8250000000000002
266,Billing,3,AI,56,Yes,2,2,Low,No,0.036,1,1.9800000000000004
267,HR,2,AI,36,Yes,4,3,Medium,No,0.111,2,1.78
268,Customer Support,3,Human,30,Yes,4,1,High,No,0.133,3,1.85
269,Technical,2,Human,24,Yes,2,2,Medium,No,0.083,2,1.52
270,Technical,1,Human,37,Yes,1,3,High,No,0.027,3,1.485
271,Billing,4,Human,15,Yes,1,1,Medium,No,0.067,2,2.075
272,Billing,3,Human,12,Yes,3,1,High,No,0.25,3,1.7600000000000002
273,Billing,3,Human,11,Yes,5,3,Low,No,0.455,1,1.9550000000000003
274,Billing,1,AI,8,Yes,4,3,High,Yes,0.5,3,1.34
275,Technical,5,Human,41,Yes,5,2,Medium,No,0.122,2,2.805
276,Technical,2,AI,39,No,4,0,Low,No,0.103,1,1.0950000000000002
277,Technical,3,AI,58,Yes,5,0,Medium,No,0.086,2,1.6900000000000002
278,Billing,2,AI,21,Yes,3,2,Low,No,0.143,1,1.4050000000000002
279,HR,1,AI,17,Yes,4,1,High,Yes,0.235,3,0.9850000000000001
280,HR,3,AI,20,Yes,3,0,High,No,0.15,3,1.6000000000000003
281,Billing,3,AI,34,Yes,3,2,Low,No,0.088,1,1.87
282,Technical,4,Human,33,Yes,4,0,High,No,0.121,3,2.0650000000000004
283,Customer Support,4,Human,48,No,1,2,Medium,No,0.021,2,2.4400000000000004
284,Customer Support,2,AI,23,Yes,5,3,Medium,No,0.217,2,1.715
285,Customer Support,5,AI,59,No,4,3,High,No,0.068,3,3.1950000000000003
286,HR,4,AI,39,No,5,0,High,No,0.128,3,2.095
287,HR,2,Human,19,Yes,5,3,Low,Yes,0.263,1,1.5950000000000002
288,Technical,4,AI,7,Yes,3,2,Low,No,0.429,1,2.1350000000000002
289,Billing,1,Human,11,Yes,2,3,High,Yes,0.182,3,1.3550000000000002
290,Technical,5,AI,50,Yes,3,1,Medium,No,0.06,2,2.6500000000000004
291,HR,3,AI,28,No,1,1,High,No,0.036,3,1.84
292,Customer Support,3,Human,15,Yes,5,0,High,No,0.333,3,1.5750000000000002
293,Customer Support,4,AI,23,Yes,3,3,Low,No,0.13,1,2.4150000000000005
294,Billing,1,Human,24,Yes,1,1,High,No,0.042,3,1.02
295,Billing,5,Human,28,No,4,0,High,No,0.143,3,2.4400000000000004
296,Billing,5,Human,17,Yes,5,3,Medium,No,0.294,2,2.8850000000000002
297,Billing,4,AI,15,Yes,3,1,Medium,No,0.2,2,2.075
298,HR,2,AI,45,Yes,5,3,High,No,0.111,3,1.925
299,Billing,1,Human,55,Yes,4,3,Low,No,0.073,1,1.3750000000000002
300,Billing,2,AI,22,Yes,4,3,Medium,No,0.182,2,1.7100000000000002
301,Technical,2,Human,60,Yes,5,1,High,No,0.083,3,1.6
302,HR,2,Human,35,Yes,1,3,Medium,No,0.029,2,1.7750000000000001
303,Billing,3,Human,17,Yes,1,3,Medium,No,0.059,2,2.0850000000000004
304,Customer Support,4,Human,27,No,4,0,High,No,0.148,3,2.035
305,Customer Support,2,Human,49,Yes,4,2,Low,No,0.082,1,1.545
306,Customer Support,3,AI,29,Yes,1,1,Low,No,0.034,1,1.6450000000000002
307,Customer Support,4,AI,27,Yes,4,0,High,No,0.148,3,2.035
308,Technical,5,Human,13,Yes,1,3,Medium,No,0.077,2,2.865
309,Technical,2,Human,43,Yes,3,3,High,No,0.07,3,1.9150000000000003
310,Technical,1,Human,26,Yes,4,2,Low,No,0.154,1,1.03
311,Technical,5,AI,20,Yes,4,3,Low,No,0.2,1,2.8000000000000003
312,HR,5,Human,44,Yes,4,2,High,No,0.091,3,2.92
313,Customer Support,4,Human,15,Yes,3,1,Low,No,0.2,1,1.975
314,Customer Support,3,Human,25,Yes,2,0,Low,No,0.08,1,1.4250000000000003
315,HR,2,AI,21,Yes,2,3,Low,No,0.095,1,1.6050000000000002
316,Billing,2,AI,57,Yes,4,3,High,No,0.07,3,1.985
317,Technical,1,Human,46,Yes,1,3,High,No,0.022,3,1.53
318,Billing,5,AI,51,Yes,3,3,High,No,0.059,3,3.1550000000000002
319,Technical,3,AI,58,Yes,5,0,Medium,No,0.086,2,1.6900000000000002
320,Technical,1,AI,36,Yes,4,0,Low,No,0.111,1,0.68
321,Technical,3,AI,37,Yes,3,0,High,No,0.081,3,1.6850000000000003
322,Billing,1,Human,17,No,4,2,High,Yes,0.235,3,1.185
323,Customer Support,5,Human,50,Yes,2,1,Low,No,0.04,1,2.5500000000000003
324,Customer Support,3,Human,15,Yes,2,0,Low,No,0.133,1,1.3750000000000002
325,Billing,2,Human,34,Yes,3,1,Low,No,0.088,1,1.27
326,HR,3,AI,15,Yes,4,0,Low,No,0.267,1,1.3750000000000002
327,Billing,1,Human,57,Yes,2,2,Medium,No,0.035,2,1.285
328,Billing,2,AI,8,Yes,5,0,High,Yes,0.625,3,1.1400000000000001
329,Billing,4,Human,16,Yes,2,2,Medium,No,0.125,2,2.2800000000000002
330,Billing,2,AI,19,Yes,5,1,Medium,Yes,0.263,2,1.295
331,Technical,2,AI,5,Yes,3,0,Low,Yes,0.6,1,0.925
332,Customer Support,4,AI,22,Yes,4,1,Low,No,0.182,1,2.01
333,Customer Support,1,AI,9,Yes,2,1,High,Yes,0.222,3,0.9450000000000001
334,Technical,5,Human,27,Yes,4,0,High,No,0.148,3,2.4349999999999996
335,HR,1,Human,17,Yes,5,3,Medium,Yes,0.294,2,1.285
336,HR,3,Human,59,Yes,2,0,Low,No,0.034,1,1.5950000000000002
337,Billing,2,Human,46,Yes,1,0,Low,No,0.022,1,1.1300000000000001
338,Billing,1,Human,18,No,1,1,Low,Yes,0.056,1,0.7899999999999999
339,Technical,4,Human,11,Yes,1,1,High,No,0.091,3,2.1550000000000002
340,Technical,4,Human,6,Yes,3,0,Medium,No,0.5,2,1.83
341,HR,3,AI,46,Yes,1,2,Low,No,0.022,1,1.9300000000000002
342,HR,1,Human,41,Yes,4,2,Low,No,0.098,1,1.105
343,Billing,3,AI,14,Yes,2,3,Low,No,0.143,1,1.9700000000000004
344,Billing,3,Human,22,Yes,1,2,Low,No,0.045,1,1.81
345,HR,5,AI,48,No,4,1,Medium,No,0.083,2,2.6400000000000006
346,Customer Support,3,Human,5,Yes,3,0,Medium,No,0.6,2,1.425
347,Technical,5,Human,10,Yes,4,0,Medium,No,0.4,2,2.25
348,Billing,4,Human,51,Yes,5,0,High,No,0.098,3,2.1550000000000002
349,Billing,3,Human,39,Yes,5,0,Medium,No,0.128,2,1.5950000000000002
350,Customer Support,3,AI,10,Yes,4,1,Low,No,0.4,1,1.5500000000000003
351,Technical,2,Human,44,Yes,4,0,High,No,0.091,3,1.32
352,Customer Support,4,AI,20,Yes,1,1,High,No,0.05,3,2.2
353,Customer Support,4,Human,40,Yes,5,3,High,No,0.125,3,2.7
354,Billing,4,Human,7,Yes,3,3,Medium,No,0.429,2,2.4350000000000005
355,Customer Support,1,AI,57,Yes,2,1,Medium,No,0.035,2,1.085
356,Billing,3,Human,46,Yes,4,0,Low,No,0.087,1,1.5300000000000002
357,HR,1,Human,46,Yes,1,2,High,No,0.022,3,1.33
358,Customer Support,2,AI,29,Yes,1,3,Medium,No,0.034,2,1.745
359,Technical,4,Human,33,No,5,0,High,No,0.152,3,2.0650000000000004
360,Billing,3,Human,44,Yes,4,1,Low,No,0.091,1,1.7200000000000002
361,Technical,4,AI,18,Yes,2,1,Medium,No,0.111,2,2.0900000000000003
362,Billing,5,Human,49,No,4,0,High,No,0.082,3,2.545
363,Technical,4,Human,48,Yes,4,3,High,No,0.083,3,2.74
364,Billing,4,Human,28,Yes,3,3,High,No,0.107,3,2.6399999999999997
365,Customer Support,5,Human,20,Yes,1,0,Low,No,0.05,1,2.2
366,Billing,1,AI,47,Yes,4,1,High,No,0.085,3,1.135
367,Customer Support,1,AI,46,Yes,4,1,Low,No,0.087,1,0.93
368,HR,4,AI,58,Yes,4,2,Low,No,0.069,1,2.39
369,Customer Support,5,AI,44,Yes,4,0,High,No,0.091,3,2.5199999999999996
370,HR,5,AI,8,Yes,1,1,Medium,No,0.125,2,2.4400000000000004
371,Billing,3,Human,53,No,1,1,Medium,No,0.019,2,1.865
372,Billing,2,AI,52,Yes,2,3,Medium,No,0.038,2,1.86
373,Billing,5,Human,43,Yes,5,2,Medium,No,0.116,2,2.815
374,Billing,2,Human,17,Yes,3,2,High,Yes,0.176,3,1.5850000000000002
375,HR,2,AI,45,Yes,4,3,Low,No,0.089,1,1.725
376,Technical,3,AI,48,Yes,4,1,Low,No,0.083,1,1.7400000000000002
377,Customer Support,3,AI,55,Yes,3,1,High,No,0.055,3,1.975
378,Customer Support,4,AI,8,Yes,2,2,Low,No,0.25,1,2.14
379,Billing,3,AI,9,Yes,4,1,Low,No,0.444,1,1.5450000000000002
380,Billing,3,AI,49,No,3,3,Low,No,0.061,1,2.1450000000000005
381,Billing,4,AI,7,Yes,1,0,Low,No,0.143,1,1.735
382,HR,4,Human,21,Yes,1,2,Low,No,0.048,1,2.205
383,HR,4,AI,45,Yes,1,1,Low,No,0.022,1,2.1250000000000004
384,Technical,2,AI,21,Yes,3,0,High,No,0.143,3,1.205
385,Customer Support,5,AI,47,Yes,5,0,Low,No,0.106,1,2.335
386,Billing,2,AI,26,Yes,5,3,Low,No,0.192,1,1.6300000000000003
387,Billing,3,Human,59,No,5,3,Medium,No,0.085,2,2.2950000000000004
388,Billing,5,AI,36,Yes,4,3,Medium,No,0.111,2,2.9800000000000004
389,Billing,1,Human,52,Yes,4,0,Medium,No,0.077,2,0.8600000000000001
390,Customer Support,2,AI,23,Yes,4,3,High,No,0.174,3,1.8150000000000002
391,Billing,5,Human,10,Yes,3,2,Medium,No,0.3,2,2.65
392,HR,3,AI,39,Yes,4,3,Low,No,0.103,1,2.095
393,Technical,1,AI,45,Yes,2,1,Low,No,0.044,1,0.9249999999999999
394,HR,5,Human,13,Yes,5,1,Medium,No,0.385,2,2.4650000000000003
395,Customer Support,3,Human,42,Yes,1,2,Low,No,0.024,1,1.9100000000000001
396,Technical,4,Human,11,No,3,3,Low,No,0.273,1,2.355
397,Technical,4,Human,51,No,5,1,High,No,0.098,3,2.3550000000000004
398,Technical,1,Human,59,Yes,4,1,High,No,0.068,3,1.195
399,Customer Support,4,Human,11,Yes,4,0,High,No,0.364,3,1.955
400,Technical,1,Human,57,Yes,4,3,High,No,0.07,3,1.5850000000000002
401,HR,4,AI,6,Yes,3,3,Medium,No,0.5,2,2.4300000000000006
402,Customer Support,4,AI,24,No,1,3,High,No,0.042,3,2.62
403,Customer Support,5,AI,56,Yes,1,3,Medium,No,0.018,2,3.08
404,HR,1,AI,57,No,3,3,High,No,0.053,3,1.5850000000000002
405,Customer Support,4,AI,51,Yes,4,2,High,No,0.078,3,2.5549999999999997
406,Technical,3,AI,20,Yes,1,0,Medium,No,0.05,2,1.5000000000000002
407,Technical,5,AI,42,Yes,3,1,Medium,No,0.071,2,2.6100000000000003
408,Billing,5,AI,55,Yes,1,0,Low,No,0.018,1,2.375
409,Customer Support,4,AI,44,Yes,4,2,Medium,No,0.091,2,2.4200000000000004
410,Customer Support,2,AI,28,Yes,4,3,High,No,0.143,3,1.84
411,HR,5,Human,33,Yes,4,2,High,No,0.121,3,2.865
412,Customer Support,5,AI,56,Yes,2,1,High,No,0.036,3,2.7800000000000002
413,Customer Support,5,AI,37,Yes,3,2,Medium,No,0.081,2,2.785
414,Technical,4,AI,21,Yes,2,1,High,No,0.095,3,2.205
415,Billing,2,AI,24,Yes,4,3,Low,No,0.167,1,1.62
416,Billing,3,AI,58,Yes,3,1,Medium,No,0.052,2,1.8900000000000001
417,HR,2,Human,32,No,3,1,Medium,No,0.094,2,1.36
418,Billing,4,Human,8,No,3,3,High,No,0.375,3,2.54
419,HR,4,AI,51,Yes,4,3,High,No,0.078,3,2.755
420,Technical,4,Human,8,Yes,5,0,Medium,No,0.625,2,1.84
421,HR,3,AI,26,Yes,2,3,Medium,No,0.077,2,2.1300000000000003
422,Customer Support,5,AI,60,Yes,1,0,High,No,0.017,3,2.5999999999999996
423,Technical,4,Human,45,Yes,1,1,Medium,No,0.022,2,2.2250000000000005
424,HR,5,AI,10,Yes,2,1,Low,No,0.2,1,2.35
425,Technical,2,Human,10,Yes,5,3,High,Yes,0.5,3,1.7500000000000002
426,HR,5,Human,60,Yes,2,3,High,No,0.033,3,3.2
427,Billing,4,Human,9,Yes,1,3,Medium,No,0.111,2,2.4450000000000003
428,Technical,4,Human,6,Yes,2,3,Low,No,0.333,1,2.3300000000000005
429,HR,5,AI,5,Yes,3,0,Medium,No,0.6,2,2.225
430,Technical,1,Human,28,Yes,1,0,Medium,No,0.036,2,0.74
431,Technical,4,Human,35,Yes,3,2,High,No,0.086,3,2.4750000000000005
432,Billing,3,Human,38,No,4,1,Medium,No,0.105,2,1.79
433,Customer Support,3,Human,33,Yes,3,0,High,No,0.091,3,1.6650000000000003
434,HR,4,AI,15,No,2,2,High,No,0.133,3,2.375
435,Billing,5,Human,33,Yes,1,2,High,No,0.03,3,2.865
436,Technical,1,AI,37,Yes,4,0,High,No,0.108,3,0.885
437,Technical,5,Human,58,Yes,4,3,Low,No,0.069,1,2.99
438,Technical,4,Human,33,Yes,4,3,Low,No,0.121,1,2.4650000000000003
439,Customer Support,2,Human,21,Yes,5,1,Medium,No,0.238,2,1.305
440,Billing,2,Human,12,Yes,5,1,Medium,Yes,0.417,2,1.26
441,Technical,5,Human,14,Yes,2,0,High,No,0.143,3,2.37
442,Technical,2,AI,6,Yes,3,2,High,Yes,0.5,3,1.53
443,Billing,4,AI,35,Yes,4,1,Medium,No,0.114,2,2.1750000000000003
444,Billing,1,Human,32,Yes,5,0,High,No,0.156,3,0.8600000000000001
445,Billing,1,AI,48,Yes,2,1,High,No,0.042,3,1.1400000000000001
446,Technical,5,AI,11,Yes,4,0,Medium,No,0.364,2,2.2550000000000003
447,Technical,1,AI,50,Yes,4,1,Medium,No,0.08,2,1.05
448,Customer Support,3,Human,56,Yes,1,1,Low,No,0.018,1,1.7800000000000002
449,Customer Support,2,Human,58,Yes,5,0,High,No,0.086,3,1.3900000000000001
450,HR,1,AI,50,Yes,2,3,High,No,0.04,3,1.55
451,Technical,2,Human,26,Yes,1,3,High,No,0.038,3,1.8300000000000003
452,Technical,4,AI,34,No,3,2,High,No,0.088,3,2.4699999999999998
453,Billing,1,Human,8,Yes,3,1,Medium,Yes,0.375,2,0.8400000000000001
454,Customer Support,1,Human,42,Yes,1,3,High,No,0.024,3,1.51
455,Customer Support,1,Human,47,Yes,2,1,Low,No,0.043,1,0.9349999999999999
456,Technical,1,Human,7,Yes,4,3,Medium,Yes,0.571,2,1.235
457,Technical,4,Human,46,Yes,1,3,High,No,0.022,3,2.7300000000000004
458,Technical,3,Human,60,Yes,1,3,Low,No,0.017,1,2.2000000000000006
459,Technical,2,AI,11,No,2,0,High,Yes,0.182,3,1.155
460,Technical,2,Human,59,Yes,4,3,Low,No,0.068,1,1.7950000000000002
461,Technical,2,Human,6,Yes,1,1,Low,Yes,0.167,1,1.1300000000000001
462,Customer Support,5,Human,29,Yes,1,1,High,No,0.034,3,2.6450000000000005
463,Customer Support,2,Human,23,Yes,4,0,Medium,No,0.174,2,1.115
464,Customer Support,3,Human,22,Yes,3,0,Medium,No,0.136,2,1.51
465,Customer Support,2,AI,52,Yes,4,2,Low,No,0.077,1,1.56
466,Billing,2,Human,9,Yes,1,3,Medium,Yes,0.111,2,1.6450000000000002
467,Billing,4,Human,5,Yes,5,3,Low,No,1.0,1,2.325
468,Customer Support,3,AI,20,Yes,2,0,High,No,0.1,3,1.6000000000000003
469,Customer Support,4,AI,48,No,3,1,High,No,0.062,3,2.34
470,HR,4,Human,53,Yes,1,0,High,No,0.019,3,2.165
471,Billing,4,Human,22,Yes,4,1,Medium,No,0.182,2,2.11
472,Technical,5,Human,31,Yes,2,0,High,No,0.065,3,2.455
473,Customer Support,5,AI,31,Yes,5,2,Low,No,0.161,1,2.655
474,Technical,3,Human,49,Yes,5,2,High,No,0.102,3,2.1450000000000005
475,HR,3,AI,20,Yes,5,3,High,No,0.25,3,2.2
476,Technical,2,Human,16,Yes,5,2,High,Yes,0.312,3,1.58
477,Customer Support,2,AI,20,Yes,1,3,High,Yes,0.05,3,1.8
478,Customer Support,1,Human,21,Yes,1,1,Medium,No,0.048,2,0.905
479,Technical,5,AI,24,Yes,5,2,Low,No,0.208,1,2.62
480,HR,5,Human,56,Yes,5,3,Low,No,0.089,1,2.98
481,Technical,3,Human,50,Yes,1,0,Medium,No,0.02,2,1.6500000000000001
482,HR,1,Human,24,Yes,5,0,High,No,0.208,3,0.8200000000000001
483,HR,2,Human,16,Yes,5,1,Low,Yes,0.312,1,1.1800000000000002
484,Technical,4,Human,53,Yes,1,2,High,No,0.019,3,2.5650000000000004
485,Billing,3,AI,25,Yes,1,1,High,No,0.04,3,1.8250000000000002
486,HR,2,Human,49,Yes,2,0,High,No,0.041,3,1.345
487,HR,5,Human,52,Yes,1,1,Medium,No,0.019,2,2.66
488,HR,5,Human,47,Yes,4,3,High,No,0.085,3,3.135
489,Customer Support,1,AI,49,Yes,1,2,High,No,0.02,3,1.345
490,Technical,4,AI,38,Yes,1,0,High,No,0.026,3,2.09
491,Billing,1,AI,40,Yes,2,1,High,No,0.05,3,1.1
492,Billing,5,AI,35,Yes,2,0,Medium,No,0.057,2,2.375
493,HR,1,Human,13,Yes,5,3,Medium,Yes,0.385,2,1.2650000000000001
494,Customer Support,5,AI,13,Yes,3,0,High,No,0.231,3,2.365
495,Technical,5,AI,43,Yes,4,0,High,No,0.093,3,2.5149999999999997
496,Customer Support,4,Human,8,Yes,4,3,Low,No,0.5,1,2.3400000000000003
497,Customer Support,1,Human,37,No,1,2,High,No,0.027,3,1.2850000000000001
498,Technical,4,Human,22,Yes,4,1,Low,No,0.182,1,2.01
499,Customer Support,3,AI,15,Yes,4,2,High,No,0.267,3,1.9750000000000003
500,Customer Support,1,Human,48,Yes,4,2,Medium,No,0.083,2,1.24
501,HR,5,Human,26,No,4,3,High,No,0.154,3,3.0300000000000002
502,Technical,5,AI,57,Yes,5,0,High,No,0.088,3,2.585
503,Billing,3,AI,46,Yes,5,1,Medium,No,0.109,2,1.83
504,Technical,1,AI,52,Yes,4,0,Medium,No,0.077,2,0.8600000000000001
505,Customer Support,5,Human,31,Yes,2,3,Medium,No,0.065,2,2.955
506,Billing,3,Human,13,Yes,4,2,Medium,No,0.308,2,1.865
507,Billing,3,Human,11,Yes,4,2,Low,No,0.364,1,1.7550000000000003
508,Billing,3,AI,41,Yes,1,1,Low,No,0.024,1,1.7050000000000003
509,Technical,3,AI,23,Yes,2,3,High,No,0.087,3,2.2150000000000003
510,Technical,3,Human,30,Yes,3,0,Medium,No,0.1,2,1.55
511,HR,5,Human,42,Yes,1,0,Medium,No,0.024,2,2.41
512,HR,4,Human,10,Yes,1,0,High,No,0.1,3,1.9500000000000002
513,Billing,5,AI,16,Yes,5,1,Medium,No,0.312,2,2.4800000000000004
514,Billing,3,Human,25,Yes,4,1,High,No,0.16,3,1.8250000000000002
515,Technical,1,Human,53,No,2,3,Medium,No,0.038,2,1.465
516,Billing,1,Human,21,Yes,3,2,Medium,No,0.143,2,1.105
517,Billing,1,Human,7,Yes,4,0,Medium,Yes,0.571,2,0.635
518,Technical,2,Human,55,Yes,3,0,Medium,No,0.055,2,1.275
519,Billing,4,AI,53,Yes,5,0,Medium,No,0.094,2,2.065
520,Technical,4,AI,32,Yes,1,3,Low,No,0.031,1,2.4600000000000004
521,Technical,1,Human,46,Yes,5,3,High,No,0.109,3,1.53
522,HR,3,Human,43,Yes,4,2,Low,No,0.093,1,1.9150000000000005
523,Billing,2,Human,44,Yes,1,2,High,No,0.023,3,1.72
524,Technical,1,Human,41,Yes,3,1,High,No,0.073,3,1.105
525,HR,4,Human,45,Yes,2,2,Low,No,0.044,1,2.325
526,Customer Support,4,Human,44,Yes,3,2,High,No,0.068,3,2.5200000000000005
527,Customer Support,1,AI,55,Yes,1,0,Medium,No,0.018,2,0.875
528,HR,3,AI,49,Yes,3,0,Low,No,0.061,1,1.5450000000000004
529,Billing,2,Human,52,No,3,2,High,No,0.058,3,1.76
530,HR,2,AI,10,Yes,3,1,Medium,Yes,0.3,2,1.25
531,Customer Support,4,AI,24,Yes,1,3,Low,No,0.042,1,2.4200000000000004
532,Customer Support,4,Human,56,Yes,5,0,Medium,No,0.089,2,2.08
533,Billing,3,AI,6,No,5,2,Low,No,0.833,1,1.7300000000000004
534,Technical,1,AI,34,Yes,5,1,High,No,0.147,3,1.07
535,Customer Support,5,Human,37,Yes,3,2,Medium,No,0.081,2,2.785
536,Technical,4,AI,37,Yes,4,3,Medium,No,0.108,2,2.5850000000000004
537,HR,2,Human,42,Yes,5,3,Low,No,0.119,1,1.7100000000000002
538,Customer Support,5,AI,31,Yes,3,0,High,No,0.097,3,2.455
539,Technical,3,AI,44,Yes,3,1,High,No,0.068,3,1.9200000000000002
540,Technical,3,Human,13,Yes,1,0,Medium,No,0.077,2,1.465
541,HR,2,Human,34,Yes,5,0,High,No,0.147,3,1.27
542,HR,2,AI,33,Yes,4,2,Medium,No,0.121,2,1.5650000000000002
543,Customer Support,1,Human,40,Yes,2,1,Low,No,0.05,1,0.9
544,Technical,1,Human,24,No,4,2,High,No,0.167,3,1.2200000000000002
545,Customer Support,1,Human,53,Yes,2,3,High,No,0.038,3,1.5650000000000002
546,Technical,1,Human,12,Yes,1,1,High,Yes,0.083,3,0.9600000000000001
547,Technical,5,AI,45,Yes,1,0,Medium,No,0.022,2,2.4250000000000003
548,Billing,1,AI,50,Yes,3,1,Low,No,0.06,1,0.9500000000000001
549,Billing,5,AI,5,Yes,3,1,Medium,No,0.6,2,2.4250000000000003
550,HR,2,AI,45,Yes,5,3,High,No,0.111,3,1.925
551,HR,5,AI,51,Yes,1,3,High,No,0.02,3,3.1550000000000002
552,Customer Support,1,Human,40,Yes,1,0,Low,No,0.025,1,0.7
553,Customer Support,4,AI,56,Yes,4,2,Low,No,0.071,1,2.3800000000000003
554,HR,3,AI,34,No,3,1,Low,No,0.088,1,1.6700000000000002
555,Technical,4,AI,21,Yes,1,0,Low,No,0.048,1,1.8050000000000002
556,Billing,4,AI,26,Yes,2,1,High,No,0.077,3,2.23
557,Billing,1,AI,35,Yes,2,0,Medium,No,0.057,2,0.7750000000000001
558,HR,4,Human,38,Yes,2,0,Low,No,0.053,1,1.8900000000000001
559,HR,2,Human,30,Yes,3,3,Medium,No,0.1,2,1.7500000000000002
560,Technical,4,AI,30,Yes,5,3,High,No,0.167,3,2.6500000000000004
561,Technical,3,Human,11,Yes,3,0,High,No,0.273,3,1.5550000000000002
562,Technical,1,Human,6,Yes,4,0,Medium,Yes,0.667,2,0.6300000000000001
563,Technical,3,Human,49,Yes,2,2,Low,No,0.041,1,1.9450000000000003
564,Customer Support,4,Human,33,Yes,4,2,Low,No,0.121,1,2.265
565,HR,4,AI,21,Yes,3,2,High,No,0.143,3,2.4050000000000002
566,HR,5,Human,18,Yes,2,2,Medium,No,0.111,2,2.69
567,Billing,1,Human,41,Yes,2,0,High,No,0.049,3,0.905
568,Billing,5,AI,5,No,3,0,Low,No,0.6,1,2.125
569,Customer Support,2,Human,24,Yes,4,2,Low,No,0.167,1,1.4200000000000002
570,Customer Support,2,AI,43,Yes,4,0,Medium,No,0.093,2,1.215
571,Billing,4,AI,33,Yes,1,2,Medium,No,0.03,2,2.365
572,Technical,3,Human,42,Yes,2,0,Medium,No,0.048,2,1.61
573,Technical,2,Human,21,Yes,3,0,Medium,No,0.143,2,1.105
574,HR,5,AI,50,Yes,3,0,Medium,No,0.06,2,2.45
575,Customer Support,5,AI,44,Yes,1,0,Medium,No,0.023,2,2.42
576,Customer Support,4,Human,34,Yes,1,3,High,No,0.029,3,2.67
577,Customer Support,2,AI,16,No,4,2,Medium,Yes,0.25,2,1.48
578,HR,2,AI,39,Yes,1,3,Low,No,0.026,1,1.6950000000000003
579,Customer Support,4,AI,11,Yes,2,1,Medium,No,0.182,2,2.055
580,Billing,4,Human,18,Yes,4,1,High,No,0.222,3,2.1900000000000004
581,Customer Support,4,AI,17,Yes,4,3,Medium,No,0.235,2,2.4850000000000003
582,Customer Support,1,Human,34,Yes,3,1,Low,No,0.088,1,0.87
583,Billing,2,Human,15,Yes,1,0,Low,Yes,0.067,1,0.975
584,Technical,1,Human,5,Yes,4,3,Medium,Yes,0.8,2,1.225
585,Technical,3,AI,30,Yes,4,3,Low,No,0.133,1,2.0500000000000003
586,HR,4,Human,41,Yes,1,2,Medium,No,0.024,2,2.4050000000000002
587,Technical,2,Human,45,Yes,3,3,Low,No,0.067,1,1.725
588,Billing,3,Human,44,Yes,4,3,Low,No,0.091,1,2.1200000000000006
589,Technical,5,AI,5,Yes,1,0,Low,No,0.2,1,2.125
590,HR,2,Human,14,No,2,0,High,Yes,0.143,3,1.17
591,Technical,4,Human,52,Yes,2,2,Medium,No,0.038,2,2.4600000000000004
592,Billing,1,AI,17,Yes,3,0,Low,Yes,0.176,1,0.585
593,Billing,5,Human,49,Yes,2,2,Low,No,0.041,1,2.745
594,HR,2,Human,17,Yes,3,0,Medium,Yes,0.176,2,1.085
595,Technical,5,Human,40,Yes,2,2,Low,No,0.05,1,2.7
596,HR,4,Human,46,Yes,3,1,Low,No,0.065,1,2.1300000000000003
597,Technical,4,Human,52,Yes,4,2,Low,No,0.077,1,2.3600000000000003
598,Technical,1,AI,33,Yes,3,1,Low,No,0.091,1,0.8650000000000001
599,Technical,2,Human,6,Yes,1,0,High,Yes,0.167,3,1.1300000000000001
600,Technical,1,AI,53,Yes,2,2,High,No,0.038,3,1.365
601,HR,3,Human,35,Yes,1,3,Medium,No,0.029,2,2.1750000000000003
602,Billing,4,AI,12,Yes,1,1,Low,No,0.083,1,1.9600000000000002
603,Customer Support,1,AI,14,Yes,2,3,Low,Yes,0.143,1,1.1700000000000002
604,Billing,5,AI,42,Yes,3,0,High,No,0.071,3,2.51
605,HR,5,AI,43,Yes,5,3,High,No,0.116,3,3.115
606,Billing,4,Human,47,No,3,0,Low,No,0.064,1,1.935
607,Technical,3,Human,19,Yes,3,2,High,No,0.158,3,1.9950000000000003
608,Technical,5,Human,56,Yes,4,0,Medium,No,0.071,2,2.48
609,HR,5,Human,8,Yes,3,1,Medium,No,0.375,2,2.4400000000000004
610,Customer Support,5,AI,39,Yes,4,1,High,No,0.103,3,2.6950000000000003
611,HR,4,Human,24,Yes,2,0,Low,No,0.083,1,1.8200000000000003
612,Billing,5,AI,44,Yes,5,3,High,No,0.114,3,3.12
613,HR,2,Human,49,Yes,1,3,Medium,No,0.02,2,1.845
614,Customer Support,5,Human,22,Yes,1,1,Medium,No,0.045,2,2.5100000000000002
615,Technical,1,AI,18,Yes,3,2,High,Yes,0.167,3,1.19
616,Technical,1,Human,49,Yes,2,0,Medium,No,0.041,2,0.845
617,HR,3,Human,58,Yes,3,2,Medium,No,0.052,2,2.0900000000000003
618,Technical,1,AI,56,Yes,5,0,Low,No,0.089,1,0.7799999999999999
619,Technical,4,AI,8,Yes,3,1,Low,No,0.375,1,1.9400000000000002
620,Customer Support,4,Human,44,Yes,5,3,High,No,0.114,3,2.7199999999999998
621,Customer Support,5,Human,26,Yes,1,3,High,No,0.038,3,3.0300000000000002
622,Billing,4,AI,48,Yes,3,2,Low,No,0.062,1,2.3400000000000003
623,Technical,5,AI,58,Yes,1,2,Medium,No,0.017,2,2.89
624,HR,1,AI,34,Yes,3,1,Low,No,0.088,1,0.87
625,Customer Support,4,AI,41,Yes,5,3,High,No,0.122,3,2.705
626,Technical,5,AI,24,Yes,4,2,Low,No,0.167,1,2.62
627,Billing,1,AI,57,Yes,1,3,High,No,0.018,3,1.5850000000000002
628,Billing,4,Human,36,Yes,1,2,Low,No,0.028,1,2.2800000000000002
629,Customer Support,3,AI,34,Yes,2,2,Medium,No,0.059,2,1.97
630,Technical,4,Human,52,Yes,4,0,Medium,No,0.077,2,2.06
631,HR,1,Human,31,Yes,3,1,Medium,No,0.097,2,0.9550000000000001
632,Customer Support,1,AI,10,Yes,1,1,Low,Yes,0.1,1,0.75
633,Billing,5,AI,20,Yes,5,2,High,No,0.25,3,2.8
634,Billing,1,Human,40,Yes,4,1,Medium,No,0.1,2,1.0
635,HR,2,Human,20,Yes,4,0,Low,Yes,0.2,1,1.0
636,Technical,2,AI,42,Yes,4,3,Low,No,0.095,1,1.7100000000000002
637,HR,1,AI,10,Yes,2,0,Medium,Yes,0.2,2,0.65
638,Customer Support,3,Human,26,Yes,3,2,Low,No,0.115,1,1.83
639,Billing,2,AI,10,No,5,0,Low,Yes,0.5,1,0.9500000000000001
640,Customer Support,1,AI,27,Yes,3,0,Medium,No,0.111,2,0.7350000000000001
641,HR,3,AI,45,Yes,3,1,High,No,0.067,3,1.9250000000000003
642,HR,3,AI,37,Yes,1,2,Low,No,0.027,1,1.8850000000000002
643,Customer Support,1,AI,14,Yes,5,3,Low,Yes,0.357,1,1.1700000000000002
644,HR,5,Human,48,Yes,2,1,Medium,No,0.042,2,2.6400000000000006
645,Customer Support,5,Human,35,Yes,1,3,Low,No,0.029,1,2.875
646,Billing,2,AI,26,Yes,3,2,Medium,No,0.115,2,1.53
647,Technical,5,Human,6,No,4,1,Medium,No,0.667,2,2.43
648,Customer Support,1,Human,24,Yes,4,0,High,No,0.167,3,0.8200000000000001
649,Customer Support,4,AI,8,Yes,3,1,Low,No,0.375,1,1.9400000000000002
650,Billing,2,Human,34,Yes,2,2,Low,No,0.059,1,1.4700000000000002
651,Customer Support,3,AI,48,No,1,0,High,No,0.021,3,1.7400000000000002
652,Technical,5,AI,41,Yes,2,1,High,No,0.049,3,2.705
653,Billing,1,AI,18,Yes,5,3,Low,Yes,0.278,1,1.1900000000000002
654,Technical,4,Human,52,Yes,1,1,Medium,No,0.019,2,2.2600000000000002
655,Technical,4,Human,52,Yes,3,0,High,No,0.058,3,2.16
656,Customer Support,5,Human,11,Yes,4,1,Medium,No,0.364,2,2.4550000000000005
657,HR,2,Human,56,No,1,0,Low,No,0.018,1,1.1800000000000002
658,Billing,2,Human,27,Yes,3,0,Medium,No,0.111,2,1.135
659,HR,2,AI,45,Yes,5,3,Medium,No,0.111,2,1.825
660,HR,5,AI,37,Yes,1,0,High,No,0.027,3,2.4850000000000003
661,HR,3,AI,21,Yes,3,2,High,No,0.143,3,2.005
662,Billing,2,Human,43,Yes,1,3,High,No,0.023,3,1.9150000000000003
663,Technical,1,Human,27,No,3,3,Low,No,0.111,1,1.2350000000000003
664,Technical,1,AI,9,Yes,2,0,Medium,Yes,0.222,2,0.645
665,Customer Support,3,Human,21,Yes,4,1,High,No,0.19,3,1.8050000000000002
666,HR,2,AI,51,No,5,0,High,No,0.098,3,1.3550000000000002
667,Billing,5,AI,9,Yes,2,1,Low,No,0.222,1,2.345
668,HR,2,Human,29,Yes,3,0,Medium,No,0.103,2,1.145
669,Billing,3,Human,7,Yes,3,0,High,No,0.429,3,1.5350000000000001
670,Technical,4,AI,58,Yes,5,3,Medium,No,0.086,2,2.6900000000000004
671,HR,1,Human,21,Yes,5,1,High,No,0.238,3,1.0050000000000001
672,Technical,3,Human,59,Yes,1,0,Medium,No,0.017,2,1.695
673,Customer Support,2,Human,28,Yes,5,0,Low,No,0.179,1,1.04
674,Billing,2,Human,39,Yes,1,0,High,No,0.026,3,1.2950000000000002
675,Billing,1,Human,39,Yes,1,0,Low,No,0.026,1,0.695
676,HR,4,AI,17,Yes,4,2,Low,No,0.235,1,2.185
677,Customer Support,3,Human,21,Yes,5,3,Medium,No,0.238,2,2.1050000000000004
678,Technical,5,Human,9,No,2,0,Medium,No,0.222,2,2.245
679,Billing,3,AI,59,Yes,5,1,Medium,No,0.085,2,1.895
680,Customer Support,5,Human,39,Yes,4,3,Medium,No,0.103,2,2.995
681,HR,5,AI,48,Yes,3,0,Medium,No,0.062,2,2.4400000000000004
682,Technical,5,Human,13,Yes,1,1,Medium,No,0.077,2,2.4650000000000003
683,Customer Support,4,Human,19,Yes,2,3,High,No,0.105,3,2.5949999999999998
684,Technical,5,Human,60,Yes,5,1,Medium,No,0.083,2,2.7
685,Customer Support,1,AI,40,Yes,1,3,Low,No,0.025,1,1.3000000000000003
686,Customer Support,2,Human,42,Yes,5,1,Low,No,0.119,1,1.31
687,Customer Support,4,AI,59,No,3,3,High,No,0.051,3,2.795
688,Billing,4,Human,47,Yes,3,3,Medium,No,0.064,2,2.6350000000000002
689,HR,3,AI,28,Yes,4,1,High,No,0.143,3,1.84
690,HR,1,AI,43,Yes,1,1,Low,No,0.023,1,0.9149999999999999
691,HR,5,Human,40,Yes,2,2,High,No,0.05,3,2.9000000000000004
692,Customer Support,4,Human,35,Yes,4,0,Low,No,0.114,1,1.8750000000000002
693,HR,4,AI,16,Yes,5,3,Low,No,0.312,1,2.3800000000000003
694,Technical,2,Human,36,Yes,4,2,High,No,0.111,3,1.68
695,Billing,4,Human,40,No,5,2,High,No,0.125,3,2.5
696,Billing,2,Human,15,No,1,3,High,Yes,0.067,3,1.7750000000000001
697,Customer Support,4,AI,27,Yes,1,0,Medium,No,0.037,2,1.935
698,Technical,5,Human,34,Yes,3,0,High,No,0.088,3,2.4699999999999998
699,Billing,3,Human,39,Yes,5,0,High,No,0.128,3,1.6950000000000003
700,HR,5,AI,19,Yes,2,0,Low,No,0.105,1,2.1950000000000003
701,HR,1,Human,26,Yes,1,0,Low,No,0.038,1,0.63
702,Technical,4,Human,44,No,1,1,Medium,No,0.023,2,2.22
703,Technical,3,AI,12,Yes,5,2,Low,No,0.417,1,1.7600000000000002
704,Customer Support,2,AI,8,Yes,5,1,Low,Yes,0.625,1,1.1400000000000001
705,Customer Support,2,Human,22,Yes,2,0,Low,No,0.091,1,1.01
706,Technical,4,AI,55,No,3,2,High,No,0.055,3,2.575
707,Customer Support,4,AI,58,Yes,5,3,Medium,No,0.086,2,2.6900000000000004
708,Billing,1,Human,27,Yes,2,1,Low,No,0.074,1,0.8350000000000001
709,Billing,2,AI,10,Yes,2,1,Medium,Yes,0.2,2,1.25
710,Customer Support,2,AI,49,Yes,1,0,Low,No,0.02,1,1.145
711,Technical,3,Human,5,Yes,5,3,Medium,No,1.0,2,2.0250000000000004
712,Billing,2,AI,18,Yes,4,2,Medium,Yes,0.222,2,1.49
713,Customer Support,3,AI,27,Yes,1,3,High,No,0.037,3,2.2350000000000003
714,HR,4,AI,33,Yes,2,0,Medium,No,0.061,2,1.965
715,Billing,3,Human,27,Yes,3,2,Medium,No,0.111,2,1.9350000000000003
716,HR,1,Human,6,Yes,3,2,Low,Yes,0.5,1,0.93
717,Technical,5,AI,30,Yes,1,0,Low,No,0.033,1,2.25
718,Technical,2,AI,28,Yes,3,1,High,No,0.107,3,1.4400000000000002
719,Customer Support,4,Human,46,Yes,3,2,Medium,No,0.065,2,2.43
720,Billing,2,Human,59,No,2,0,High,No,0.034,3,1.395
721,Technical,4,Human,5,Yes,5,1,Low,No,1.0,1,1.925
722,Customer Support,3,AI,60,Yes,3,3,High,No,0.05,3,2.4000000000000004
723,Technical,2,AI,37,Yes,3,0,Low,No,0.081,1,1.0850000000000002
724,HR,1,Human,46,Yes,1,0,High,No,0.022,3,0.93
725,Technical,1,AI,50,Yes,3,0,Medium,No,0.06,2,0.8500000000000001
726,HR,1,Human,31,Yes,5,1,High,No,0.161,3,1.0550000000000002
727,Customer Support,4,AI,27,Yes,1,3,Low,No,0.037,1,2.435
728,Billing,1,Human,34,Yes,5,1,Low,No,0.147,1,0.87
729,Billing,4,Human,36,Yes,4,2,Medium,No,0.111,2,2.3800000000000003
730,Billing,2,AI,13,Yes,2,1,High,Yes,0.154,3,1.365
731,Customer Support,1,Human,45,Yes,2,2,High,No,0.044,3,1.325
732,Technical,3,Human,29,Yes,4,2,High,No,0.138,3,2.045
733,Technical,4,AI,51,Yes,5,0,Medium,No,0.098,2,2.055
734,Customer Support,5,AI,31,Yes,4,2,Medium,No,0.129,2,2.755
735,HR,3,Human,37,Yes,4,0,Low,No,0.108,1,1.4850000000000003
736,HR,1,Human,36,Yes,4,0,Medium,No,0.111,2,0.78
737,Billing,1,AI,32,Yes,5,1,Medium,No,0.156,2,0.96
738,HR,1,AI,27,Yes,2,2,High,No,0.074,3,1.235
739,HR,2,Human,27,No,4,0,High,No,0.148,3,1.235
740,Billing,4,AI,40,Yes,5,1,Medium,No,0.125,2,2.2
741,Customer Support,3,Human,32,Yes,3,2,Low,No,0.094,1,1.8600000000000003
742,HR,4,Human,40,Yes,4,3,High,No,0.1,3,2.7
743,Customer Support,2,AI,13,Yes,4,0,Medium,Yes,0.308,2,1.065
744,HR,4,AI,7,No,5,2,Low,No,0.714,1,2.1350000000000002
745,Technical,1,Human,39,Yes,2,2,High,No,0.051,3,1.295
746,HR,3,AI,34,Yes,3,0,Low,No,0.088,1,1.4700000000000002
747,HR,5,Human,55,Yes,2,3,Low,No,0.036,1,2.975
748,Billing,1,AI,21,Yes,2,1,Low,No,0.095,1,0.805
749,Customer Support,4,AI,59,Yes,3,2,Low,No,0.051,1,2.395
750,Customer Support,5,Human,39,Yes,1,0,High,No,0.026,3,2.495
751,Technical,4,AI,44,Yes,4,0,High,No,0.091,3,2.12
752,Customer Support,5,AI,26,No,3,3,High,No,0.115,3,3.0300000000000002
753,Customer Support,3,AI,37,No,4,3,High,No,0.108,3,2.285
754,HR,5,Human,24,Yes,1,2,High,No,0.042,3,2.8200000000000003
755,Billing,1,AI,28,Yes,1,2,Low,No,0.036,1,1.04
756,Technical,3,Human,11,Yes,2,2,Medium,No,0.182,2,1.8550000000000002
757,Billing,2,Human,57,Yes,4,1,Medium,No,0.07,2,1.4849999999999999
758,Customer Support,3,Human,45,Yes,4,3,High,No,0.089,3,2.325
759,Technical,5,Human,38,Yes,2,1,High,No,0.053,3,2.6900000000000004
760,Customer Support,2,Human,17,Yes,2,1,Low,Yes,0.118,1,1.185
761,HR,2,Human,49,Yes,5,3,Low,No,0.102,1,1.745
762,HR,1,AI,50,No,1,1,High,No,0.02,3,1.1500000000000001
763,Customer Support,3,Human,26,Yes,2,0,High,No,0.077,3,1.6300000000000001
764,Billing,3,AI,11,Yes,2,1,High,No,0.182,3,1.7550000000000001
765,Customer Support,3,AI,37,Yes,1,2,Low,No,0.027,1,1.8850000000000002
766,Billing,5,Human,60,Yes,1,2,High,No,0.017,3,3.0
767,Technical,5,AI,20,Yes,3,1,Low,No,0.15,1,2.4000000000000004
768,Customer Support,4,AI,14,Yes,2,3,Low,No,0.143,1,2.3700000000000006
769,Customer Support,1,Human,11,Yes,3,1,Low,Yes,0.273,1,0.755
770,HR,5,Human,12,No,4,3,Low,No,0.333,1,2.7600000000000002
771,HR,3,AI,5,No,2,1,High,No,0.4,3,1.725
772,Customer Support,3,Human,21,Yes,3,2,Low,No,0.143,1,1.8050000000000002
773,Billing,2,AI,20,Yes,4,3,Medium,Yes,0.2,2,1.7
774,Technical,4,AI,7,No,3,0,High,No,0.429,3,1.935
775,Customer Support,5,Human,39,Yes,1,0,Low,No,0.026,1,2.295
776,HR,4,AI,41,Yes,5,1,Low,No,0.122,1,2.1050000000000004
777,HR,3,AI,31,Yes,1,1,Low,No,0.032,1,1.6550000000000002
778,HR,4,Human,6,Yes,3,3,Medium,No,0.5,2,2.4300000000000006
779,Billing,3,AI,26,Yes,1,2,High,No,0.038,3,2.0300000000000002
780,Technical,1,AI,22,Yes,3,3,Low,No,0.136,1,1.2100000000000002
781,HR,3,Human,30,Yes,3,1,Medium,No,0.1,2,1.75
782,Technical,2,Human,9,Yes,5,2,Medium,Yes,0.556,2,1.445
783,Customer Support,1,AI,59,Yes,2,1,Low,No,0.034,1,0.995
784,Billing,4,Human,49,Yes,2,1,Medium,No,0.041,2,2.2450000000000006
785,Billing,5,Human,57,Yes,2,2,High,No,0.035,3,2.9850000000000003
786,Technical,3,Human,29,Yes,5,1,High,No,0.172,3,1.8450000000000002
787,Customer Support,4,Human,46,Yes,3,2,High,No,0.065,3,2.5300000000000002
788,Customer Support,2,AI,43,Yes,2,1,High,No,0.047,3,1.5150000000000001
789,Customer Support,1,AI,47,Yes,2,3,Medium,No,0.043,2,1.435
790,HR,2,Human,50,Yes,5,1,Low,No,0.1,1,1.35
791,Customer Support,1,AI,41,Yes,3,2,Medium,No,0.073,2,1.2049999999999998
792,Technical,4,AI,22,Yes,1,0,Low,No,0.045,1,1.81
793,Technical,3,AI,46,Yes,1,0,Medium,No,0.022,2,1.6300000000000001
794,Technical,2,Human,22,Yes,4,3,Medium,No,0.182,2,1.7100000000000002
795,Customer Support,5,AI,20,Yes,1,0,High,No,0.05,3,2.4000000000000004
796,Customer Support,4,AI,54,Yes,2,0,Low,No,0.037,1,1.9700000000000002
797,Customer Support,5,Human,44,Yes,4,0,Low,No,0.091,1,2.32
798,HR,1,Human,15,Yes,1,0,Low,Yes,0.067,1,0.5750000000000001
799,HR,4,Human,57,No,5,1,Low,No,0.088,1,2.185
800,Customer Support,5,Human,55,Yes,3,0,Medium,No,0.055,2,2.475
801,Technical,2,AI,31,Yes,4,3,Low,No,0.129,1,1.6550000000000002
802,Customer Support,5,Human,16,Yes,1,2,Medium,No,0.062,2,2.68
803,Technical,1,Human,54,No,3,0,Low,No,0.056,1,0.77
804,HR,2,Human,29,Yes,4,3,High,No,0.138,3,1.8450000000000002
805,HR,1,Human,42,Yes,1,0,High,No,0.024,3,0.91
806,HR,5,Human,31,Yes,3,2,High,No,0.097,3,2.8549999999999995
807,Technical,4,Human,39,Yes,4,1,High,No,0.103,3,2.295
808,Billing,2,AI,38,Yes,4,0,Medium,No,0.105,2,1.19
809,HR,5,AI,17,Yes,2,3,High,No,0.118,3,2.9850000000000003
810,Technical,5,AI,25,Yes,4,2,High,No,0.16,3,2.825
811,HR,5,Human,19,Yes,5,2,High,No,0.263,3,2.795
812,Customer Support,2,Human,39,Yes,2,0,Low,No,0.051,1,1.0950000000000002
813,Customer Support,5,AI,56,Yes,2,2,Low,No,0.036,1,2.78
814,Customer Support,1,Human,54,Yes,2,2,High,No,0.037,3,1.37
815,Customer Support,1,AI,51,Yes,2,2,Medium,No,0.039,2,1.2550000000000001
816,Customer Support,5,Human,50,Yes,5,0,Medium,No,0.1,2,2.45
817,HR,2,AI,52,Yes,4,2,Medium,No,0.077,2,1.66
818,Technical,4,Human,16,Yes,1,3,Low,No,0.062,1,2.3800000000000003
819,Billing,1,Human,58,Yes,4,2,Medium,No,0.069,2,1.2899999999999998
820,Technical,1,AI,32,Yes,4,2,Low,No,0.125,1,1.06
821,Technical,3,Human,29,Yes,4,2,High,No,0.138,3,2.045
822,Technical,3,AI,18,Yes,2,1,High,No,0.111,3,1.7900000000000003
823,Customer Support,4,Human,43,Yes,3,3,High,No,0.07,3,2.715
824,Customer Support,5,Human,44,Yes,4,1,High,No,0.091,3,2.7199999999999998
825,Technical,4,Human,51,Yes,3,2,High,No,0.059,3,2.5549999999999997
826,Billing,1,AI,23,Yes,2,1,Medium,No,0.087,2,0.915
827,Customer Support,1,AI,46,Yes,5,0,Medium,No,0.109,2,0.8300000000000001
828,Billing,5,AI,51,No,5,2,Low,No,0.098,1,2.755
829,Billing,3,AI,40,Yes,3,0,Medium,No,0.075,2,1.6
830,Billing,5,Human,45,Yes,2,3,Low,No,0.044,1,2.9250000000000003
831,HR,5,AI,28,Yes,3,2,Medium,No,0.107,2,2.74
832,Billing,3,Human,41,Yes,3,0,Medium,No,0.073,2,1.6050000000000002
833,Customer Support,3,AI,48,Yes,5,1,Low,No,0.104,1,1.7400000000000002
834,Technical,4,Human,18,Yes,5,3,Low,No,0.278,1,2.39
835,HR,1,Human,43,Yes,3,3,Medium,No,0.07,2,1.415
836,Technical,4,AI,18,No,3,0,High,No,0.167,3,1.9900000000000002
837,HR,5,Human,49,Yes,5,2,Low,No,0.102,1,2.745
838,Billing,2,Human,32,Yes,3,0,Low,No,0.094,1,1.06
839,Technical,3,Human,5,No,3,1,Low,No,0.6,1,1.5250000000000001
840,Customer Support,3,AI,13,Yes,3,3,Medium,No,0.231,2,2.0650000000000004
841,Customer Support,1,AI,13,Yes,1,2,High,Yes,0.077,3,1.165
842,Customer Support,2,Human,47,Yes,2,0,Medium,No,0.043,2,1.235
843,Technical,5,AI,37,Yes,1,3,Low,No,0.027,1,2.8850000000000002
844,HR,2,Human,42,Yes,2,0,High,No,0.048,3,1.31
845,Customer Support,4,AI,12,Yes,3,0,High,No,0.25,3,1.9600000000000002
846,Billing,1,Human,33,Yes,5,3,Medium,No,0.152,2,1.365
847,Billing,2,AI,20,Yes,4,3,Medium,Yes,0.2,2,1.7
848,HR,2,AI,49,Yes,1,3,Low,No,0.02,1,1.745
849,Customer Support,2,Human,35,Yes,5,3,Low,No,0.143,1,1.6750000000000003
850,Billing,5,AI,12,Yes,3,2,Medium,No,0.25,2,2.66
851,HR,4,AI,43,Yes,3,3,High,No,0.07,3,2.715
852,Technical,1,AI,59,Yes,2,3,Low,No,0.034,1,1.3950000000000002
853,Billing,2,AI,10,Yes,1,2,Low,Yes,0.1,1,1.35
854,Technical,3,Human,57,Yes,2,3,Medium,No,0.035,2,2.285
855,HR,3,AI,54,Yes,4,1,High,No,0.074,3,1.9700000000000002
856,Customer Support,4,AI,45,Yes,1,2,Low,No,0.022,1,2.325
857,Customer Support,5,AI,21,Yes,4,1,High,No,0.19,3,2.6050000000000004
858,Billing,1,AI,34,Yes,4,2,Low,No,0.118,1,1.07
859,Customer Support,1,Human,52,Yes,1,1,Medium,No,0.019,2,1.06
860,HR,2,AI,13,Yes,4,1,Medium,Yes,0.308,2,1.265
861,Customer Support,1,Human,7,Yes,5,3,Medium,Yes,0.714,2,1.235
862,Billing,5,AI,17,Yes,3,3,Medium,No,0.176,2,2.8850000000000002
863,Technical,5,AI,51,Yes,5,0,High,No,0.098,3,2.5549999999999997
864,Customer Support,3,Human,51,Yes,1,1,Medium,No,0.02,2,1.855
865,HR,1,Human,37,Yes,2,2,Medium,No,0.054,2,1.185
866,Billing,2,Human,37,Yes,4,1,Medium,No,0.108,2,1.385
867,HR,2,Human,53,Yes,2,3,High,No,0.038,3,1.965
868,Billing,4,Human,45,Yes,3,3,High,No,0.067,3,2.7250000000000005
869,Billing,1,Human,17,Yes,4,0,Medium,Yes,0.235,2,0.685
870,Customer Support,1,AI,8,Yes,2,3,High,Yes,0.25,3,1.34
871,Customer Support,5,Human,37,Yes,3,3,High,No,0.081,3,3.085
872,HR,4,AI,59,Yes,4,3,High,No,0.068,3,2.795
873,Customer Support,4,Human,46,Yes,2,1,Low,No,0.043,1,2.1300000000000003
874,HR,5,Human,59,Yes,5,3,Low,No,0.085,1,2.995
875,Technical,3,AI,25,Yes,3,2,Low,No,0.12,1,1.8250000000000002
876,HR,1,AI,50,Yes,3,0,Medium,No,0.06,2,0.8500000000000001
877,Billing,4,Human,29,Yes,2,0,Medium,No,0.069,2,1.945
878,HR,1,AI,57,Yes,5,0,Medium,No,0.088,2,0.885
879,Customer Support,3,Human,36,Yes,3,1,Medium,No,0.083,2,1.78
880,Customer Support,2,Human,34,Yes,1,1,High,No,0.029,3,1.47
881,Billing,5,AI,31,Yes,2,3,High,No,0.065,3,3.0549999999999997
882,Customer Support,1,AI,46,Yes,2,2,High,No,0.043,3,1.33
883,Billing,2,Human,53,Yes,2,1,High,No,0.038,3,1.565
884,Customer Support,2,AI,30,Yes,5,2,Medium,No,0.167,2,1.55
885,HR,2,Human,60,Yes,2,0,High,No,0.033,3,1.4000000000000001
886,Customer Support,2,AI,13,Yes,2,2,Medium,Yes,0.154,2,1.465
887,Technical,3,Human,43,Yes,1,2,Medium,No,0.023,2,2.0150000000000006
888,HR,5,Human,39,Yes,1,3,Low,No,0.026,1,2.895
889,HR,3,AI,21,Yes,5,3,High,No,0.238,3,2.205
890,Technical,1,AI,37,Yes,5,2,Medium,No,0.135,2,1.185
891,HR,5,Human,21,Yes,3,3,Medium,No,0.143,2,2.9050000000000002
892,HR,5,Human,36,Yes,4,2,Medium,No,0.111,2,2.7800000000000002
893,Billing,5,AI,13,No,2,0,Low,No,0.154,1,2.165
894,Billing,5,AI,27,Yes,5,3,Medium,No,0.185,2,2.935
895,HR,2,AI,29,Yes,2,0,High,No,0.069,3,1.245
896,HR,4,AI,22,Yes,2,2,Medium,No,0.091,2,2.31
897,Billing,4,AI,14,Yes,5,3,Medium,No,0.357,2,2.4700000000000006
898,Customer Support,5,Human,35,Yes,4,2,High,No,0.114,3,2.875
899,Technical,3,AI,34,Yes,2,2,Low,No,0.059,1,1.87
900,Customer Support,5,Human,47,Yes,5,3,Low,No,0.106,1,2.935
901,Billing,1,Human,49,Yes,3,3,High,No,0.061,3,1.5450000000000002
902,Customer Support,4,Human,19,Yes,4,0,Medium,No,0.211,2,1.895
903,HR,3,AI,6,Yes,3,1,High,No,0.5,3,1.7300000000000002
904,HR,1,Human,57,Yes,1,2,Medium,No,0.018,2,1.285
905,Technical,4,Human,8,Yes,3,1,Low,No,0.375,1,1.9400000000000002
906,Billing,3,Human,52,Yes,5,2,Low,No,0.096,1,1.9600000000000004
907,HR,4,AI,11,Yes,5,2,High,No,0.455,3,2.3550000000000004
908,Technical,2,Human,52,Yes,2,2,Low,No,0.038,1,1.56
909,Customer Support,5,AI,23,Yes,1,2,Low,No,0.043,1,2.615
910,HR,1,AI,53,Yes,2,0,Low,No,0.038,1,0.765
911,HR,1,Human,48,Yes,1,2,Medium,No,0.021,2,1.24
912,Billing,4,Human,53,Yes,3,0,High,No,0.057,3,2.165
913,Billing,2,Human,35,Yes,4,3,Medium,No,0.114,2,1.7750000000000001
914,Billing,4,Human,57,Yes,2,1,High,No,0.035,3,2.385
915,HR,4,AI,52,Yes,4,1,High,No,0.077,3,2.3600000000000003
916,Customer Support,4,AI,45,Yes,1,3,High,No,0.022,3,2.7250000000000005
917,HR,5,Human,24,Yes,5,0,High,No,0.208,3,2.42
918,Customer Support,3,AI,36,Yes,5,2,High,No,0.139,3,2.08
919,Customer Support,5,Human,18,Yes,2,3,Medium,No,0.111,2,2.89
920,Customer Support,4,AI,55,Yes,3,3,Low,No,0.055,1,2.575
921,Customer Support,2,Human,47,Yes,4,0,High,No,0.085,3,1.3350000000000002
922,Customer Support,2,Human,13,Yes,2,2,Low,Yes,0.154,1,1.3650000000000002
923,Customer Support,5,Human,41,Yes,5,3,Medium,No,0.122,2,3.0050000000000003
924,Billing,4,AI,42,Yes,2,3,High,No,0.048,3,2.71
925,Billing,5,Human,30,Yes,2,2,Low,No,0.067,1,2.65
926,Billing,1,Human,48,Yes,5,3,High,No,0.104,3,1.5400000000000003
927,Customer Support,3,AI,10,Yes,2,3,Medium,No,0.2,2,2.0500000000000003
928,Technical,2,Human,21,Yes,1,1,Low,No,0.048,1,1.205
929,Technical,5,Human,54,Yes,1,3,Low,No,0.019,1,2.97
930,HR,2,Human,31,Yes,2,0,Medium,No,0.065,2,1.155
931,HR,2,Human,46,Yes,1,1,Medium,No,0.022,2,1.43
932,HR,1,AI,60,Yes,4,3,High,No,0.067,3,1.6
933,Customer Support,3,AI,44,Yes,3,2,Medium,No,0.068,2,2.0200000000000005
934,HR,1,Human,33,Yes,3,1,High,No,0.091,3,1.0650000000000002
935,Customer Support,5,Human,9,Yes,2,2,High,No,0.222,3,2.745
936,Customer Support,3,AI,25,Yes,2,2,Medium,No,0.08,2,1.925
937,Customer Support,4,Human,24,Yes,5,0,Low,No,0.208,1,1.8200000000000003
938,Customer Support,1,Human,16,Yes,5,3,Medium,Yes,0.312,2,1.28
939,Technical,5,Human,28,Yes,3,1,Medium,No,0.107,2,2.5400000000000005
940,Billing,1,AI,11,Yes,4,3,Medium,Yes,0.364,2,1.2550000000000001
941,Technical,1,Human,39,Yes,3,1,Medium,No,0.077,2,0.9949999999999999
942,HR,3,AI,8,Yes,4,3,High,No,0.5,3,2.1400000000000006
943,Technical,4,AI,32,Yes,3,3,Medium,No,0.094,2,2.5600000000000005
944,Customer Support,5,Human,51,Yes,2,1,Low,No,0.039,1,2.555
945,Customer Support,3,AI,41,Yes,4,3,Low,No,0.098,1,2.1050000000000004
946,Technical,2,Human,7,Yes,4,3,Low,Yes,0.571,1,1.5350000000000001
947,Billing,4,Human,29,Yes,1,2,Low,No,0.034,1,2.245
948,Billing,5,AI,57,Yes,1,3,High,No,0.018,3,3.1850000000000005
949,Customer Support,2,AI,30,Yes,3,0,High,No,0.1,3,1.25
950,Technical,4,AI,55,Yes,5,3,High,No,0.091,3,2.7750000000000004
951,Billing,2,AI,32,Yes,3,0,Medium,No,0.094,2,1.1600000000000001
952,HR,4,AI,57,Yes,4,0,High,No,0.07,3,2.185
953,Technical,5,AI,18,Yes,4,0,Medium,No,0.222,2,2.29
954,HR,4,AI,39,Yes,3,2,Medium,No,0.077,2,2.3950000000000005
955,Billing,4,Human,6,Yes,1,1,Medium,No,0.167,2,2.0300000000000002
956,Technical,5,Human,56,Yes,4,3,Medium,No,0.071,2,3.08
957,Technical,1,Human,9,Yes,5,3,High,Yes,0.556,3,1.3450000000000002
958,Billing,5,Human,43,Yes,3,2,High,No,0.07,3,2.915
959,HR,4,AI,18,Yes,4,1,Medium,No,0.222,2,2.0900000000000003
960,HR,1,AI,56,Yes,4,3,Medium,No,0.071,2,1.48
961,Technical,3,Human,26,Yes,1,2,Medium,No,0.038,2,1.93
962,Customer Support,5,Human,59,Yes,1,3,Low,No,0.017,1,2.995
963,Technical,5,Human,22,Yes,4,3,High,No,0.182,3,3.01
964,HR,4,Human,56,Yes,1,3,High,No,0.018,3,2.7800000000000002
965,Billing,2,Human,45,Yes,5,1,Low,No,0.111,1,1.325
966,Billing,5,AI,36,Yes,3,3,Low,No,0.083,1,2.8800000000000003
967,Customer Support,5,AI,12,Yes,3,0,Low,No,0.25,1,2.16
968,Customer Support,1,AI,30,No,3,3,Medium,No,0.1,2,1.35
969,Technical,2,Human,5,Yes,4,3,High,Yes,0.8,3,1.7250000000000003
970,Billing,1,AI,27,Yes,1,0,High,No,0.037,3,0.8350000000000001
971,Customer Support,2,Human,48,Yes,5,0,Low,No,0.104,1,1.1400000000000001
972,Technical,1,Human,19,Yes,3,3,High,Yes,0.158,3,1.3950000000000002
973,HR,4,Human,18,Yes,3,2,Medium,No,0.167,2,2.2900000000000005
974,HR,3,Human,50,Yes,4,2,Low,No,0.08,1,1.9500000000000002
975,Billing,1,AI,42,Yes,1,0,Medium,No,0.024,2,0.81
976,Technical,2,Human,40,Yes,2,0,Medium,No,0.05,2,1.2
977,Technical,4,Human,35,Yes,2,3,Low,No,0.057,1,2.475
978,Customer Support,3,AI,39,Yes,4,1,Low,No,0.103,1,1.6950000000000003
979,Technical,2,Human,36,Yes,4,3,Medium,No,0.111,2,1.78
980,Billing,3,AI,29,Yes,4,0,Medium,No,0.138,2,1.5450000000000002
981,Technical,1,Human,47,Yes,4,1,High,No,0.085,3,1.135
982,Technical,5,AI,53,Yes,3,2,Medium,No,0.057,2,2.865
983,Customer Support,4,Human,23,Yes,1,0,Medium,No,0.043,2,1.915
984,HR,5,AI,45,No,2,1,High,No,0.044,3,2.7250000000000005
985,Customer Support,5,Human,28,No,3,3,Low,No,0.107,1,2.8400000000000003
986,HR,1,AI,38,Yes,4,3,High,No,0.105,3,1.49
987,Technical,5,AI,6,Yes,3,1,High,No,0.5,3,2.5300000000000002
988,Billing,5,AI,57,Yes,4,3,Medium,No,0.07,2,3.0850000000000004
989,Customer Support,3,Human,19,Yes,1,0,Medium,No,0.053,2,1.495
990,Customer Support,4,Human,6,Yes,5,1,Medium,No,0.833,2,2.0300000000000002
991,Technical,2,AI,48,Yes,4,3,Medium,No,0.083,2,1.84
992,Billing,4,AI,17,No,2,2,Low,No,0.118,1,2.185
993,HR,5,AI,50,Yes,3,3,Low,No,0.06,1,2.95
994,Customer Support,2,Human,29,No,4,0,High,No,0.138,3,1.245
995,Technical,1,Human,18,Yes,1,2,High,Yes,0.056,3,1.19
996,HR,5,AI,28,Yes,5,3,Medium,No,0.179,2,2.9400000000000004
997,HR,5,AI,20,Yes,4,0,Medium,No,0.2,2,2.3000000000000003
998,Technical,4,AI,24,Yes,3,3,High,No,0.125,3,2.62
999,Billing,3,Human,41,Yes,5,2,High,No,0.122,3,2.1050000000000004
1000,Customer Support,1,AI,18,No,1,3,Low,Yes,0.056,1,1.1900000000000002
1001,Technical,2,Human,53,Yes,3,3,High,No,0.057,3,1.965
1002,Customer Support,3,Human,6,Yes,4,3,High,No,0.667,3,2.1300000000000003
1003,HR,3,AI,52,Yes,4,0,Low,No,0.077,1,1.5600000000000003
1004,Technical,1,AI,58,Yes,2,2,Low,No,0.034,1,1.19
1005,Billing,3,Human,55,Yes,3,3,High,No,0.055,3,2.375
1006,Customer Support,3,AI,39,Yes,3,0,Low,No,0.077,1,1.4950000000000003
1007,Technical,1,AI,24,Yes,4,3,Low,No,0.167,1,1.2200000000000002
1008,Billing,5,AI,28,Yes,5,0,Medium,No,0.179,2,2.3400000000000003
1009,Billing,2,AI,36,Yes,1,2,Medium,No,0.028,2,1.5799999999999998
1010,HR,1,Human,46,Yes,1,2,Medium,No,0.022,2,1.23
1011,Customer Support,1,Human,43,Yes,5,0,High,No,0.116,3,0.915
1012,Billing,5,AI,36,Yes,2,2,High,No,0.056,3,2.88
1013,Customer Support,3,AI,39,Yes,1,0,High,No,0.026,3,1.6950000000000003
1014,HR,5,Human,55,Yes,2,0,Medium,No,0.036,2,2.475
1015,Billing,3,AI,17,Yes,5,3,Medium,No,0.294,2,2.0850000000000004
1016,Customer Support,4,Human,35,Yes,4,3,Medium,No,0.114,2,2.575
1017,HR,1,AI,28,Yes,2,3,Low,No,0.071,1,1.2400000000000002
1018,Customer Support,4,Human,17,Yes,4,0,Medium,No,0.235,2,1.885
1019,Billing,4,AI,46,Yes,5,0,High,No,0.109,3,2.13
1020,Technical,5,AI,13,Yes,1,2,Low,No,0.077,1,2.565
1021,HR,1,Human,58,Yes,2,0,Low,No,0.034,1,0.7899999999999999
1022,Technical,5,Human,15,Yes,4,0,High,No,0.267,3,2.375
1023,Customer Support,3,Human,37,Yes,4,3,Low,No,0.108,1,2.0850000000000004
1024,Customer Support,4,Human,36,Yes,3,0,Medium,No,0.083,2,1.98
1025,Customer Support,5,Human,12,Yes,5,3,High,No,0.417,3,2.96
1026,Customer Support,5,Human,8,No,5,0,High,No,0.625,3,2.34
1027,Billing,2,Human,24,Yes,4,0,Medium,No,0.167,2,1.12
1028,Billing,2,AI,16,No,5,1,Low,Yes,0.312,1,1.1800000000000002
1029,Customer Support,5,AI,45,Yes,2,0,Low,No,0.044,1,2.325
1030,Technical,5,AI,47,Yes,4,0,Medium,No,0.085,2,2.435
1031,Billing,5,AI,57,Yes,3,3,Medium,No,0.053,2,3.0850000000000004
1032,Billing,2,Human,30,Yes,1,1,Medium,No,0.033,2,1.35
1033,HR,4,Human,58,Yes,4,0,High,No,0.069,3,2.1900000000000004
1034,Billing,4,Human,26,Yes,2,0,Medium,No,0.077,2,1.93
1035,Billing,4,AI,13,Yes,3,2,High,No,0.231,3,2.365
1036,Technical,1,Human,46,Yes,5,2,High,No,0.109,3,1.33
1037,HR,4,AI,16,No,3,1,High,No,0.188,3,2.18
1038,Customer Support,1,Human,60,Yes,5,2,Medium,No,0.083,2,1.3
1039,Customer Support,2,AI,36,Yes,4,3,Low,No,0.111,1,1.6800000000000002
1040,Customer Support,3,Human,23,Yes,3,0,Medium,No,0.13,2,1.5150000000000001
1041,HR,5,Human,23,Yes,4,1,Low,No,0.174,1,2.4150000000000005
1042,HR,5,Human,14,Yes,1,2,Low,No,0.071,1,2.57
1043,HR,2,Human,23,Yes,3,2,Medium,No,0.13,2,1.515
1044,Billing,5,AI,36,Yes,3,2,Low,No,0.083,1,2.68
1045,Billing,3,Human,32,Yes,3,2,Medium,No,0.094,2,1.9600000000000002
1046,Technical,4,AI,31,Yes,2,1,Medium,No,0.065,2,2.1550000000000002
1047,Billing,1,Human,38,Yes,5,0,Medium,No,0.132,2,0.79
1048,Technical,1,AI,27,Yes,3,0,Medium,No,0.111,2,0.7350000000000001
1049,HR,2,Human,56,Yes,5,2,Medium,No,0.089,2,1.68
1050,Billing,4,AI,14,Yes,4,2,High,No,0.286,3,2.37
1051,Customer Support,2,Human,29,Yes,4,2,Low,No,0.138,1,1.4450000000000003
1052,Billing,4,AI,53,Yes,1,1,Low,No,0.019,1,2.165
1053,Billing,3,Human,7,Yes,1,1,Low,No,0.143,1,1.5350000000000001
1054,Billing,2,Human,27,Yes,2,1,High,No,0.074,3,1.435
1055,Customer Support,3,AI,60,Yes,5,3,Low,No,0.083,1,2.2000000000000006
1056,HR,3,Human,56,Yes,4,3,High,No,0.071,3,2.38
1057,HR,4,Human,46,No,5,2,Low,No,0.109,1,2.33
1058,HR,2,AI,18,Yes,2,1,High,Yes,0.111,3,1.3900000000000001
1059,Billing,2,Human,35,Yes,3,2,Low,No,0.086,1,1.475
1060,HR,4,Human,35,No,1,0,Medium,No,0.029,2,1.975
1061,HR,3,AI,33,Yes,1,1,Medium,No,0.03,2,1.7650000000000001
1062,HR,2,Human,25,No,1,1,High,No,0.04,3,1.425
1063,HR,1,AI,13,Yes,4,0,Low,Yes,0.308,1,0.5650000000000001
1064,Customer Support,1,Human,13,Yes,3,1,Low,Yes,0.231,1,0.765
1065,Technical,5,AI,17,Yes,2,1,Medium,No,0.118,2,2.4850000000000003
1066,Customer Support,2,Human,50,Yes,2,2,Medium,No,0.04,2,1.6500000000000001
1067,Billing,2,Human,33,Yes,4,3,Medium,No,0.121,2,1.7650000000000001
1068,Technical,3,AI,5,Yes,3,0,Low,No,0.6,1,1.3250000000000002
1069,HR,2,Human,30,Yes,1,0,Low,No,0.033,1,1.05
1070,Technical,1,Human,38,Yes,4,0,Low,No,0.105,1,0.69
1071,Customer Support,5,Human,50,Yes,2,3,Low,No,0.04,1,2.95
1072,Billing,2,Human,31,Yes,2,1,Medium,No,0.065,2,1.355
1073,HR,5,AI,24,Yes,3,3,High,No,0.125,3,3.0200000000000005
1074,Billing,5,Human,46,No,4,0,High,No,0.087,3,2.5300000000000002
1075,Customer Support,1,Human,17,Yes,5,0,Medium,Yes,0.294,2,0.685
1076,Technical,3,Human,34,Yes,5,3,High,No,0.147,3,2.2700000000000005
1077,Technical,4,Human,52,Yes,4,0,Low,No,0.077,1,1.9600000000000002
1078,Customer Support,1,AI,58,Yes,4,1,Low,No,0.069,1,0.9899999999999999
1079,HR,2,AI,48,Yes,2,1,Low,No,0.042,1,1.34
1080,Technical,5,Human,29,Yes,1,1,Low,No,0.034,1,2.4450000000000003
1081,Technical,1,Human,60,Yes,5,1,Low,No,0.083,1,0.9999999999999999
1082,HR,2,AI,40,Yes,2,2,Medium,No,0.05,2,1.5999999999999999
1083,Customer Support,1,AI,25,Yes,5,1,High,No,0.2,3,1.0250000000000001
1084,Customer Support,2,Human,49,Yes,2,0,High,No,0.041,3,1.345
1085,Technical,5,Human,14,Yes,5,1,Medium,No,0.357,2,2.47
1086,Billing,2,Human,15,Yes,5,3,Medium,Yes,0.333,2,1.675
1087,HR,1,AI,46,Yes,2,3,Medium,No,0.043,2,1.43
1088,Billing,1,Human,57,Yes,3,2,High,No,0.053,3,1.385
1089,Technical,1,Human,55,Yes,4,3,High,No,0.073,3,1.5750000000000002
1090,Customer Support,3,Human,42,Yes,5,2,Low,No,0.119,1,1.9100000000000001
1091,Customer Support,5,AI,9,Yes,1,0,High,No,0.111,3,2.3449999999999998
1092,Technical,2,Human,28,Yes,4,2,Low,No,0.143,1,1.4400000000000002
1093,Customer Support,2,AI,37,Yes,5,3,High,No,0.135,3,1.8850000000000002
1094,Billing,5,Human,31,Yes,1,0,High,No,0.032,3,2.455
1095,Customer Support,4,Human,15,Yes,2,3,Medium,No,0.133,2,2.4750000000000005
1096,HR,3,AI,12,Yes,3,3,Low,No,0.25,1,1.9600000000000004
1097,Customer Support,3,Human,43,Yes,4,3,Low,No,0.093,1,2.1150000000000007
1098,HR,2,AI,34,Yes,5,2,High,No,0.147,3,1.6700000000000002
1099,Customer Support,4,AI,48,Yes,3,0,Medium,No,0.062,2,2.04
1100,HR,3,AI,33,Yes,1,2,High,No,0.03,3,2.0650000000000004
1101,Billing,2,Human,60,Yes,2,1,High,No,0.033,3,1.6
1102,Customer Support,2,AI,52,Yes,5,0,High,No,0.096,3,1.36
1103,Customer Support,5,Human,10,Yes,2,3,High,No,0.2,3,2.95
1104,Technical,1,AI,59,Yes,5,1,Low,No,0.085,1,0.995
1105,Customer Support,1,AI,57,Yes,2,1,Medium,No,0.035,2,1.085
1106,Customer Support,3,Human,24,Yes,5,1,Low,No,0.208,1,1.6200000000000003
1107,Billing,1,AI,43,Yes,5,0,Low,No,0.116,1,0.715
1108,HR,2,Human,51,Yes,5,0,Medium,No,0.098,2,1.2550000000000001
1109,Customer Support,5,Human,16,Yes,2,2,High,No,0.125,3,2.7800000000000002
1110,HR,3,AI,20,Yes,2,3,High,No,0.1,3,2.2
1111,Billing,5,Human,53,Yes,3,1,Medium,No,0.057,2,2.6650000000000005
1112,Billing,3,Human,46,Yes,1,1,Low,No,0.022,1,1.7300000000000002
1113,HR,4,Human,58,Yes,4,0,Medium,No,0.069,2,2.0900000000000003
1114,HR,4,Human,11,Yes,1,2,Medium,No,0.091,2,2.2550000000000003
1115,Billing,1,AI,20,Yes,3,1,Low,Yes,0.15,1,0.7999999999999999
1116,HR,1,Human,20,Yes,2,1,Low,Yes,0.1,1,0.7999999999999999
1117,Billing,2,AI,10,Yes,5,1,High,Yes,0.5,3,1.35
1118,Billing,3,AI,42,Yes,4,3,Medium,No,0.095,2,2.2100000000000004
1119,Technical,5,Human,47,Yes,2,2,Medium,No,0.043,2,2.835
1120,Technical,2,Human,52,Yes,1,1,Medium,No,0.019,2,1.46
1121,Billing,5,Human,16,Yes,1,3,Low,No,0.062,1,2.7800000000000002
1122,Customer Support,3,AI,44,Yes,4,3,Medium,No,0.091,2,2.2200000000000006
1123,Billing,5,Human,10,Yes,2,1,Low,No,0.2,1,2.35
1124,Customer Support,4,Human,43,Yes,4,2,High,No,0.093,3,2.5150000000000006
1125,Technical,5,Human,52,Yes,2,0,Low,No,0.038,1,2.36
1126,HR,3,Human,37,Yes,5,0,Low,No,0.135,1,1.4850000000000003
1127,Customer Support,2,AI,52,Yes,3,3,High,No,0.058,3,1.9600000000000002
1128,Technical,1,Human,17,Yes,3,0,Medium,Yes,0.176,2,0.685
1129,HR,4,Human,52,No,5,2,Medium,No,0.096,2,2.4600000000000004
1130,Billing,5,AI,48,Yes,2,3,High,No,0.042,3,3.1400000000000006
1131,HR,3,AI,50,Yes,1,1,High,No,0.02,3,1.9500000000000002
1132,Customer Support,4,Human,23,Yes,3,1,High,No,0.13,3,2.215
1133,Billing,4,AI,55,Yes,1,2,High,No,0.018,3,2.575
1134,HR,5,Human,44,Yes,2,2,High,No,0.045,3,2.92
1135,Billing,3,Human,6,Yes,2,0,Low,No,0.333,1,1.3300000000000003
1136,Billing,3,Human,23,Yes,5,0,Medium,No,0.217,2,1.5150000000000001
1137,HR,3,Human,35,Yes,5,2,Low,No,0.143,1,1.8750000000000004
1138,Technical,3,Human,17,Yes,3,1,Medium,No,0.176,2,1.685
1139,Customer Support,1,AI,36,Yes,5,3,Medium,No,0.139,2,1.3800000000000001
1140,Customer Support,3,Human,10,Yes,2,2,Medium,No,0.2,2,1.8500000000000003
1141,Customer Support,3,Human,27,Yes,4,3,High,No,0.148,3,2.2350000000000003
1142,Billing,2,AI,6,Yes,5,0,High,Yes,0.833,3,1.1300000000000001
1143,HR,4,Human,37,Yes,5,0,High,No,0.135,3,2.085
1144,HR,1,Human,5,Yes,4,1,High,Yes,0.8,3,0.925
1145,Customer Support,4,Human,27,Yes,4,0,Medium,No,0.148,2,1.935
1146,Billing,3,AI,53,Yes,1,2,High,No,0.019,3,2.165
1147,HR,3,AI,38,Yes,4,2,High,No,0.105,3,2.09
1148,HR,5,AI,14,Yes,1,2,High,No,0.071,3,2.7699999999999996
1149,Technical,5,AI,15,Yes,3,3,Medium,No,0.2,2,2.8750000000000004
1150,HR,5,AI,15,Yes,3,0,High,No,0.2,3,2.375
1151,Customer Support,3,AI,50,Yes,2,1,Low,No,0.04,1,1.7500000000000002
1152,Technical,4,Human,50,Yes,4,3,High,No,0.08,3,2.75
1153,Billing,3,Human,39,Yes,4,3,High,No,0.103,3,2.2950000000000004
1154,HR,3,Human,56,No,1,2,Medium,No,0.018,2,2.0800000000000005
1155,Billing,5,Human,5,Yes,2,0,Low,No,0.4,1,2.125
1156,HR,1,AI,23,Yes,1,1,Medium,No,0.043,2,0.915
1157,Billing,4,Human,19,Yes,4,0,Medium,No,0.211,2,1.895
1158,HR,5,AI,53,Yes,1,3,Low,No,0.019,1,2.9650000000000003
1159,Billing,3,Human,29,Yes,2,3,High,No,0.069,3,2.245
1160,Customer Support,1,AI,41,Yes,3,1,Medium,No,0.073,2,1.005
1161,HR,3,AI,10,Yes,1,3,High,No,0.1,3,2.1500000000000004
1162,Customer Support,4,Human,26,Yes,5,2,Low,No,0.192,1,2.23
1163,Billing,1,AI,45,Yes,5,0,Medium,No,0.111,2,0.825
1164,Customer Support,1,Human,6,Yes,2,3,High,Yes,0.333,3,1.3300000000000003
1165,HR,5,Human,35,Yes,4,3,Medium,No,0.114,2,2.975
1166,Customer Support,3,AI,43,Yes,4,1,Medium,No,0.093,2,1.8150000000000002
1167,Customer Support,5,AI,52,No,5,1,Low,No,0.096,1,2.56
1168,HR,3,AI,51,Yes,4,2,High,No,0.078,3,2.1550000000000002
1169,Customer Support,4,Human,28,Yes,4,1,High,No,0.143,3,2.24
1170,HR,5,Human,20,Yes,3,2,Low,No,0.15,1,2.6
1171,Technical,1,AI,8,No,3,3,High,Yes,0.375,3,1.34
1172,Technical,1,AI,58,Yes,4,0,High,No,0.069,3,0.99
1173,Technical,2,Human,48,Yes,3,3,Medium,No,0.062,2,1.84
1174,Technical,4,AI,51,Yes,5,0,High,No,0.098,3,2.1550000000000002
1175,Billing,2,Human,29,Yes,3,1,High,No,0.103,3,1.445
1176,Customer Support,5,AI,32,Yes,1,3,Low,No,0.031,1,2.8600000000000003
1177,HR,4,Human,21,Yes,3,1,Low,No,0.143,1,2.005
1178,HR,5,AI,39,No,2,3,High,No,0.051,3,3.0949999999999998
1179,Technical,4,AI,9,Yes,1,3,High,No,0.111,3,2.545
1180,HR,2,AI,56,Yes,5,0,High,No,0.089,3,1.3800000000000001
1181,Technical,3,AI,42,Yes,3,3,Medium,No,0.071,2,2.2100000000000004
1182,Technical,2,AI,31,Yes,2,3,Medium,No,0.065,2,1.7550000000000001
1183,Technical,3,Human,58,Yes,4,0,High,No,0.069,3,1.7900000000000003
1184,Billing,5,AI,26,Yes,2,1,Medium,No,0.077,2,2.5300000000000002
1185,HR,4,Human,40,Yes,5,0,Medium,No,0.125,2,2.0
1186,HR,1,Human,38,Yes,4,0,Low,No,0.105,1,0.69
1187,Technical,2,Human,42,Yes,4,0,Low,No,0.095,1,1.11
1188,Customer Support,2,Human,26,Yes,3,0,Low,No,0.115,1,1.03
1189,HR,1,Human,29,Yes,5,3,High,No,0.172,3,1.445
1190,Technical,5,Human,25,Yes,5,2,Low,No,0.2,1,2.625
1191,Customer Support,2,Human,34,Yes,4,1,Medium,No,0.118,2,1.3699999999999999
1192,HR,4,AI,36,Yes,5,1,Low,No,0.139,1,2.08
1193,Billing,4,AI,18,Yes,4,3,Medium,No,0.222,2,2.49
1194,Billing,1,AI,51,Yes,5,3,Medium,No,0.098,2,1.455
1195,Billing,2,Human,45,Yes,3,3,Medium,No,0.067,2,1.825
1196,Billing,4,AI,21,Yes,2,3,Medium,No,0.095,2,2.5050000000000003
1197,Technical,1,Human,5,No,5,0,Low,Yes,1.0,1,0.525
1198,HR,4,AI,35,Yes,3,0,Medium,No,0.086,2,1.975
1199,HR,1,Human,43,Yes,1,0,Medium,No,0.023,2,0.815
1200,Billing,4,AI,41,Yes,4,1,Medium,No,0.098,2,2.2050000000000005
1201,Billing,1,Human,32,Yes,4,0,Low,No,0.125,1,0.66
1202,HR,4,AI,26,Yes,5,2,High,No,0.192,3,2.4299999999999997
1203,HR,5,AI,55,Yes,4,3,High,No,0.073,3,3.175
1204,HR,1,AI,39,Yes,5,0,High,No,0.128,3,0.895
1205,Billing,3,Human,58,Yes,1,2,Low,No,0.017,1,1.9900000000000002
1206,HR,5,AI,14,Yes,5,2,Medium,No,0.357,2,2.67
1207,HR,2,AI,14,Yes,1,1,Low,Yes,0.071,1,1.1700000000000002
1208,HR,5,Human,21,No,3,2,Medium,No,0.143,2,2.705
1209,Customer Support,1,Human,51,No,3,2,Low,No,0.059,1,1.1550000000000002
1210,Technical,3,AI,28,Yes,5,0,Medium,No,0.179,2,1.54
1211,Technical,5,AI,32,Yes,1,3,Low,No,0.031,1,2.8600000000000003
1212,HR,5,AI,23,Yes,5,2,Medium,No,0.217,2,2.7150000000000003
1213,HR,3,AI,53,Yes,1,3,High,No,0.019,3,2.365
1214,Customer Support,1,AI,12,Yes,3,0,Low,Yes,0.25,1,0.56
1215,HR,5,AI,37,Yes,3,2,High,No,0.081,3,2.885
1216,Technical,5,AI,27,Yes,2,3,High,No,0.074,3,3.035
1217,HR,2,Human,8,Yes,4,0,Low,Yes,0.5,1,0.9400000000000001
1218,Technical,1,AI,13,Yes,5,0,Medium,Yes,0.385,2,0.665
1219,Technical,2,Human,13,Yes,1,2,Low,Yes,0.077,1,1.3650000000000002
1220,HR,3,Human,33,Yes,2,2,High,No,0.061,3,2.0650000000000004
1221,HR,4,AI,20,Yes,1,0,High,No,0.05,3,2.0
1222,Billing,3,AI,39,Yes,2,1,Medium,No,0.051,2,1.7950000000000002
1223,Billing,5,AI,17,Yes,5,0,Medium,No,0.294,2,2.285
1224,Technical,4,Human,19,Yes,4,2,Medium,No,0.211,2,2.2950000000000004
1225,Billing,2,Human,8,Yes,2,3,High,Yes,0.25,3,1.7400000000000002
1226,Customer Support,4,AI,44,Yes,3,3,Medium,No,0.068,2,2.62
1227,HR,2,AI,37,Yes,2,1,High,No,0.054,3,1.485
1228,Billing,3,Human,26,Yes,3,2,Low,No,0.115,1,1.83
1229,Technical,2,Human,15,Yes,5,3,High,Yes,0.333,3,1.7750000000000001
1230,Billing,4,AI,27,Yes,1,1,Medium,No,0.037,2,2.1350000000000002
1231,Customer Support,3,Human,9,No,4,0,Low,No,0.444,1,1.3450000000000002
1232,Technical,2,Human,16,Yes,3,3,Low,Yes,0.188,1,1.58
1233,Technical,1,Human,28,Yes,4,1,Medium,No,0.143,2,0.94
1234,Technical,5,Human,17,Yes,5,1,Low,No,0.294,1,2.3850000000000002
1235,Technical,1,AI,43,Yes,5,3,Low,No,0.116,1,1.3150000000000002
1236,Billing,1,AI,8,Yes,1,0,Low,Yes,0.125,1,0.54
1237,Customer Support,2,AI,59,Yes,2,1,High,No,0.034,3,1.595
1238,HR,3,Human,44,Yes,5,3,High,No,0.114,3,2.3200000000000003
1239,HR,4,AI,59,Yes,2,1,High,No,0.034,3,2.3950000000000005
1240,Technical,2,Human,48,Yes,2,2,High,No,0.042,3,1.74
1241,Customer Support,3,AI,10,Yes,3,0,Low,No,0.3,1,1.3500000000000003
1242,Customer Support,4,Human,54,Yes,5,2,Medium,No,0.093,2,2.47
1243,HR,2,AI,9,Yes,4,2,Medium,Yes,0.444,2,1.445
1244,Technical,5,Human,56,Yes,4,2,Low,No,0.071,1,2.78
1245,Billing,4,Human,31,Yes,5,2,Medium,No,0.161,2,2.3550000000000004
1246,Customer Support,4,AI,47,Yes,2,1,Medium,No,0.043,2,2.2350000000000003
1247,HR,2,AI,31,Yes,3,3,Low,No,0.097,1,1.6550000000000002
1248,Technical,5,AI,28,Yes,4,1,Low,No,0.143,1,2.4400000000000004
1249,Customer Support,4,AI,17,Yes,1,0,Medium,No,0.059,2,1.885
1250,Billing,3,Human,38,Yes,4,2,Low,No,0.105,1,1.8900000000000001
1251,Technical,4,Human,18,Yes,1,0,Low,No,0.056,1,1.7900000000000003
1252,Technical,5,Human,53,Yes,4,2,Medium,No,0.075,2,2.865
1253,HR,1,Human,28,Yes,4,0,Medium,No,0.143,2,0.74
1254,HR,1,Human,11,Yes,1,2,Medium,Yes,0.091,2,1.055
1255,Technical,2,Human,48,Yes,4,2,Low,No,0.083,1,1.54
1256,Customer Support,3,AI,52,Yes,4,1,Medium,No,0.077,2,1.86
1257,Billing,4,Human,48,Yes,5,0,Medium,No,0.104,2,2.04
1258,Billing,1,Human,8,No,3,3,Low,Yes,0.375,1,1.1400000000000001
1259,HR,2,AI,9,Yes,1,1,Low,Yes,0.111,1,1.1450000000000002
1260,Technical,4,AI,16,Yes,3,3,Low,No,0.188,1,2.3800000000000003
1261,Technical,2,AI,30,No,3,3,Medium,No,0.1,2,1.7500000000000002
1262,Customer Support,2,Human,23,Yes,5,3,High,No,0.217,3,1.8150000000000002
1263,Technical,4,Human,20,Yes,2,1,Medium,No,0.1,2,2.1
1264,Customer Support,5,Human,20,Yes,3,1,Low,No,0.15,1,2.4000000000000004
1265,Technical,3,Human,48,No,3,1,Low,No,0.062,1,1.7400000000000002
1266,Billing,3,AI,12,Yes,2,2,Low,No,0.167,1,1.7600000000000002
1267,Technical,1,AI,5,No,2,0,Low,Yes,0.4,1,0.525
1268,Billing,1,AI,17,Yes,1,0,High,Yes,0.059,3,0.785
1269,Billing,4,Human,11,Yes,3,2,Medium,No,0.273,2,2.2550000000000003
1270,Customer Support,1,Human,41,Yes,1,1,Low,No,0.024,1,0.9049999999999999
1271,Customer Support,3,AI,12,Yes,1,0,Low,No,0.083,1,1.3600000000000003
1272,Billing,2,Human,6,Yes,1,0,High,Yes,0.167,3,1.1300000000000001
1273,Billing,5,AI,14,Yes,2,0,Low,No,0.143,1,2.17
1274,Customer Support,3,Human,15,Yes,1,1,High,No,0.067,3,1.7750000000000001
1275,Billing,2,AI,50,Yes,2,1,Medium,No,0.04,2,1.45
1276,Customer Support,4,Human,42,Yes,1,2,Medium,No,0.024,2,2.41
1277,Billing,3,AI,32,Yes,4,3,Low,No,0.125,1,2.06
1278,Billing,2,AI,22,Yes,3,1,Medium,No,0.136,2,1.31
1279,Customer Support,4,AI,43,Yes,1,1,Low,No,0.023,1,2.115
1280,HR,3,AI,16,Yes,4,0,High,No,0.25,3,1.5800000000000003
1281,HR,3,AI,60,Yes,1,1,High,No,0.017,3,2.0
1282,Billing,1,Human,16,Yes,2,1,Medium,Yes,0.125,2,0.8800000000000001
1283,Technical,3,AI,31,Yes,3,2,High,No,0.097,3,2.0550000000000006
1284,Technical,5,AI,33,Yes,3,2,Medium,No,0.091,2,2.765
1285,HR,2,Human,36,Yes,5,0,Low,No,0.139,1,1.08
1286,Technical,4,AI,50,Yes,5,1,High,No,0.1,3,2.3500000000000005
1287,Billing,5,AI,32,Yes,1,0,Low,No,0.031,1,2.2600000000000002
1288,Customer Support,3,Human,16,Yes,2,3,Medium,No,0.125,2,2.0800000000000005
1289,Technical,5,AI,22,Yes,4,1,Low,No,0.182,1,2.41
1290,HR,1,Human,47,Yes,1,0,Low,No,0.021,1,0.735
1291,Customer Support,2,Human,33,Yes,4,3,Medium,No,0.121,2,1.7650000000000001
1292,Billing,3,AI,42,Yes,3,0,Medium,No,0.071,2,1.61
1293,HR,2,Human,54,Yes,4,0,High,No,0.074,3,1.37
1294,Billing,5,AI,57,Yes,3,0,High,No,0.053,3,2.585
1295,Billing,5,Human,55,Yes,5,0,Medium,No,0.091,2,2.475
1296,HR,2,AI,29,Yes,1,0,High,No,0.034,3,1.245
1297,HR,1,Human,5,No,5,0,Medium,Yes,1.0,2,0.625
1298,Technical,4,Human,20,Yes,5,0,Medium,No,0.25,2,1.9000000000000001
1299,HR,4,AI,17,Yes,4,0,Low,No,0.235,1,1.7850000000000001
1300,Customer Support,3,Human,44,Yes,2,2,Low,No,0.045,1,1.9200000000000004
1301,HR,4,Human,14,Yes,4,2,High,No,0.286,3,2.37
1302,HR,3,Human,28,Yes,3,0,High,No,0.107,3,1.6400000000000001
1303,Billing,4,Human,26,Yes,4,3,Medium,No,0.154,2,2.5300000000000002
1304,HR,4,AI,51,Yes,3,3,Medium,No,0.059,2,2.6550000000000002
1305,Technical,4,AI,27,Yes,2,1,Low,No,0.074,1,2.035
1306,HR,5,Human,40,Yes,4,1,Low,No,0.1,1,2.5000000000000004
1307,HR,5,AI,40,Yes,1,0,Medium,No,0.025,2,2.4000000000000004
1308,Billing,1,AI,51,Yes,1,1,Low,No,0.02,1,0.955
1309,HR,1,AI,16,Yes,3,2,Medium,Yes,0.188,2,1.08
1310,Customer Support,2,AI,40,Yes,1,1,Medium,No,0.025,2,1.4
1311,HR,5,AI,60,Yes,1,0,High,No,0.017,3,2.5999999999999996
1312,Technical,2,Human,6,Yes,4,0,Medium,Yes,0.667,2,1.03
1313,Technical,3,AI,11,No,4,1,High,No,0.364,3,1.7550000000000001
1314,Billing,5,AI,44,Yes,1,0,High,No,0.023,3,2.5199999999999996
1315,Technical,2,AI,42,Yes,2,1,High,No,0.048,3,1.51
1316,HR,2,AI,7,Yes,5,3,Medium,Yes,0.714,2,1.635
1317,Technical,5,AI,39,Yes,2,0,Medium,No,0.051,2,2.395
1318,Billing,5,Human,20,Yes,1,3,Medium,No,0.05,2,2.9000000000000004
1319,Technical,1,AI,46,Yes,1,1,High,No,0.022,3,1.1300000000000001
1320,Billing,4,Human,10,No,5,0,Low,No,0.5,1,1.7500000000000002
1321,Customer Support,5,Human,33,No,5,1,Low,No,0.152,1,2.4650000000000003
1322,HR,1,AI,58,Yes,4,2,Medium,No,0.069,2,1.2899999999999998
1323,Technical,1,AI,23,Yes,5,3,Medium,No,0.217,2,1.3150000000000002
1324,Customer Support,3,AI,21,Yes,3,2,High,No,0.143,3,2.005
1325,HR,3,Human,29,Yes,3,0,Medium,No,0.103,2,1.5450000000000002
1326,Technical,3,Human,6,Yes,5,0,Medium,No,0.833,2,1.4300000000000002
1327,Billing,3,AI,20,Yes,3,2,Low,No,0.15,1,1.8000000000000003
1328,Technical,3,AI,16,Yes,4,2,Low,No,0.25,1,1.7800000000000002
1329,Customer Support,5,AI,24,Yes,5,0,Medium,No,0.208,2,2.3200000000000003
1330,Technical,2,Human,21,Yes,5,0,Low,No,0.238,1,1.0050000000000001
1331,HR,5,AI,53,Yes,4,3,Medium,No,0.075,2,3.0650000000000004
1332,Customer Support,3,AI,25,No,3,1,High,No,0.12,3,1.8250000000000002
1333,Technical,1,Human,31,No,5,2,Medium,No,0.161,2,1.155
1334,Customer Support,4,Human,15,Yes,2,1,High,No,0.133,3,2.175
1335,Billing,3,AI,39,Yes,4,2,High,No,0.103,3,2.0950000000000006
1336,Customer Support,1,AI,36,Yes,4,2,Low,No,0.111,1,1.08
1337,Customer Support,3,AI,58,Yes,4,0,High,No,0.069,3,1.7900000000000003
1338,HR,1,AI,17,Yes,5,2,High,Yes,0.294,3,1.185
1339,Billing,5,AI,37,Yes,4,1,High,No,0.108,3,2.6850000000000005
1340,Technical,1,Human,27,Yes,1,3,Low,No,0.037,1,1.2350000000000003
1341,Customer Support,3,Human,42,Yes,4,2,Low,No,0.095,1,1.9100000000000001
1342,Customer Support,2,Human,25,Yes,2,1,High,No,0.08,3,1.425
1343,HR,1,AI,42,Yes,5,2,Low,No,0.119,1,1.11
1344,Technical,5,Human,17,No,1,0,Medium,No,0.059,2,2.285
1345,Customer Support,4,Human,49,Yes,3,0,Medium,No,0.061,2,2.0450000000000004
1346,HR,2,AI,34,Yes,5,3,High,No,0.147,3,1.87
1347,Billing,3,Human,24,Yes,3,1,High,No,0.125,3,1.8200000000000003
1348,HR,4,AI,42,Yes,3,0,Medium,No,0.071,2,2.0100000000000002
1349,Technical,1,AI,53,Yes,3,2,Medium,No,0.057,2,1.265
1350,Customer Support,5,Human,9,Yes,4,0,Low,No,0.444,1,2.145
1351,Technical,3,Human,8,Yes,4,3,Medium,No,0.5,2,2.0400000000000005
1352,Billing,4,AI,42,Yes,1,2,High,No,0.024,3,2.51
1353,Customer Support,5,Human,60,Yes,5,3,Medium,No,0.083,2,3.1
1354,Technical,1,Human,7,Yes,5,1,Low,Yes,0.714,1,0.735
1355,Billing,3,AI,30,Yes,2,1,Medium,No,0.067,2,1.75
1356,Technical,2,AI,58,Yes,5,3,Low,No,0.086,1,1.7900000000000003
1357,Customer Support,2,AI,38,Yes,5,0,Medium,No,0.132,2,1.19
1358,Billing,4,Human,14,Yes,2,2,High,No,0.143,3,2.37
1359,HR,4,Human,28,Yes,5,0,Low,No,0.179,1,1.84
1360,Customer Support,4,AI,45,Yes,1,3,Low,No,0.022,1,2.5250000000000004
1361,Technical,1,AI,42,Yes,4,1,High,No,0.095,3,1.11
1362,Technical,4,Human,57,Yes,2,0,High,No,0.035,3,2.185
1363,HR,3,Human,35,Yes,5,3,Low,No,0.143,1,2.075
1364,Technical,3,AI,55,Yes,5,0,Medium,No,0.091,2,1.675
1365,Technical,4,Human,19,Yes,5,2,Medium,No,0.263,2,2.2950000000000004
1366,Technical,3,Human,13,Yes,2,2,Medium,No,0.154,2,1.865
1367,Customer Support,5,Human,59,Yes,5,1,Medium,No,0.085,2,2.6950000000000003
1368,Customer Support,2,AI,21,Yes,3,2,High,No,0.143,3,1.6050000000000002
1369,Customer Support,4,Human,20,Yes,5,3,Low,No,0.25,1,2.4000000000000004
1370,Customer Support,3,Human,57,Yes,3,0,Medium,No,0.053,2,1.685
1371,Customer Support,2,Human,55,No,2,0,Low,No,0.036,1,1.175
1372,Billing,2,AI,45,Yes,4,0,High,No,0.089,3,1.325
1373,HR,1,AI,60,Yes,2,2,High,No,0.033,3,1.4000000000000001
1374,Technical,4,AI,39,No,5,2,Medium,No,0.128,2,2.3950000000000005
1375,Billing,2,AI,19,Yes,4,0,High,Yes,0.211,3,1.195
1376,Billing,3,AI,17,Yes,5,2,High,No,0.294,3,1.985
1377,Technical,5,AI,57,Yes,1,0,Low,No,0.018,1,2.3850000000000002
1378,HR,2,Human,30,Yes,2,1,High,No,0.067,3,1.4500000000000002
1379,Technical,4,AI,11,Yes,4,0,High,No,0.364,3,1.955
1380,Billing,3,AI,42,Yes,5,0,Low,No,0.119,1,1.5100000000000002
1381,Customer Support,1,Human,20,Yes,2,1,Medium,Yes,0.1,2,0.8999999999999999
1382,Billing,2,Human,26,No,4,1,High,No,0.154,3,1.4300000000000002
1383,HR,2,Human,38,Yes,2,0,Low,No,0.053,1,1.09
1384,Technical,1,Human,14,No,1,0,Low,Yes,0.071,1,0.5700000000000001
1385,Technical,5,Human,52,Yes,1,1,Medium,No,0.019,2,2.66
1386,Billing,4,AI,28,Yes,2,1,Medium,No,0.071,2,2.14
1387,HR,4,Human,25,Yes,4,3,Medium,No,0.16,2,2.5250000000000004
1388,HR,1,Human,26,No,5,0,Medium,No,0.192,2,0.73
1389,Technical,5,AI,52,No,4,0,High,No,0.077,3,2.5599999999999996
1390,Billing,3,AI,17,Yes,3,1,Medium,No,0.176,2,1.685
1391,Billing,4,AI,31,Yes,3,2,High,No,0.097,3,2.455
1392,Billing,3,Human,34,Yes,2,2,Medium,No,0.059,2,1.97
1393,HR,5,Human,55,No,2,1,Low,No,0.036,1,2.575
1394,HR,1,Human,56,Yes,3,2,Low,No,0.054,1,1.1800000000000002
1395,Billing,1,Human,52,No,5,2,Medium,No,0.096,2,1.26
1396,Billing,2,Human,26,Yes,5,1,Medium,No,0.192,2,1.33
1397,Technical,5,Human,34,Yes,3,0,Low,No,0.088,1,2.27
1398,Customer Support,4,Human,36,Yes,4,1,Medium,No,0.111,2,2.18
1399,HR,3,Human,20,No,4,2,High,No,0.2,3,2.0
1400,Billing,2,Human,26,Yes,4,2,Low,No,0.154,1,1.4300000000000002
1401,Customer Support,3,AI,19,Yes,3,2,Low,No,0.158,1,1.7950000000000004
1402,Customer Support,5,AI,10,Yes,2,0,Low,No,0.2,1,2.15
1403,Billing,5,Human,53,Yes,1,0,Low,No,0.019,1,2.365
1404,HR,1,Human,16,Yes,3,2,Medium,Yes,0.188,2,1.08
1405,HR,5,AI,55,No,3,3,Low,No,0.055,1,2.975
1406,Technical,1,AI,47,Yes,5,2,Low,No,0.106,1,1.1350000000000002
1407,Technical,1,AI,55,Yes,4,2,Low,No,0.073,1,1.1750000000000003
1408,HR,5,Human,12,Yes,1,0,Medium,No,0.083,2,2.2600000000000002
1409,Technical,3,Human,51,Yes,4,3,Medium,No,0.078,2,2.2550000000000003
1410,Billing,2,AI,15,Yes,4,0,Medium,Yes,0.267,2,1.075
1411,Customer Support,2,AI,10,Yes,5,1,High,Yes,0.5,3,1.35
1412,Technical,2,AI,58,Yes,4,3,High,No,0.069,3,1.9900000000000002
1413,Billing,3,Human,53,Yes,5,0,Medium,No,0.094,2,1.665
1414,HR,5,Human,29,Yes,1,3,Low,No,0.034,1,2.845
1415,Technical,5,Human,55,Yes,5,1,Medium,No,0.091,2,2.6750000000000003
1416,Billing,1,AI,26,Yes,5,2,Medium,No,0.192,2,1.1300000000000001
1417,Technical,4,AI,19,Yes,4,0,Low,No,0.211,1,1.7950000000000002
1418,Customer Support,1,AI,13,Yes,1,1,Medium,Yes,0.077,2,0.865
1419,Billing,5,AI,7,Yes,4,3,Medium,No,0.571,2,2.8350000000000004
1420,Technical,5,AI,38,Yes,2,1,Low,No,0.053,1,2.49
1421,Technical,3,Human,12,Yes,4,2,Low,No,0.333,1,1.7600000000000002
1422,Technical,4,AI,43,Yes,5,2,High,No,0.116,3,2.5150000000000006
1423,Billing,3,Human,53,Yes,2,1,Low,No,0.038,1,1.7650000000000001
1424,Customer Support,5,Human,39,Yes,4,3,Medium,No,0.103,2,2.995
1425,Billing,1,AI,26,Yes,2,1,Medium,No,0.077,2,0.9299999999999999
1426,Billing,5,AI,11,Yes,3,3,High,No,0.273,3,2.955
1427,HR,1,Human,48,Yes,2,0,High,No,0.042,3,0.9400000000000001
1428,Customer Support,2,Human,45,Yes,4,2,Medium,No,0.089,2,1.6249999999999998
1429,Customer Support,3,AI,46,Yes,1,2,High,No,0.022,3,2.13
1430,Customer Support,2,Human,49,Yes,3,1,High,No,0.061,3,1.545
1431,Customer Support,3,AI,17,Yes,5,2,Low,No,0.294,1,1.7850000000000001
1432,Customer Support,1,Human,20,Yes,5,1,High,Yes,0.25,3,1.0
1433,HR,3,Human,37,Yes,2,3,Low,No,0.054,1,2.0850000000000004
1434,Customer Support,4,Human,53,Yes,1,1,Medium,No,0.019,2,2.265
1435,HR,4,Human,60,Yes,2,1,Medium,No,0.033,2,2.3000000000000003
1436,HR,4,AI,60,Yes,5,0,Low,No,0.083,1,2.0
1437,HR,3,AI,10,Yes,1,0,High,No,0.1,3,1.5500000000000003
1438,Billing,5,AI,7,Yes,1,0,Medium,No,0.143,2,2.2350000000000003
1439,Customer Support,4,AI,12,Yes,2,1,High,No,0.167,3,2.16
1440,Billing,3,Human,5,Yes,3,3,Low,No,0.6,1,1.9250000000000003
1441,Billing,4,AI,28,No,3,3,Low,No,0.107,1,2.44
1442,HR,4,AI,37,Yes,4,3,Medium,No,0.108,2,2.5850000000000004
1443,Technical,4,Human,57,Yes,2,2,Medium,No,0.035,2,2.4850000000000003
1444,Technical,4,AI,41,Yes,1,1,High,No,0.024,3,2.3050000000000006
1445,Technical,3,AI,25,Yes,4,1,High,No,0.16,3,1.8250000000000002
1446,Billing,4,AI,11,Yes,5,2,Low,No,0.455,1,2.1550000000000002
1447,Technical,2,AI,43,Yes,5,0,Medium,No,0.116,2,1.215
1448,Billing,5,AI,33,Yes,2,1,Low,No,0.061,1,2.4650000000000003
1449,Technical,4,AI,59,Yes,3,3,Medium,No,0.051,2,2.6950000000000003
1450,Customer Support,1,AI,28,Yes,2,2,Low,No,0.071,1,1.04
1451,Technical,4,Human,9,Yes,1,3,Low,No,0.111,1,2.345
1452,HR,1,Human,57,Yes,3,2,Medium,No,0.053,2,1.285
1453,HR,4,AI,47,Yes,2,2,High,No,0.043,3,2.535
1454,Customer Support,5,AI,56,Yes,1,3,Medium,No,0.018,2,3.08
1455,Customer Support,3,Human,36,Yes,5,2,Low,No,0.139,1,1.8800000000000003
1456,HR,1,AI,59,Yes,5,2,Medium,No,0.085,2,1.2950000000000002
1457,HR,3,Human,55,Yes,3,0,Medium,No,0.055,2,1.675
1458,Billing,3,AI,22,No,1,2,Low,No,0.045,1,1.81
1459,HR,4,Human,25,Yes,1,0,Low,No,0.04,1,1.8250000000000002
1460,Billing,2,Human,16,No,3,1,Low,Yes,0.188,1,1.1800000000000002
1461,Technical,4,Human,53,Yes,2,3,High,No,0.038,3,2.7649999999999997
1462,Technical,5,Human,41,No,5,1,Low,No,0.122,1,2.5050000000000003
1463,Customer Support,5,Human,20,Yes,1,1,High,No,0.05,3,2.6000000000000005
1464,Technical,2,Human,46,Yes,4,2,Low,No,0.087,1,1.5300000000000002
1465,Billing,4,AI,57,Yes,5,1,High,No,0.088,3,2.385
1466,Technical,2,AI,46,Yes,3,0,Medium,No,0.065,2,1.23
1467,Customer Support,2,Human,39,Yes,2,2,Low,No,0.051,1,1.495
1468,Customer Support,4,Human,58,Yes,2,3,Low,No,0.034,1,2.5900000000000003
1469,Technical,5,AI,48,Yes,5,0,Low,No,0.104,1,2.3400000000000003
1470,Billing,5,AI,8,No,2,2,Medium,No,0.25,2,2.64
1471,Billing,1,Human,49,Yes,4,2,High,No,0.082,3,1.345
1472,Customer Support,1,Human,41,Yes,4,3,Medium,No,0.098,2,1.405
1473,Billing,1,Human,36,Yes,2,1,Low,No,0.056,1,0.88
1474,Customer Support,2,Human,39,Yes,2,2,Medium,No,0.051,2,1.595
1475,HR,2,Human,29,Yes,5,3,Low,No,0.172,1,1.6450000000000002
1476,Technical,2,AI,54,Yes,3,2,Low,No,0.056,1,1.5700000000000003
1477,HR,2,AI,21,Yes,4,1,Medium,No,0.19,2,1.305
1478,Billing,4,Human,20,Yes,2,3,Medium,No,0.1,2,2.5000000000000004
1479,Billing,4,Human,8,Yes,3,3,Medium,No,0.375,2,2.4400000000000004
1480,Customer Support,1,Human,20,Yes,1,1,Medium,Yes,0.05,2,0.8999999999999999
1481,Customer Support,5,Human,46,Yes,5,0,High,No,0.109,3,2.5300000000000002
1482,Billing,2,AI,41,Yes,2,2,High,No,0.049,3,1.7050000000000003
1483,Customer Support,3,Human,19,No,2,1,Medium,No,0.105,2,1.695
1484,Technical,5,Human,38,Yes,2,3,High,No,0.053,3,3.09
1485,Customer Support,3,Human,18,Yes,5,0,Medium,No,0.278,2,1.4900000000000002
1486,HR,3,Human,24,Yes,5,3,Low,No,0.208,1,2.0200000000000005
1487,Billing,3,AI,45,No,4,3,Low,No,0.089,1,2.1250000000000004
1488,Technical,5,AI,57,Yes,5,0,Medium,No,0.088,2,2.4850000000000003
1489,Customer Support,1,AI,6,Yes,3,1,Low,Yes,0.5,1,0.7300000000000001
1490,HR,3,Human,60,Yes,2,0,Medium,No,0.033,2,1.7000000000000002
1491,Billing,2,AI,51,Yes,2,2,Medium,No,0.039,2,1.655
1492,HR,3,Human,49,Yes,2,2,Medium,No,0.041,2,2.0450000000000004
1493,Technical,4,Human,48,Yes,1,3,Medium,No,0.021,2,2.6400000000000006
1494,Customer Support,3,Human,16,No,5,2,High,No,0.312,3,1.9800000000000002
1495,Customer Support,3,AI,18,Yes,1,0,Low,No,0.056,1,1.3900000000000003
1496,Billing,5,AI,50,Yes,5,0,High,No,0.1,3,2.55
1497,Billing,1,Human,21,Yes,3,1,Medium,No,0.143,2,0.905
1498,HR,1,Human,50,Yes,2,3,High,No,0.04,3,1.55
1499,HR,2,AI,28,No,5,0,High,No,0.179,3,1.2400000000000002
1500,Technical,4,Human,17,Yes,3,1,Low,No,0.176,1,1.985
1501,HR,5,Human,15,Yes,1,1,High,No,0.067,3,2.575
1502,Technical,4,Human,40,Yes,4,2,Low,No,0.1,1,2.3000000000000003
1503,Billing,4,AI,47,Yes,2,1,High,No,0.043,3,2.335
1504,Customer Support,5,AI,52,Yes,4,2,Medium,No,0.077,2,2.86
1505,Technical,3,AI,54,Yes,5,2,Low,No,0.093,1,1.9700000000000002
1506,Technical,3,Human,25,Yes,3,3,Medium,No,0.12,2,2.1250000000000004
1507,Customer Support,3,AI,26,Yes,2,2,High,No,0.077,3,2.0300000000000002
1508,Billing,3,Human,20,Yes,2,0,Medium,No,0.1,2,1.5000000000000002
1509,HR,4,AI,42,Yes,2,2,Medium,No,0.048,2,2.41
1510,Technical,2,AI,21,Yes,4,1,Medium,No,0.19,2,1.305
1511,HR,5,Human,5,Yes,2,0,High,No,0.4,3,2.325
1512,Billing,2,Human,8,Yes,1,3,Medium,Yes,0.125,2,1.6400000000000001
1513,Technical,2,Human,41,No,1,3,Medium,No,0.024,2,1.8050000000000002
1514,Billing,1,Human,48,Yes,5,1,Low,No,0.104,1,0.9400000000000001
1515,Customer Support,5,Human,27,Yes,5,2,High,No,0.185,3,2.835
1516,Billing,5,Human,11,No,4,2,Low,No,0.364,1,2.555
1517,Billing,3,Human,60,Yes,1,3,Medium,No,0.017,2,2.3000000000000007
1518,Billing,4,AI,47,No,3,2,Medium,No,0.064,2,2.435
1519,HR,5,AI,22,Yes,4,0,High,No,0.182,3,2.41
1520,Technical,2,AI,32,Yes,3,3,High,No,0.094,3,1.86
1521,Technical,4,Human,11,Yes,4,3,High,No,0.364,3,2.5549999999999997
1522,Customer Support,5,Human,25,Yes,4,1,Medium,No,0.16,2,2.5250000000000004
1523,Billing,1,AI,21,Yes,2,1,Low,No,0.095,1,0.805
1524,HR,3,Human,26,Yes,4,2,Medium,No,0.154,2,1.93
1525,Technical,2,Human,15,Yes,3,0,Medium,Yes,0.2,2,1.075
1526,HR,2,Human,39,Yes,5,0,Medium,No,0.128,2,1.195
1527,Customer Support,5,Human,32,Yes,3,1,High,No,0.094,3,2.66
1528,Billing,5,Human,37,Yes,2,2,High,No,0.054,3,2.885
1529,Technical,5,AI,14,Yes,3,2,High,No,0.214,3,2.7699999999999996
1530,Billing,3,Human,32,Yes,4,3,Medium,No,0.125,2,2.16
1531,HR,4,AI,30,Yes,1,0,High,No,0.033,3,2.05
1532,Technical,2,Human,55,Yes,5,0,Low,No,0.091,1,1.175
1533,Technical,3,Human,40,Yes,1,3,Medium,No,0.025,2,2.2
1534,Customer Support,1,AI,54,Yes,5,3,High,No,0.093,3,1.57
1535,Technical,2,Human,35,Yes,1,2,Medium,No,0.029,2,1.575
1536,HR,5,AI,7,Yes,2,0,High,No,0.286,3,2.335
1537,Billing,4,AI,46,Yes,5,1,Low,No,0.109,1,2.1300000000000003
1538,HR,5,AI,48,Yes,3,3,High,No,0.062,3,3.1400000000000006
1539,Billing,3,Human,20,Yes,3,2,Low,No,0.15,1,1.8000000000000003
1540,Customer Support,3,Human,48,Yes,4,1,Low,No,0.083,1,1.7400000000000002
1541,Technical,2,Human,24,Yes,2,1,High,No,0.083,3,1.4200000000000002
1542,Technical,5,Human,17,Yes,4,2,Medium,No,0.235,2,2.685
1543,Technical,2,Human,6,Yes,4,0,High,Yes,0.667,3,1.1300000000000001
1544,Technical,2,Human,29,Yes,2,1,High,No,0.069,3,1.445
1545,Billing,3,Human,28,Yes,2,0,Low,No,0.071,1,1.4400000000000002
1546,Billing,5,AI,8,No,5,1,High,No,0.625,3,2.54
1547,Technical,4,Human,31,Yes,2,1,High,No,0.065,3,2.255
1548,Customer Support,4,AI,20,Yes,3,1,High,No,0.15,3,2.2
1549,HR,5,Human,57,Yes,5,0,Medium,No,0.088,2,2.4850000000000003
1550,HR,5,AI,34,Yes,5,3,Medium,No,0.147,2,2.97
1551,Billing,1,AI,32,Yes,1,3,Low,No,0.031,1,1.2600000000000002
1552,Customer Support,2,Human,12,Yes,4,2,Medium,Yes,0.333,2,1.4600000000000002
1553,Billing,5,AI,6,Yes,4,3,Medium,No,0.667,2,2.83
1554,HR,3,AI,5,Yes,4,3,Medium,No,0.8,2,2.0250000000000004
1555,HR,5,AI,5,Yes,5,2,Low,No,1.0,1,2.525
1556,Billing,5,Human,41,Yes,2,2,Low,No,0.049,1,2.705
1557,Customer Support,2,AI,54,Yes,3,0,High,No,0.056,3,1.37
1558,Billing,1,AI,34,Yes,1,0,Medium,No,0.029,2,0.77
1559,Technical,1,Human,38,Yes,4,3,Low,No,0.105,1,1.29
1560,Customer Support,4,AI,50,No,3,0,Low,No,0.06,1,1.9500000000000002
1561,Technical,1,Human,16,No,1,0,Medium,Yes,0.062,2,0.68
1562,HR,2,AI,45,Yes,2,3,High,No,0.044,3,1.925
1563,HR,3,Human,20,Yes,2,1,High,No,0.1,3,1.8000000000000003
1564,Customer Support,4,Human,35,Yes,4,0,High,No,0.114,3,2.075
1565,Customer Support,3,AI,57,Yes,1,3,High,No,0.018,3,2.385
1566,HR,1,AI,50,Yes,1,3,High,No,0.02,3,1.55
1567,Technical,5,Human,43,Yes,5,1,High,No,0.116,3,2.715
1568,Billing,2,Human,36,Yes,5,1,Medium,No,0.139,2,1.38
1569,Technical,1,Human,40,Yes,2,3,Medium,No,0.05,2,1.4000000000000001
1570,Technical,3,Human,11,No,3,2,High,No,0.273,3,1.9550000000000003
1571,Billing,5,AI,27,Yes,1,1,Low,No,0.037,1,2.435
1572,HR,4,Human,30,No,4,1,Medium,No,0.133,2,2.15
1573,Customer Support,2,Human,25,Yes,2,0,Low,No,0.08,1,1.0250000000000001
1574,Customer Support,4,Human,25,Yes,4,1,Low,No,0.16,1,2.025
1575,Technical,3,Human,21,Yes,2,0,High,No,0.095,3,1.6050000000000002
1576,Customer Support,1,Human,40,Yes,4,0,High,No,0.1,3,0.9
1577,Billing,5,AI,19,Yes,2,0,Medium,No,0.105,2,2.2950000000000004
1578,Customer Support,3,AI,52,Yes,1,3,Medium,No,0.019,2,2.2600000000000007
1579,HR,1,Human,28,Yes,2,3,Medium,No,0.071,2,1.34
1580,Technical,5,Human,22,Yes,1,1,Low,No,0.045,1,2.41
1581,Billing,3,Human,11,Yes,5,0,Medium,No,0.455,2,1.455
1582,Customer Support,5,AI,16,No,3,0,Medium,No,0.188,2,2.2800000000000002
1583,Billing,3,Human,60,No,2,1,Medium,No,0.033,2,1.9000000000000001
1584,Customer Support,3,Human,32,Yes,3,1,Low,No,0.094,1,1.6600000000000001
1585,Technical,3,AI,47,Yes,2,2,Low,No,0.043,1,1.935
1586,Billing,4,AI,58,Yes,2,1,Medium,No,0.034,2,2.2900000000000005
1587,HR,5,AI,9,Yes,3,1,High,No,0.333,3,2.545
1588,Billing,3,AI,6,Yes,2,0,Medium,No,0.333,2,1.4300000000000002
1589,HR,3,AI,38,Yes,3,3,Low,No,0.079,1,2.0900000000000003
1590,Technical,1,Human,54,Yes,3,1,Medium,No,0.056,2,1.07
1591,HR,3,AI,19,Yes,4,3,Medium,No,0.211,2,2.095
1592,Customer Support,3,Human,23,No,3,2,Medium,No,0.13,2,1.9150000000000003
1593,Customer Support,2,Human,51,Yes,4,1,High,No,0.078,3,1.5550000000000002
1594,HR,1,AI,18,Yes,3,0,Medium,Yes,0.167,2,0.69
1595,Technical,5,AI,47,Yes,2,0,Medium,No,0.043,2,2.435
1596,Billing,3,Human,35,Yes,5,1,Low,No,0.143,1,1.6750000000000003
1597,Customer Support,2,Human,7,Yes,5,0,Low,Yes,0.714,1,0.935
1598,Billing,3,AI,46,Yes,4,1,High,No,0.087,3,1.9300000000000002
1599,Customer Support,5,AI,39,Yes,1,3,Low,No,0.026,1,2.895
1600,Technical,4,AI,36,Yes,5,0,High,No,0.139,3,2.08
1601,Customer Support,2,Human,28,Yes,4,2,High,No,0.143,3,1.6400000000000001
1602,Technical,1,Human,48,Yes,2,0,Low,No,0.042,1,0.74
1603,Technical,2,AI,6,Yes,3,2,Low,Yes,0.5,1,1.33
1604,Customer Support,1,AI,7,Yes,3,1,Low,Yes,0.429,1,0.735
1605,Technical,2,AI,60,Yes,4,2,Medium,No,0.067,2,1.7
1606,Technical,5,AI,8,Yes,2,3,Low,No,0.25,1,2.74
1607,Billing,3,AI,34,Yes,1,3,Medium,No,0.029,2,2.1700000000000004
1608,Customer Support,2,AI,22,Yes,4,0,Medium,No,0.182,2,1.11
1609,Technical,1,AI,39,Yes,2,0,Low,No,0.051,1,0.695
1610,Technical,5,AI,6,Yes,1,0,High,No,0.167,3,2.33
1611,HR,4,Human,32,Yes,2,2,High,No,0.062,3,2.46
1612,Customer Support,5,Human,26,Yes,1,3,High,No,0.038,3,3.0300000000000002
1613,Customer Support,5,Human,52,Yes,2,3,Low,No,0.038,1,2.96
1614,Billing,2,AI,24,Yes,1,2,Medium,No,0.042,2,1.52
1615,HR,1,AI,10,Yes,2,2,Medium,Yes,0.2,2,1.05
1616,Technical,2,Human,34,Yes,1,1,Medium,No,0.029,2,1.3699999999999999
1617,Technical,1,AI,23,Yes,3,3,Medium,No,0.13,2,1.3150000000000002
1618,Customer Support,5,Human,35,Yes,3,1,Low,No,0.086,1,2.475
1619,Customer Support,5,AI,12,Yes,2,1,Low,No,0.167,1,2.3600000000000003
1620,Technical,5,Human,6,Yes,4,1,High,No,0.667,3,2.5300000000000002
1621,Billing,5,AI,28,Yes,4,3,High,No,0.143,3,3.04
1622,Customer Support,5,Human,49,Yes,1,2,Medium,No,0.02,2,2.845
1623,Billing,4,AI,49,Yes,4,1,Low,No,0.082,1,2.1450000000000005
1624,Customer Support,5,Human,32,Yes,4,2,Medium,No,0.125,2,2.7600000000000002
1625,Billing,3,AI,57,Yes,1,2,Medium,No,0.018,2,2.0850000000000004
1626,HR,4,AI,6,Yes,4,0,Low,No,0.667,1,1.7300000000000002
1627,Customer Support,2,AI,35,Yes,1,2,Low,No,0.029,1,1.475
1628,Customer Support,2,Human,5,No,1,3,High,Yes,0.2,3,1.7250000000000003
1629,Technical,4,Human,36,Yes,2,3,Low,No,0.056,1,2.48
1630,Technical,4,Human,9,No,1,3,Low,No,0.111,1,2.345
1631,Customer Support,3,AI,21,Yes,1,3,Medium,No,0.048,2,2.1050000000000004
1632,HR,4,Human,44,Yes,5,3,Low,No,0.114,1,2.52
1633,Customer Support,1,AI,22,Yes,2,2,Medium,No,0.091,2,1.11
1634,HR,1,AI,56,Yes,1,3,Low,No,0.018,1,1.3800000000000001
1635,Technical,1,AI,42,Yes,5,0,Low,No,0.119,1,0.71
1636,Technical,4,Human,59,Yes,3,2,Low,No,0.051,1,2.395
1637,Billing,4,AI,53,Yes,1,0,Low,No,0.019,1,1.965
1638,Billing,1,AI,38,Yes,4,0,Low,No,0.105,1,0.69
1639,Billing,1,AI,49,Yes,2,1,Low,No,0.041,1,0.945
1640,Technical,2,AI,52,Yes,3,2,Low,No,0.058,1,1.56
1641,Technical,2,AI,56,No,2,3,High,No,0.036,3,1.9800000000000002
1642,HR,1,AI,55,Yes,5,2,High,No,0.091,3,1.3750000000000002
1643,HR,1,Human,28,Yes,2,1,High,No,0.071,3,1.04
1644,Customer Support,3,Human,13,Yes,2,3,High,No,0.154,3,2.165
1645,Customer Support,3,AI,24,Yes,2,0,High,No,0.083,3,1.6200000000000003
1646,Technical,1,AI,22,Yes,1,1,Low,No,0.045,1,0.8099999999999999
1647,Customer Support,4,Human,17,Yes,4,0,Low,No,0.235,1,1.7850000000000001
1648,Technical,5,Human,16,No,3,0,High,No,0.188,3,2.38
1649,Technical,2,Human,29,Yes,5,3,High,No,0.172,3,1.8450000000000002
1650,Technical,5,Human,59,Yes,4,2,Medium,No,0.068,2,2.895
1651,Billing,2,AI,11,Yes,2,0,Low,Yes,0.182,1,0.955
1652,Billing,3,AI,18,Yes,3,1,High,No,0.167,3,1.7900000000000003
1653,HR,1,Human,42,Yes,3,3,Low,No,0.071,1,1.31
1654,HR,3,AI,60,Yes,3,0,Medium,No,0.05,2,1.7000000000000002
1655,HR,3,AI,40,Yes,4,0,Low,No,0.1,1,1.5000000000000002
1656,Customer Support,5,Human,33,Yes,2,0,High,No,0.061,3,2.465
1657,Customer Support,4,Human,13,Yes,1,1,High,No,0.077,3,2.165
1658,Technical,3,AI,47,Yes,4,1,Low,No,0.085,1,1.735
1659,Billing,3,AI,9,No,3,0,Low,No,0.333,1,1.3450000000000002
1660,Customer Support,5,AI,46,Yes,1,1,Low,No,0.022,1,2.5300000000000002
1661,Technical,1,Human,15,Yes,3,0,Low,Yes,0.2,1,0.5750000000000001
1662,Technical,1,AI,38,Yes,2,2,High,No,0.053,3,1.29
1663,Customer Support,4,Human,50,Yes,1,2,Low,No,0.02,1,2.35
1664,HR,5,AI,25,Yes,5,0,Medium,No,0.2,2,2.325
1665,Billing,2,Human,12,Yes,2,1,Medium,Yes,0.167,2,1.26
1666,Technical,2,AI,29,No,5,1,High,No,0.172,3,1.445
1667,Technical,4,Human,12,Yes,5,1,Medium,No,0.417,2,2.06
1668,Billing,2,AI,23,Yes,1,3,Low,No,0.043,1,1.6150000000000002
1669,Customer Support,5,AI,18,Yes,5,2,Medium,No,0.278,2,2.69
1670,Customer Support,3,AI,53,Yes,2,0,High,No,0.038,3,1.7650000000000001
1671,Billing,3,Human,53,Yes,2,1,Low,No,0.038,1,1.7650000000000001
1672,Technical,4,Human,14,Yes,2,3,Low,No,0.143,1,2.3700000000000006
1673,Customer Support,2,AI,29,No,2,1,Low,No,0.069,1,1.245
1674,Customer Support,5,AI,32,Yes,5,3,Low,No,0.156,1,2.8600000000000003
1675,Billing,1,AI,12,Yes,2,3,Medium,Yes,0.167,2,1.26
1676,Customer Support,2,Human,44,Yes,1,1,Medium,No,0.023,2,1.42
1677,Technical,1,Human,39,Yes,1,1,Low,No,0.026,1,0.8949999999999999
1678,Customer Support,1,AI,23,Yes,4,3,Low,No,0.174,1,1.2150000000000003
1679,Customer Support,5,AI,11,No,2,2,Medium,No,0.182,2,2.6550000000000002
1680,Customer Support,4,AI,17,Yes,2,3,Medium,No,0.118,2,2.4850000000000003
1681,Customer Support,1,AI,58,Yes,5,3,High,No,0.086,3,1.59
1682,Billing,5,AI,42,Yes,1,3,High,No,0.024,3,3.1100000000000003
1683,Technical,1,Human,8,Yes,2,1,Low,Yes,0.25,1,0.74
1684,Technical,2,Human,6,Yes,1,0,Low,Yes,0.167,1,0.93
1685,Billing,1,AI,12,Yes,2,3,Low,Yes,0.167,1,1.1600000000000001
1686,Technical,5,AI,26,Yes,5,2,High,No,0.192,3,2.83
1687,Customer Support,1,Human,59,Yes,4,3,High,No,0.068,3,1.5950000000000002
1688,Customer Support,2,Human,15,Yes,5,3,Medium,Yes,0.333,2,1.675
1689,Customer Support,5,AI,50,No,4,2,Medium,No,0.08,2,2.85
1690,HR,2,Human,58,Yes,3,2,High,No,0.052,3,1.7900000000000003
1691,Customer Support,1,Human,51,No,2,1,Low,No,0.039,1,0.955
1692,HR,1,Human,20,Yes,5,1,High,Yes,0.25,3,1.0
1693,Technical,1,Human,37,Yes,3,3,Medium,No,0.081,2,1.385
1694,Customer Support,5,Human,6,Yes,5,0,Low,No,0.833,1,2.13
1695,Customer Support,1,Human,46,No,3,3,Low,No,0.065,1,1.33
1696,Technical,4,Human,57,Yes,3,0,Medium,No,0.053,2,2.085
1697,Technical,5,AI,40,Yes,1,1,Low,No,0.025,1,2.5000000000000004
1698,Technical,2,AI,36,Yes,5,0,Low,No,0.139,1,1.08
1699,Billing,5,Human,14,Yes,5,2,High,No,0.357,3,2.7699999999999996
1700,Technical,2,AI,22,Yes,5,3,Medium,No,0.227,2,1.7100000000000002
1701,Customer Support,3,Human,54,Yes,1,0,Medium,No,0.019,2,1.6700000000000002
1702,Technical,5,Human,33,Yes,1,3,Low,No,0.03,1,2.865
1703,Billing,5,Human,49,Yes,1,1,High,No,0.02,3,2.745
1704,Technical,3,AI,21,Yes,1,3,Low,No,0.048,1,2.0050000000000003
1705,HR,3,Human,17,No,2,1,Low,No,0.118,1,1.5850000000000002
1706,Technical,2,Human,32,Yes,3,1,High,No,0.094,3,1.4600000000000002
1707,Customer Support,4,AI,38,Yes,1,0,Low,No,0.026,1,1.8900000000000001
1708,Billing,1,AI,20,Yes,4,1,Medium,Yes,0.2,2,0.8999999999999999
1709,Customer Support,5,AI,43,Yes,5,0,Medium,No,0.116,2,2.415
1710,HR,1,AI,44,Yes,5,0,Medium,No,0.114,2,0.8200000000000001
1711,HR,2,AI,28,Yes,5,1,Medium,No,0.179,2,1.34
1712,HR,5,Human,51,Yes,5,3,Low,No,0.098,1,2.955
1713,Technical,1,Human,45,Yes,5,1,High,No,0.111,3,1.125
1714,HR,2,Human,58,Yes,4,0,Low,No,0.069,1,1.1900000000000002
1715,Billing,2,Human,19,Yes,3,0,Low,Yes,0.158,1,0.995
1716,HR,5,AI,33,Yes,3,1,Medium,No,0.091,2,2.5650000000000004
1717,Billing,3,Human,33,Yes,2,1,High,No,0.061,3,1.8650000000000002
1718,Customer Support,2,Human,45,Yes,2,0,Low,No,0.044,1,1.125
1719,HR,3,Human,11,Yes,1,3,Medium,No,0.091,2,2.055
1720,Customer Support,3,Human,19,Yes,4,3,Medium,No,0.211,2,2.095
1721,Billing,4,Human,27,Yes,2,3,High,No,0.074,3,2.635
1722,Technical,5,AI,31,Yes,5,0,High,No,0.161,3,2.455
1723,Technical,3,AI,12,Yes,1,1,High,No,0.083,3,1.7600000000000002
1724,Billing,1,Human,39,Yes,4,2,High,No,0.103,3,1.295
1725,Customer Support,5,AI,32,Yes,3,0,High,No,0.094,3,2.46
1726,Billing,3,Human,7,Yes,1,2,Low,No,0.143,1,1.7350000000000003
1727,HR,1,Human,34,Yes,1,2,Low,No,0.029,1,1.07
1728,HR,3,AI,31,Yes,2,3,High,No,0.065,3,2.2550000000000003
1729,Customer Support,2,Human,58,Yes,4,1,Medium,No,0.069,2,1.49
1730,HR,5,AI,49,No,2,2,Medium,No,0.041,2,2.845
1731,Technical,3,AI,28,Yes,1,0,Low,No,0.036,1,1.4400000000000002
1732,Customer Support,4,AI,44,Yes,5,2,Medium,No,0.114,2,2.4200000000000004
1733,Customer Support,5,Human,15,Yes,2,1,High,No,0.133,3,2.575
1734,Technical,4,AI,52,No,5,2,Medium,No,0.096,2,2.4600000000000004
1735,Billing,2,AI,28,Yes,5,3,High,No,0.179,3,1.84
1736,Technical,1,Human,22,Yes,5,1,Low,No,0.227,1,0.8099999999999999
1737,Technical,4,AI,17,Yes,4,1,Low,No,0.235,1,1.985
1738,HR,1,AI,56,Yes,1,0,Low,No,0.018,1,0.7799999999999999
1739,Billing,3,Human,10,Yes,2,2,High,No,0.2,3,1.9500000000000004
1740,Technical,2,Human,45,Yes,1,0,Medium,No,0.022,2,1.2249999999999999
1741,HR,3,Human,36,Yes,3,1,High,No,0.083,3,1.8800000000000001
1742,Customer Support,2,AI,34,Yes,2,1,Low,No,0.059,1,1.27
1743,Billing,1,Human,15,No,1,0,Low,Yes,0.067,1,0.5750000000000001
1744,Billing,2,AI,26,Yes,5,0,Low,No,0.192,1,1.03
1745,Billing,3,AI,8,Yes,1,3,Low,No,0.125,1,1.9400000000000004
1746,Customer Support,1,Human,33,Yes,2,1,Medium,No,0.061,2,0.9650000000000001
1747,HR,5,Human,45,Yes,1,0,High,No,0.022,3,2.5250000000000004
1748,HR,2,AI,23,Yes,3,0,High,No,0.13,3,1.215
1749,Billing,5,AI,37,Yes,2,3,Medium,No,0.054,2,2.9850000000000003
1750,Technical,5,Human,22,Yes,2,3,High,No,0.091,3,3.01
1751,Billing,2,Human,56,Yes,5,2,Medium,No,0.089,2,1.68
1752,Technical,4,Human,44,Yes,4,2,Medium,No,0.091,2,2.4200000000000004
1753,Technical,3,AI,17,No,3,3,High,No,0.176,3,2.1850000000000005
1754,Technical,5,AI,53,Yes,5,3,High,No,0.094,3,3.165
1755,HR,2,AI,52,Yes,2,0,Medium,No,0.038,2,1.26
1756,Billing,5,Human,49,Yes,3,1,Low,No,0.061,1,2.5450000000000004
1757,Technical,5,AI,25,Yes,3,2,Low,No,0.12,1,2.625
1758,Technical,5,Human,16,Yes,2,3,Medium,No,0.125,2,2.8800000000000003
1759,Billing,5,Human,54,Yes,4,3,Medium,No,0.074,2,3.0700000000000003
1760,Customer Support,4,Human,19,Yes,4,0,Medium,No,0.211,2,1.895
1761,Customer Support,4,Human,45,Yes,3,1,Medium,No,0.067,2,2.2250000000000005
1762,Customer Support,1,AI,42,Yes,2,2,High,No,0.048,3,1.31
1763,HR,5,AI,60,Yes,4,2,Low,No,0.067,1,2.8
1764,HR,5,Human,37,Yes,4,3,Low,No,0.108,1,2.8850000000000002
1765,Customer Support,2,AI,54,Yes,1,3,Low,No,0.019,1,1.7700000000000002
1766,Customer Support,3,AI,38,Yes,3,0,High,No,0.079,3,1.6900000000000002
1767,Billing,4,AI,26,Yes,1,0,Medium,No,0.038,2,1.93
1768,HR,1,AI,45,No,2,0,Medium,No,0.044,2,0.825
1769,HR,1,Human,54,Yes,1,0,Medium,No,0.019,2,0.8700000000000001
1770,HR,1,Human,30,Yes,4,3,High,No,0.133,3,1.4500000000000002
1771,HR,2,Human,51,Yes,5,0,Medium,No,0.098,2,1.2550000000000001
1772,Technical,5,Human,19,Yes,4,1,Low,No,0.211,1,2.3950000000000005
1773,Customer Support,4,AI,9,No,3,1,High,No,0.333,3,2.145
1774,Technical,1,AI,13,Yes,3,1,High,Yes,0.231,3,0.9650000000000001
1775,HR,1,Human,7,Yes,1,2,High,Yes,0.143,3,1.135
1776,Billing,3,AI,45,Yes,2,3,Medium,No,0.044,2,2.2250000000000005
1777,HR,5,Human,48,Yes,5,0,Low,No,0.104,1,2.3400000000000003
1778,HR,2,Human,15,Yes,1,3,Medium,Yes,0.067,2,1.675
1779,HR,4,AI,30,Yes,5,1,Low,No,0.167,1,2.05
1780,HR,4,Human,32,Yes,2,1,High,No,0.062,3,2.26
1781,Customer Support,3,AI,49,Yes,3,1,Low,No,0.061,1,1.7450000000000003
1782,Billing,5,Human,44,Yes,3,1,Low,No,0.068,1,2.52
1783,Customer Support,5,AI,56,Yes,1,0,High,No,0.018,3,2.58
1784,HR,2,AI,37,No,2,1,High,No,0.054,3,1.485
1785,Technical,3,AI,58,Yes,1,3,Low,No,0.017,1,2.1900000000000004
1786,Customer Support,1,AI,46,Yes,1,2,Low,No,0.022,1,1.1300000000000001
1787,HR,4,AI,60,Yes,1,1,High,No,0.017,3,2.4000000000000004
1788,Technical,2,Human,41,Yes,5,3,Low,No,0.122,1,1.7050000000000003
1789,Billing,1,Human,47,Yes,4,3,Medium,No,0.085,2,1.435
1790,Technical,4,AI,17,Yes,4,3,High,No,0.235,3,2.585
1791,Customer Support,1,AI,18,Yes,4,0,High,Yes,0.222,3,0.79
1792,HR,4,Human,46,Yes,3,1,Medium,No,0.065,2,2.2300000000000004
1793,Technical,4,Human,55,Yes,4,2,Low,No,0.073,1,2.375
1794,Technical,5,AI,44,Yes,4,2,Medium,No,0.091,2,2.82
1795,Customer Support,2,Human,14,Yes,4,0,High,Yes,0.286,3,1.17
1796,Billing,1,AI,20,Yes,4,0,High,Yes,0.2,3,0.8
1797,Technical,4,AI,55,Yes,4,0,High,No,0.073,3,2.175
1798,HR,1,AI,31,Yes,3,0,Medium,No,0.097,2,0.7550000000000001
1799,Technical,1,AI,50,Yes,5,2,Medium,No,0.1,2,1.25
1800,HR,1,Human,5,No,5,2,Low,Yes,1.0,1,0.925
1801,Technical,3,Human,12,Yes,2,3,Low,No,0.167,1,1.9600000000000004
1802,Technical,5,AI,21,Yes,5,0,Low,No,0.238,1,2.205
1803,HR,1,Human,40,Yes,3,2,Medium,No,0.075,2,1.2
1804,Customer Support,5,AI,37,Yes,3,0,High,No,0.081,3,2.4850000000000003
1805,Billing,5,AI,12,Yes,2,0,Medium,No,0.167,2,2.2600000000000002
1806,Customer Support,2,Human,13,Yes,2,3,Low,Yes,0.154,1,1.5650000000000002
1807,HR,3,AI,55,Yes,1,1,High,No,0.018,3,1.975
1808,Customer Support,4,Human,7,Yes,1,3,Low,No,0.143,1,2.3350000000000004
1809,Technical,4,AI,6,Yes,2,0,Medium,No,0.333,2,1.83
1810,Technical,4,Human,42,No,3,3,Low,No,0.071,1,2.5100000000000002
1811,Billing,1,Human,42,Yes,2,1,Low,No,0.048,1,0.91
1812,Customer Support,5,Human,24,Yes,5,3,High,No,0.208,3,3.0200000000000005
1813,Billing,3,Human,5,Yes,4,3,High,No,0.8,3,2.125
1814,HR,2,Human,55,Yes,5,2,Low,No,0.091,1,1.5750000000000002
1815,Billing,2,Human,60,Yes,1,2,Medium,No,0.017,2,1.7
1816,Technical,1,Human,24,Yes,5,1,Low,No,0.208,1,0.82
1817,Customer Support,5,AI,9,Yes,2,3,Low,No,0.222,1,2.745
1818,HR,4,Human,13,No,4,1,Low,No,0.308,1,1.965
1819,Technical,5,AI,14,Yes,1,2,Low,No,0.071,1,2.57
1820,Technical,3,Human,58,Yes,3,0,Medium,No,0.052,2,1.6900000000000002
1821,HR,3,AI,21,No,3,0,High,No,0.143,3,1.6050000000000002
1822,HR,1,AI,44,Yes,5,3,Medium,No,0.114,2,1.4200000000000002
1823,Billing,3,AI,18,Yes,5,0,High,No,0.278,3,1.5900000000000003
1824,Customer Support,3,AI,57,Yes,1,0,Medium,No,0.018,2,1.685
1825,Customer Support,1,AI,13,Yes,1,0,Low,Yes,0.077,1,0.5650000000000001
1826,Billing,4,Human,12,Yes,3,0,High,No,0.25,3,1.9600000000000002
1827,Billing,2,Human,25,Yes,4,1,High,No,0.16,3,1.425
1828,Customer Support,1,Human,51,Yes,3,0,High,No,0.059,3,0.9550000000000001
1829,Billing,3,Human,42,Yes,5,0,High,No,0.119,3,1.7100000000000002
1830,Billing,3,AI,21,Yes,4,2,Low,No,0.19,1,1.8050000000000002
1831,Technical,2,AI,17,Yes,3,2,Medium,Yes,0.176,2,1.485
1832,Billing,2,Human,6,Yes,2,2,Medium,Yes,0.333,2,1.43
1833,HR,1,Human,49,Yes,1,2,Medium,No,0.02,2,1.2449999999999999
1834,Customer Support,3,AI,7,Yes,5,3,Medium,No,0.714,2,2.035
1835,Technical,4,Human,7,Yes,1,0,Low,No,0.143,1,1.735
1836,Technical,5,AI,25,Yes,4,0,High,No,0.16,3,2.425
1837,Billing,2,AI,39,Yes,2,2,Low,No,0.051,1,1.495
1838,Technical,1,AI,47,No,2,3,High,No,0.043,3,1.5350000000000001
1839,Technical,2,Human,12,Yes,5,2,Low,Yes,0.417,1,1.3600000000000003
1840,Billing,3,Human,25,Yes,4,1,Medium,No,0.16,2,1.725
1841,Technical,3,Human,17,Yes,2,1,Medium,No,0.118,2,1.685
1842,Billing,1,AI,9,Yes,4,2,Medium,Yes,0.444,2,1.045
1843,Billing,1,Human,31,Yes,4,2,Medium,No,0.129,2,1.155
1844,Technical,2,Human,19,Yes,4,3,Medium,Yes,0.211,2,1.695
1845,Billing,4,Human,34,Yes,3,0,Medium,No,0.088,2,1.97
1846,HR,3,AI,41,Yes,5,2,Medium,No,0.122,2,2.0050000000000003
1847,Customer Support,2,Human,23,Yes,1,3,Low,No,0.043,1,1.6150000000000002
1848,Billing,3,AI,41,Yes,5,3,High,No,0.122,3,2.3050000000000006
1849,Customer Support,2,AI,14,Yes,5,2,High,Yes,0.357,3,1.57
1850,Technical,3,Human,15,Yes,1,2,High,No,0.067,3,1.9750000000000003
1851,HR,2,Human,58,Yes,4,1,Medium,No,0.069,2,1.49
1852,Customer Support,4,Human,45,Yes,4,3,High,No,0.089,3,2.7250000000000005
1853,Technical,2,AI,42,Yes,1,2,Medium,No,0.024,2,1.61
1854,Customer Support,1,Human,37,Yes,5,0,Medium,No,0.135,2,0.7849999999999999
1855,HR,3,Human,55,Yes,5,3,Low,No,0.091,1,2.1750000000000003
1856,Billing,4,AI,11,Yes,1,0,Low,No,0.091,1,1.7550000000000001
1857,Customer Support,3,Human,23,Yes,4,2,High,No,0.174,3,2.0150000000000006
1858,Customer Support,3,Human,33,Yes,3,1,Medium,No,0.091,2,1.7650000000000001
1859,Technical,4,AI,53,Yes,4,3,Medium,No,0.075,2,2.665
1860,HR,5,Human,55,Yes,1,3,Low,No,0.018,1,2.975
1861,Technical,1,AI,32,Yes,5,3,High,No,0.156,3,1.4600000000000002
1862,Customer Support,5,Human,48,Yes,1,2,Medium,No,0.021,2,2.8400000000000003
1863,Customer Support,1,AI,55,No,2,1,High,No,0.036,3,1.175
1864,HR,1,AI,44,No,2,3,Medium,No,0.045,2,1.4200000000000002
1865,Billing,2,AI,13,Yes,2,2,Medium,Yes,0.154,2,1.465
1866,Technical,4,AI,51,Yes,2,2,Medium,No,0.039,2,2.455
1867,Customer Support,3,AI,37,Yes,3,2,High,No,0.081,3,2.085
1868,Customer Support,4,Human,54,Yes,5,1,High,No,0.093,3,2.37
1869,Customer Support,3,AI,46,No,3,0,High,No,0.065,3,1.7300000000000002
1870,HR,2,AI,39,Yes,3,2,High,No,0.077,3,1.695
1871,Customer Support,1,AI,59,Yes,3,0,Low,No,0.051,1,0.795
1872,Customer Support,5,Human,38,Yes,2,3,Low,No,0.053,1,2.89
1873,HR,1,Human,41,Yes,4,3,Low,No,0.098,1,1.3050000000000002
1874,Billing,5,AI,7,Yes,4,1,Low,No,0.571,1,2.3350000000000004
1875,Customer Support,1,AI,45,Yes,5,2,Medium,No,0.111,2,1.2249999999999999
1876,HR,1,Human,14,No,1,1,Medium,Yes,0.071,2,0.8700000000000001
1877,Customer Support,2,Human,48,No,5,0,Medium,No,0.104,2,1.24
1878,Technical,4,AI,60,Yes,5,2,Medium,No,0.083,2,2.5000000000000004
1879,Technical,4,Human,28,No,1,1,High,No,0.036,3,2.24
1880,Technical,2,Human,47,Yes,5,1,Medium,No,0.106,2,1.435
1881,Customer Support,4,AI,32,Yes,3,1,High,No,0.094,3,2.26
1882,HR,5,Human,27,Yes,2,3,Low,No,0.074,1,2.835
1883,Customer Support,3,Human,25,Yes,4,3,High,No,0.16,3,2.2250000000000005
1884,Customer Support,4,AI,8,Yes,4,3,Medium,No,0.5,2,2.4400000000000004
1885,Customer Support,1,Human,47,No,3,0,Medium,No,0.064,2,0.835
1886,HR,4,Human,10,Yes,4,1,Medium,No,0.4,2,2.0500000000000003
1887,Technical,4,AI,15,Yes,4,1,Low,No,0.267,1,1.975
1888,Technical,4,Human,57,Yes,5,0,High,No,0.088,3,2.185
1889,HR,4,AI,24,Yes,3,1,Low,No,0.125,1,2.02
1890,Customer Support,4,Human,16,Yes,1,0,Low,No,0.062,1,1.7800000000000002
1891,Customer Support,5,AI,11,Yes,5,2,Medium,No,0.455,2,2.6550000000000002
1892,Billing,3,Human,20,Yes,2,1,High,No,0.1,3,1.8000000000000003
1893,Billing,3,AI,29,Yes,4,1,Low,No,0.138,1,1.6450000000000002
1894,Technical,4,AI,13,Yes,3,3,High,No,0.231,3,2.5650000000000004
1895,Customer Support,1,AI,50,Yes,2,3,Medium,No,0.04,2,1.45
1896,HR,1,AI,58,Yes,5,0,Medium,No,0.086,2,0.8899999999999999
1897,HR,3,Human,26,No,2,1,Medium,No,0.077,2,1.73
1898,Billing,2,Human,55,Yes,4,1,Low,No,0.073,1,1.375
1899,Customer Support,5,AI,31,No,5,0,Low,No,0.161,1,2.255
1900,Technical,1,Human,57,Yes,2,0,Medium,No,0.035,2,0.885
1901,Billing,4,AI,17,Yes,1,3,High,No,0.059,3,2.585
1902,Customer Support,3,Human,41,Yes,2,3,Medium,No,0.049,2,2.2050000000000005
1903,Customer Support,1,Human,28,Yes,4,1,Medium,No,0.143,2,0.94
1904,Customer Support,4,Human,45,Yes,3,3,High,No,0.067,3,2.7250000000000005
1905,HR,3,Human,8,Yes,5,1,High,No,0.625,3,1.7400000000000002
1906,Technical,2,AI,16,Yes,1,2,Medium,Yes,0.062,2,1.48
1907,Customer Support,4,Human,31,Yes,3,2,Medium,No,0.097,2,2.3550000000000004
1908,Billing,5,Human,48,Yes,5,0,Medium,No,0.104,2,2.4400000000000004
1909,HR,4,Human,56,Yes,5,0,High,No,0.089,3,2.18
1910,Technical,2,Human,23,Yes,1,3,Low,No,0.043,1,1.6150000000000002
1911,Customer Support,1,Human,12,Yes,4,1,Medium,Yes,0.333,2,0.8600000000000001
1912,HR,2,AI,11,Yes,1,0,Medium,Yes,0.091,2,1.055
1913,Technical,4,AI,39,Yes,4,3,Low,No,0.103,1,2.4950000000000006
1914,Billing,5,AI,5,Yes,3,1,High,No,0.6,3,2.5250000000000004
1915,Billing,2,AI,11,Yes,2,2,High,Yes,0.182,3,1.555
1916,Technical,1,AI,23,Yes,4,2,Medium,No,0.174,2,1.115
1917,HR,1,AI,19,Yes,3,1,High,Yes,0.158,3,0.9950000000000001
1918,HR,4,Human,59,Yes,1,1,Medium,No,0.017,2,2.2950000000000004
1919,HR,5,AI,34,Yes,2,1,High,No,0.059,3,2.67
1920,Customer Support,4,AI,43,Yes,2,0,High,No,0.047,3,2.115
1921,Technical,4,AI,35,Yes,1,3,Low,No,0.029,1,2.475
1922,HR,2,Human,43,Yes,2,1,Low,No,0.047,1,1.3150000000000002
1923,HR,5,AI,56,Yes,4,3,High,No,0.071,3,3.1799999999999997
1924,Technical,4,Human,55,Yes,2,0,High,No,0.036,3,2.175
1925,Billing,3,Human,33,Yes,4,1,Low,No,0.121,1,1.6650000000000003
1926,Customer Support,5,AI,43,Yes,2,3,High,No,0.047,3,3.115
1927,Customer Support,3,AI,21,Yes,1,3,High,No,0.048,3,2.205
1928,Technical,1,AI,58,Yes,2,2,Low,No,0.034,1,1.19
1929,Technical,4,AI,29,Yes,4,0,Low,No,0.138,1,1.8450000000000002
1930,HR,2,Human,39,Yes,4,0,Medium,No,0.103,2,1.195
1931,Billing,2,Human,19,Yes,4,0,Low,Yes,0.211,1,0.995
1932,Customer Support,2,Human,26,No,5,3,High,No,0.192,3,1.8300000000000003
1933,HR,3,Human,33,Yes,1,3,Low,No,0.03,1,2.0650000000000004
1934,Technical,1,AI,39,Yes,3,0,High,No,0.077,3,0.895
1935,Billing,2,Human,58,Yes,3,0,High,No,0.052,3,1.3900000000000001
1936,HR,2,Human,36,Yes,3,3,Medium,No,0.083,2,1.78
1937,Customer Support,4,Human,40,Yes,4,2,Medium,No,0.1,2,2.4000000000000004
1938,HR,3,Human,11,Yes,3,0,High,No,0.273,3,1.5550000000000002
1939,Billing,1,Human,60,Yes,2,2,Medium,No,0.033,2,1.3
1940,Technical,2,AI,19,Yes,5,2,Medium,Yes,0.263,2,1.4949999999999999
1941,Billing,5,Human,8,Yes,5,1,Low,No,0.625,1,2.3400000000000003
1942,HR,2,Human,45,Yes,2,2,High,No,0.044,3,1.7249999999999999
1943,Billing,4,AI,37,Yes,2,1,High,No,0.054,3,2.285
1944,Customer Support,5,AI,39,No,2,0,High,No,0.051,3,2.495
1945,Technical,1,Human,19,Yes,1,1,Low,Yes,0.053,1,0.795
1946,Customer Support,3,AI,48,Yes,5,2,Low,No,0.104,1,1.9400000000000004
1947,Billing,3,Human,7,Yes,3,1,High,No,0.429,3,1.735
1948,Billing,5,AI,8,Yes,3,1,Medium,No,0.375,2,2.4400000000000004
1949,Customer Support,5,Human,46,Yes,5,3,Medium,No,0.109,2,3.0300000000000002
1950,Technical,4,AI,32,Yes,1,3,Low,No,0.031,1,2.4600000000000004
1951,HR,5,AI,55,Yes,3,3,Medium,No,0.055,2,3.075
1952,Technical,1,Human,34,Yes,1,2,High,No,0.029,3,1.27
1953,Technical,3,AI,32,No,2,2,High,No,0.062,3,2.0600000000000005
1954,Customer Support,1,AI,25,Yes,3,2,Medium,No,0.12,2,1.125
1955,Technical,1,AI,8,Yes,2,3,Medium,Yes,0.25,2,1.24
1956,HR,5,AI,26,Yes,3,2,Low,No,0.115,1,2.63
1957,Technical,4,AI,47,Yes,5,2,Medium,No,0.106,2,2.435
1958,HR,2,AI,28,Yes,5,0,Low,No,0.179,1,1.04
1959,Technical,4,AI,38,Yes,3,1,Low,No,0.079,1,2.09
1960,Billing,1,AI,7,Yes,2,2,Medium,Yes,0.286,2,1.035
1961,Billing,3,Human,20,Yes,1,1,Medium,No,0.05,2,1.7000000000000002
1962,Billing,2,AI,16,Yes,3,0,High,Yes,0.188,3,1.1800000000000002
1963,Billing,4,AI,11,Yes,2,3,Low,No,0.182,1,2.355
1964,Billing,1,Human,50,No,3,2,High,No,0.06,3,1.35
1965,HR,1,Human,14,Yes,5,0,High,Yes,0.357,3,0.77
1966,Technical,5,Human,49,Yes,3,1,Medium,No,0.061,2,2.6450000000000005
1967,Customer Support,1,Human,50,Yes,4,0,Medium,No,0.08,2,0.8500000000000001
1968,Customer Support,4,AI,5,Yes,2,3,Low,No,0.4,1,2.325
1969,Billing,4,AI,15,Yes,1,3,High,No,0.067,3,2.575
1970,Technical,5,Human,39,Yes,4,3,Low,No,0.103,1,2.895
1971,Billing,3,Human,10,Yes,2,0,Medium,No,0.2,2,1.4500000000000002
1972,Technical,3,AI,5,Yes,5,3,Low,No,1.0,1,1.9250000000000003
1973,Technical,3,Human,45,Yes,2,0,Medium,No,0.044,2,1.6250000000000002
1974,Technical,2,AI,17,Yes,3,0,Medium,Yes,0.176,2,1.085
1975,Billing,4,AI,33,Yes,3,0,Low,No,0.091,1,1.8650000000000002
1976,Billing,2,Human,48,Yes,5,3,High,No,0.104,3,1.9400000000000002
1977,Billing,4,AI,45,Yes,2,0,Low,No,0.044,1,1.9250000000000003
1978,Billing,3,Human,23,No,1,2,High,No,0.043,3,2.0150000000000006
1979,Customer Support,4,AI,54,No,5,3,Low,No,0.093,1,2.5700000000000003
1980,Technical,1,Human,46,Yes,3,1,Low,No,0.065,1,0.93
1981,HR,1,AI,13,Yes,5,3,High,Yes,0.385,3,1.3650000000000002
1982,Billing,5,Human,44,Yes,4,0,High,No,0.091,3,2.5199999999999996
1983,HR,1,AI,28,Yes,2,3,Medium,No,0.071,2,1.34
1984,Technical,2,AI,58,Yes,5,0,High,No,0.086,3,1.3900000000000001
1985,Billing,1,AI,26,Yes,5,3,Low,No,0.192,1,1.2300000000000002
1986,Technical,2,AI,43,Yes,5,0,High,No,0.116,3,1.3150000000000002
1987,Billing,3,AI,58,No,4,0,Low,No,0.069,1,1.5900000000000003
1988,HR,5,AI,35,Yes,5,3,Low,No,0.143,1,2.875
1989,Billing,5,Human,12,Yes,3,2,Low,No,0.25,1,2.56
1990,Billing,5,Human,7,Yes,3,3,Medium,No,0.429,2,2.8350000000000004
1991,Billing,4,AI,34,Yes,4,3,High,No,0.118,3,2.67
1992,Customer Support,2,Human,44,No,5,3,Medium,No,0.114,2,1.82
1993,Technical,5,AI,59,Yes,4,1,Medium,No,0.068,2,2.6950000000000003
1994,Customer Support,1,AI,18,Yes,1,3,Medium,Yes,0.056,2,1.29
1995,HR,2,AI,19,Yes,2,3,High,Yes,0.105,3,1.7950000000000002
1996,Technical,1,AI,47,No,2,3,Medium,No,0.043,2,1.435
1997,HR,1,Human,42,Yes,1,0,Low,No,0.024,1,0.71
1998,Technical,3,Human,6,Yes,3,3,Medium,No,0.5,2,2.0300000000000002
1999,HR,3,Human,37,Yes,1,1,High,No,0.027,3,1.8850000000000002
2000,Billing,4,Human,13,Yes,5,3,High,No,0.385,3,2.5650000000000004
2001,HR,4,AI,17,Yes,5,2,Medium,No,0.294,2,2.285
2002,HR,5,AI,27,Yes,5,3,High,No,0.185,3,3.035
2003,Billing,4,Human,15,Yes,5,3,Medium,No,0.333,2,2.4750000000000005
2004,Billing,2,Human,27,Yes,2,3,Medium,No,0.074,2,1.735
2005,HR,3,Human,59,Yes,2,3,High,No,0.034,3,2.3950000000000005
2006,Customer Support,3,AI,25,Yes,2,3,High,No,0.08,3,2.2250000000000005
2007,Billing,3,AI,6,Yes,2,1,Low,No,0.333,1,1.5300000000000002
2008,Billing,3,AI,8,Yes,2,2,Medium,No,0.25,2,1.84
2009,Technical,2,AI,8,Yes,5,2,High,Yes,0.625,3,1.5400000000000003
2010,Technical,1,AI,43,Yes,4,1,High,No,0.093,3,1.115
2011,Customer Support,5,AI,5,Yes,2,1,Low,No,0.4,1,2.325
2012,HR,4,Human,25,Yes,2,2,Low,No,0.08,1,2.225
2013,Technical,5,Human,39,Yes,4,3,Low,No,0.103,1,2.895
2014,Customer Support,1,AI,25,No,3,3,Low,No,0.12,1,1.225
2015,Customer Support,1,AI,15,Yes,3,3,High,Yes,0.2,3,1.3750000000000002
2016,Technical,1,AI,20,Yes,5,0,Low,Yes,0.25,1,0.6
2017,HR,5,AI,55,Yes,1,0,Medium,No,0.018,2,2.475
2018,Technical,5,Human,60,Yes,1,0,High,No,0.017,3,2.5999999999999996
2019,Customer Support,1,AI,31,Yes,3,0,Medium,No,0.097,2,0.7550000000000001
2020,HR,4,AI,30,Yes,5,2,Low,No,0.167,1,2.25
2021,HR,2,Human,29,Yes,1,1,Medium,No,0.034,2,1.345
2022,HR,4,AI,24,Yes,5,2,Medium,No,0.208,2,2.3200000000000003
2023,Customer Support,5,AI,18,Yes,3,2,Low,No,0.167,1,2.59
2024,HR,2,AI,11,Yes,1,3,High,Yes,0.091,3,1.7550000000000001
2025,Billing,5,Human,58,Yes,2,0,Low,No,0.034,1,2.39
2026,Billing,5,AI,30,Yes,4,2,Low,No,0.133,1,2.65
2027,Billing,4,Human,37,Yes,3,3,Medium,No,0.081,2,2.5850000000000004
2028,HR,3,Human,44,Yes,3,1,Low,No,0.068,1,1.7200000000000002
2029,Customer Support,5,AI,41,Yes,5,1,Medium,No,0.122,2,2.6050000000000004
2030,Customer Support,4,AI,36,Yes,5,3,High,No,0.139,3,2.6799999999999997
2031,Technical,4,AI,50,Yes,2,0,High,No,0.04,3,2.1500000000000004
2032,HR,2,AI,25,Yes,4,3,Low,No,0.16,1,1.6250000000000002
2033,Customer Support,1,AI,44,Yes,3,3,High,No,0.068,3,1.5200000000000002
2034,HR,3,Human,40,No,2,2,Low,No,0.05,1,1.9000000000000004
2035,Billing,2,Human,35,Yes,4,1,High,No,0.114,3,1.475
2036,Billing,1,Human,11,Yes,5,1,Low,Yes,0.455,1,0.755
2037,Technical,4,AI,46,Yes,4,2,Medium,No,0.087,2,2.43
2038,Billing,5,AI,42,No,3,1,High,No,0.071,3,2.71
2039,HR,2,Human,43,Yes,4,0,Medium,No,0.093,2,1.215
2040,HR,3,AI,39,Yes,4,1,High,No,0.103,3,1.8950000000000002
2041,Billing,3,Human,34,Yes,5,2,Low,No,0.147,1,1.87
2042,Technical,2,AI,21,No,5,3,High,No,0.238,3,1.8050000000000002
2043,Billing,1,Human,33,Yes,4,3,Low,No,0.121,1,1.2650000000000001
2044,Billing,1,AI,7,Yes,2,2,Medium,Yes,0.286,2,1.035
2045,Customer Support,5,AI,55,Yes,5,0,High,No,0.091,3,2.575
2046,Technical,1,AI,34,Yes,4,0,Medium,No,0.118,2,0.77
2047,HR,2,Human,19,Yes,5,2,Low,Yes,0.263,1,1.395
2048,HR,3,Human,7,No,5,3,Low,No,0.714,1,1.9350000000000003
2049,HR,1,AI,5,Yes,4,3,Low,Yes,0.8,1,1.1250000000000002
2050,Customer Support,1,AI,55,Yes,1,2,Medium,No,0.018,2,1.2750000000000001
2051,Technical,5,AI,13,Yes,5,0,Low,No,0.385,1,2.165
2052,Customer Support,3,Human,48,Yes,3,0,High,No,0.062,3,1.7400000000000002
2053,Billing,3,Human,10,Yes,2,0,Medium,No,0.2,2,1.4500000000000002
2054,HR,5,AI,39,No,3,1,High,No,0.077,3,2.6950000000000003
2055,Customer Support,2,AI,50,No,1,2,High,No,0.02,3,1.7500000000000002
2056,Billing,3,AI,27,Yes,1,3,Low,No,0.037,1,2.035
2057,Customer Support,1,AI,38,Yes,3,2,Medium,No,0.079,2,1.19
2058,Customer Support,3,Human,57,Yes,2,3,High,No,0.035,3,2.385
2059,Technical,3,AI,39,Yes,2,3,Low,No,0.051,1,2.095
2060,Customer Support,1,AI,37,Yes,1,1,Low,No,0.027,1,0.8849999999999999
2061,Billing,5,AI,34,No,5,2,High,No,0.147,3,2.87
2062,Customer Support,5,AI,55,Yes,2,3,Low,No,0.036,1,2.975
2063,Customer Support,1,AI,18,Yes,3,3,Medium,Yes,0.167,2,1.29
2064,Customer Support,2,AI,50,Yes,1,1,Low,No,0.02,1,1.35
2065,HR,3,AI,17,No,1,2,Medium,No,0.059,2,1.885
2066,Billing,4,Human,41,Yes,3,0,Medium,No,0.073,2,2.0050000000000003
2067,HR,1,AI,33,Yes,5,1,Medium,No,0.152,2,0.9650000000000001
2068,Customer Support,1,AI,58,Yes,2,0,Low,No,0.034,1,0.7899999999999999
2069,HR,1,Human,39,Yes,2,1,Medium,No,0.051,2,0.9949999999999999
2070,Technical,5,AI,34,Yes,1,1,Medium,No,0.029,2,2.5700000000000003
2071,Billing,3,Human,5,Yes,1,3,High,No,0.2,3,2.125
2072,Technical,3,Human,26,Yes,5,0,Low,No,0.192,1,1.4300000000000002
2073,Billing,1,Human,7,Yes,4,1,High,Yes,0.571,3,0.935
2074,Billing,2,AI,37,No,2,1,Low,No,0.054,1,1.2850000000000001
2075,Customer Support,1,Human,44,Yes,1,3,Low,No,0.023,1,1.3200000000000003
2076,Customer Support,4,AI,8,Yes,3,3,Medium,No,0.375,2,2.4400000000000004
2077,Billing,4,Human,7,Yes,1,1,Low,No,0.143,1,1.935
2078,Customer Support,5,Human,29,Yes,4,1,Medium,No,0.138,2,2.5450000000000004
2079,Technical,5,Human,5,No,3,2,High,No,0.6,3,2.7249999999999996
2080,Billing,1,Human,50,Yes,1,3,Medium,No,0.02,2,1.45
2081,Billing,5,Human,38,Yes,1,3,High,No,0.026,3,3.09
2082,Customer Support,2,AI,35,Yes,4,2,High,No,0.114,3,1.675
2083,Customer Support,2,Human,12,Yes,2,3,Low,Yes,0.167,1,1.5600000000000003
2084,Customer Support,3,AI,51,Yes,4,3,Medium,No,0.078,2,2.2550000000000003
2085,HR,3,Human,56,Yes,3,2,Medium,No,0.054,2,2.0800000000000005
2086,HR,3,Human,40,Yes,3,3,Medium,No,0.075,2,2.2
2087,Customer Support,4,Human,30,Yes,5,3,High,No,0.167,3,2.6500000000000004
2088,Technical,4,AI,5,Yes,4,1,Medium,No,0.8,2,2.025
2089,Billing,4,AI,42,Yes,5,1,Low,No,0.119,1,2.1100000000000003
2090,Customer Support,3,AI,15,Yes,4,2,Low,No,0.267,1,1.7750000000000004
2091,Technical,3,Human,32,No,4,1,Low,No,0.125,1,1.6600000000000001
2092,Technical,3,AI,31,Yes,3,1,Medium,No,0.097,2,1.7550000000000001
2093,Billing,2,AI,50,Yes,1,1,Low,No,0.02,1,1.35
2094,Customer Support,2,Human,16,Yes,3,0,High,Yes,0.188,3,1.1800000000000002
2095,Customer Support,1,Human,38,Yes,2,2,High,No,0.053,3,1.29
2096,Customer Support,4,AI,33,Yes,2,2,Medium,No,0.061,2,2.365
2097,Customer Support,5,AI,40,Yes,5,3,Medium,No,0.125,2,3.0000000000000004
2098,HR,1,Human,17,Yes,4,0,Low,Yes,0.235,1,0.585
2099,Technical,3,AI,42,No,5,0,Low,No,0.119,1,1.5100000000000002
2100,Customer Support,5,AI,22,Yes,5,1,Low,No,0.227,1,2.41
2101,Customer Support,5,AI,36,Yes,4,2,Medium,No,0.111,2,2.7800000000000002
2102,Billing,2,AI,38,Yes,4,0,High,No,0.105,3,1.29
2103,Technical,1,AI,46,Yes,4,2,Low,No,0.087,1,1.1300000000000001
2104,Technical,3,Human,47,Yes,4,3,Medium,No,0.085,2,2.2350000000000003
2105,HR,1,Human,32,Yes,5,2,Low,No,0.156,1,1.06
2106,Technical,3,Human,38,No,2,2,Low,No,0.053,1,1.8900000000000001
2107,Billing,2,Human,19,No,2,1,Medium,Yes,0.105,2,1.295
2108,Billing,5,Human,56,Yes,1,3,High,No,0.018,3,3.1799999999999997
2109,HR,2,Human,11,Yes,4,1,Low,Yes,0.364,1,1.155
2110,Customer Support,3,Human,56,Yes,5,3,Medium,No,0.089,2,2.2800000000000002
2111,HR,1,AI,25,Yes,1,2,Low,No,0.04,1,1.0250000000000001
2112,Technical,5,AI,16,Yes,2,3,Low,No,0.125,1,2.7800000000000002
2113,Customer Support,3,AI,21,Yes,5,1,Low,No,0.238,1,1.6050000000000002
2114,Technical,5,Human,30,Yes,1,3,Medium,No,0.033,2,2.95
2115,Customer Support,2,AI,53,No,2,3,Medium,No,0.038,2,1.865
2116,Technical,1,Human,49,Yes,2,1,Low,No,0.041,1,0.945
2117,Billing,1,AI,42,Yes,4,1,High,No,0.095,3,1.11
2118,Billing,4,AI,17,Yes,3,1,Medium,No,0.176,2,2.085
2119,Customer Support,3,Human,55,Yes,1,1,Low,No,0.018,1,1.7750000000000001
2120,Billing,3,AI,9,No,5,2,Medium,No,0.556,2,1.845
2121,Customer Support,2,AI,11,Yes,4,2,Low,Yes,0.364,1,1.355
2122,Billing,5,Human,26,Yes,5,1,High,No,0.192,3,2.63
2123,Customer Support,5,AI,26,Yes,3,1,High,No,0.115,3,2.63
2124,Customer Support,2,AI,49,Yes,3,1,High,No,0.061,3,1.545
2125,Billing,2,AI,25,Yes,2,0,Low,No,0.08,1,1.0250000000000001
2126,Billing,1,Human,56,Yes,1,3,High,No,0.018,3,1.58
2127,Customer Support,5,Human,26,Yes,2,0,Medium,No,0.077,2,2.33
2128,Billing,4,AI,39,Yes,1,0,Low,No,0.026,1,1.8950000000000002
2129,Customer Support,5,AI,44,Yes,5,3,Medium,No,0.114,2,3.02
2130,Technical,4,AI,42,Yes,2,1,Low,No,0.048,1,2.1100000000000003
2131,Billing,3,Human,38,No,2,3,Medium,No,0.053,2,2.1900000000000004
2132,Technical,2,Human,38,Yes,1,3,Medium,No,0.026,2,1.79
2133,Technical,3,AI,13,Yes,1,0,High,No,0.077,3,1.5650000000000002
2134,Billing,5,AI,14,Yes,2,1,Medium,No,0.143,2,2.47
2135,Customer Support,4,Human,47,No,1,2,Medium,No,0.021,2,2.435
2136,Billing,3,Human,32,Yes,2,0,Low,No,0.062,1,1.4600000000000002
2137,Billing,3,Human,59,Yes,5,1,Low,No,0.085,1,1.7950000000000002
2138,HR,2,AI,27,Yes,5,2,Medium,No,0.185,2,1.535
2139,Customer Support,3,Human,13,Yes,2,1,Low,No,0.154,1,1.5650000000000002
2140,Customer Support,2,AI,41,Yes,1,3,Medium,No,0.024,2,1.8050000000000002
2141,Technical,4,Human,24,Yes,3,0,High,No,0.125,3,2.0200000000000005
2142,Customer Support,5,Human,25,Yes,1,1,High,No,0.04,3,2.625
2143,HR,3,Human,58,Yes,5,0,Low,No,0.086,1,1.5900000000000003
2144,Technical,4,Human,12,Yes,1,1,Medium,No,0.083,2,2.06
2145,Customer Support,2,Human,8,Yes,1,3,Medium,Yes,0.125,2,1.6400000000000001
2146,Billing,3,Human,6,Yes,5,1,High,No,0.833,3,1.7300000000000002
2147,HR,1,AI,25,Yes,3,2,High,No,0.12,3,1.225
2148,Billing,5,AI,33,Yes,5,1,Medium,No,0.152,2,2.5650000000000004
2149,Billing,3,AI,42,No,2,2,Low,No,0.048,1,1.9100000000000001
2150,Billing,5,AI,56,Yes,2,2,High,No,0.036,3,2.9799999999999995
2151,Billing,4,AI,32,Yes,3,1,Low,No,0.094,1,2.06
2152,Technical,1,AI,35,No,4,1,Low,No,0.114,1,0.8750000000000001
2153,Technical,1,AI,21,Yes,1,2,Low,No,0.048,1,1.0050000000000001
2154,HR,4,AI,36,Yes,3,0,Medium,No,0.083,2,1.98
2155,Billing,2,AI,31,No,1,3,Low,No,0.032,1,1.6550000000000002
2156,Customer Support,4,AI,18,Yes,1,3,Low,No,0.056,1,2.39
2157,Billing,3,Human,40,Yes,5,0,Low,No,0.125,1,1.5000000000000002
2158,Customer Support,4,Human,20,Yes,3,2,Low,No,0.15,1,2.2
2159,Customer Support,5,Human,7,Yes,5,1,Medium,No,0.714,2,2.4350000000000005
2160,Customer Support,1,AI,56,Yes,4,0,Low,No,0.071,1,0.7799999999999999
2161,HR,2,Human,8,Yes,1,0,High,Yes,0.125,3,1.1400000000000001
2162,Billing,3,Human,40,Yes,1,3,Low,No,0.025,1,2.1
2163,Customer Support,2,Human,9,Yes,1,2,Low,Yes,0.111,1,1.3450000000000002
2164,Technical,4,AI,59,Yes,3,3,High,No,0.051,3,2.795
2165,Technical,2,AI,10,No,5,1,High,Yes,0.5,3,1.35
2166,Customer Support,2,Human,44,Yes,1,0,Medium,No,0.023,2,1.22
2167,HR,4,AI,56,Yes,5,1,High,No,0.089,3,2.38
2168,Billing,1,Human,49,Yes,1,0,Medium,No,0.02,2,0.845
2169,HR,4,Human,15,Yes,4,3,Medium,No,0.267,2,2.4750000000000005
2170,Technical,1,AI,58,Yes,3,2,Low,No,0.052,1,1.19
2171,Technical,3,Human,24,Yes,2,0,High,No,0.083,3,1.6200000000000003
2172,Customer Support,3,AI,27,Yes,3,3,Medium,No,0.111,2,2.1350000000000002
2173,Technical,1,Human,48,Yes,5,0,Medium,No,0.104,2,0.8400000000000001
2174,Billing,4,AI,42,Yes,4,0,Medium,No,0.095,2,2.0100000000000002
2175,Technical,4,AI,39,Yes,1,0,Low,No,0.026,1,1.8950000000000002
2176,Billing,3,AI,49,Yes,4,0,Low,No,0.082,1,1.5450000000000004
2177,Billing,2,AI,49,Yes,1,2,Medium,No,0.02,2,1.6449999999999998
2178,Customer Support,3,Human,53,Yes,1,3,High,No,0.019,3,2.365
2179,Technical,5,AI,29,Yes,3,1,Low,No,0.103,1,2.4450000000000003
2180,HR,3,Human,19,Yes,2,2,High,No,0.105,3,1.9950000000000003
2181,Billing,2,AI,36,Yes,2,2,High,No,0.056,3,1.68
2182,Billing,4,AI,12,Yes,1,2,Medium,No,0.083,2,2.2600000000000002
2183,Customer Support,5,AI,36,Yes,4,2,Low,No,0.111,1,2.68
2184,Technical,5,AI,56,Yes,2,0,High,No,0.036,3,2.58
2185,Billing,5,Human,38,Yes,4,3,Medium,No,0.105,2,2.99
2186,Technical,1,AI,22,Yes,1,1,Medium,No,0.045,2,0.9099999999999999
2187,HR,4,AI,53,Yes,2,1,Medium,No,0.038,2,2.265
2188,Billing,1,AI,57,Yes,3,1,Medium,No,0.053,2,1.085
2189,HR,5,Human,42,No,4,0,High,No,0.095,3,2.51
2190,Customer Support,5,Human,33,Yes,3,0,High,No,0.091,3,2.465
2191,HR,5,Human,16,Yes,4,2,Low,No,0.25,1,2.58
2192,Technical,5,AI,51,Yes,2,1,High,No,0.039,3,2.755
2193,Technical,3,Human,39,Yes,4,3,Medium,No,0.103,2,2.1950000000000003
2194,Customer Support,3,Human,8,Yes,5,0,Medium,No,0.625,2,1.4400000000000002
2195,Billing,5,Human,37,Yes,5,0,Medium,No,0.135,2,2.3850000000000002
2196,Customer Support,1,AI,51,Yes,4,3,Medium,No,0.078,2,1.455
2197,Customer Support,2,AI,47,Yes,1,3,Medium,No,0.021,2,1.8350000000000002
2198,Technical,1,AI,8,Yes,1,1,High,Yes,0.125,3,0.9400000000000001
2199,Billing,3,AI,44,Yes,3,0,Medium,No,0.068,2,1.62
2200,HR,2,AI,25,Yes,1,1,Low,No,0.04,1,1.225
2201,Technical,3,Human,21,Yes,3,1,Low,No,0.143,1,1.6050000000000002
2202,Technical,5,Human,24,Yes,5,2,Medium,No,0.208,2,2.72
2203,HR,5,AI,15,Yes,3,2,Low,No,0.2,1,2.575
2204,Technical,4,AI,32,No,3,1,Medium,No,0.094,2,2.16
2205,Customer Support,4,AI,35,Yes,4,2,Medium,No,0.114,2,2.3750000000000004
2206,Customer Support,2,Human,7,Yes,4,1,High,Yes,0.571,3,1.3350000000000002
2207,Billing,5,Human,59,Yes,5,0,Low,No,0.085,1,2.395
2208,Technical,5,AI,36,Yes,5,0,Low,No,0.139,1,2.2800000000000002
2209,HR,2,AI,6,Yes,3,0,Low,Yes,0.5,1,0.93
2210,HR,2,AI,38,Yes,1,3,Low,No,0.026,1,1.6900000000000002
2211,Customer Support,3,AI,27,Yes,2,0,Low,No,0.074,1,1.4350000000000003
2212,Billing,5,AI,56,Yes,2,0,Low,No,0.036,1,2.38
2213,Billing,4,AI,6,Yes,4,2,Medium,No,0.667,2,2.2300000000000004
2214,HR,5,AI,15,No,2,1,High,No,0.133,3,2.575
2215,Technical,3,Human,34,Yes,3,3,High,No,0.088,3,2.2700000000000005
2216,Customer Support,4,AI,42,Yes,4,0,Low,No,0.095,1,1.9100000000000001
2217,Customer Support,2,AI,52,Yes,5,0,Medium,No,0.096,2,1.26
2218,HR,5,Human,52,Yes,1,1,Low,No,0.019,1,2.56
2219,Technical,1,Human,54,Yes,4,2,Low,No,0.074,1,1.1700000000000002
2220,HR,4,Human,38,Yes,2,2,Medium,No,0.053,2,2.39
2221,HR,5,AI,15,Yes,1,3,Low,No,0.067,1,2.7750000000000004
2222,HR,3,AI,23,No,1,2,Low,No,0.043,1,1.8150000000000004
2223,Technical,3,AI,50,Yes,5,1,High,No,0.1,3,1.9500000000000002
2224,Customer Support,2,Human,49,Yes,5,1,Medium,No,0.102,2,1.4449999999999998
2225,Technical,2,AI,58,Yes,4,3,Low,No,0.069,1,1.7900000000000003
2226,Billing,5,AI,53,Yes,4,0,High,No,0.075,3,2.5650000000000004
2227,HR,5,Human,22,Yes,1,1,Low,No,0.045,1,2.41
2228,Billing,1,Human,52,Yes,5,2,Medium,No,0.096,2,1.26
2229,HR,4,Human,38,Yes,1,1,Medium,No,0.026,2,2.19
2230,HR,1,Human,20,Yes,3,1,High,Yes,0.15,3,1.0
2231,Customer Support,5,AI,34,Yes,3,2,Low,No,0.088,1,2.67
2232,Billing,5,AI,24,Yes,1,1,Medium,No,0.042,2,2.5200000000000005
2233,Billing,3,AI,47,No,3,3,Low,No,0.064,1,2.1350000000000002
2234,HR,1,AI,53,Yes,3,3,Low,No,0.057,1,1.3650000000000002
2235,Billing,1,AI,48,Yes,3,1,Low,No,0.062,1,0.9400000000000001
2236,Billing,1,AI,60,No,5,0,High,No,0.083,3,1.0
2237,Billing,2,Human,50,Yes,3,3,High,No,0.06,3,1.9500000000000002
2238,Billing,2,Human,11,Yes,5,1,Medium,Yes,0.455,2,1.255
2239,HR,1,AI,60,Yes,2,2,High,No,0.033,3,1.4000000000000001
2240,Billing,5,AI,58,Yes,5,3,Low,No,0.086,1,2.99
2241,Technical,1,AI,15,Yes,1,2,Low,Yes,0.067,1,0.975
2242,Billing,1,AI,29,Yes,2,0,Low,No,0.069,1,0.645
2243,HR,1,Human,59,Yes,2,3,High,No,0.034,3,1.5950000000000002
2244,Technical,4,Human,43,Yes,1,1,Medium,No,0.023,2,2.2150000000000003
2245,Technical,2,AI,19,Yes,1,1,Low,Yes,0.053,1,1.195
2246,Customer Support,4,Human,10,No,5,0,Medium,No,0.5,2,1.85
2247,Billing,4,Human,8,Yes,2,1,Medium,No,0.25,2,2.04
2248,Technical,2,Human,42,Yes,3,2,High,No,0.071,3,1.7100000000000002
2249,Technical,5,AI,24,Yes,5,2,Low,No,0.208,1,2.62
2250,Technical,2,Human,32,Yes,4,0,Low,No,0.125,1,1.06
2251,HR,4,Human,45,Yes,3,3,Medium,No,0.067,2,2.6250000000000004
2252,Billing,2,AI,32,Yes,5,0,Low,No,0.156,1,1.06
2253,Technical,3,Human,9,No,5,3,High,No,0.556,3,2.1450000000000005
2254,Billing,4,Human,33,No,3,1,Medium,No,0.091,2,2.165
2255,Technical,4,Human,9,Yes,1,1,High,No,0.111,3,2.145
2256,Customer Support,2,AI,54,Yes,5,0,Low,No,0.093,1,1.1700000000000002
2257,Billing,3,AI,57,Yes,2,2,Low,No,0.035,1,1.9850000000000003
2258,HR,5,AI,26,Yes,2,1,Low,No,0.077,1,2.43
2259,Billing,3,Human,18,Yes,5,2,High,No,0.278,3,1.9900000000000004
2260,Technical,3,Human,15,Yes,4,3,Low,No,0.267,1,1.9750000000000003
2261,Billing,4,AI,36,Yes,2,3,Low,No,0.056,1,2.48
2262,Technical,5,AI,52,Yes,3,1,Medium,No,0.058,2,2.66
2263,Technical,1,AI,60,Yes,2,1,Low,No,0.033,1,0.9999999999999999
2264,HR,1,AI,52,Yes,5,3,Low,No,0.096,1,1.3600000000000003
2265,Technical,2,Human,44,Yes,2,0,Medium,No,0.045,2,1.22
2266,Customer Support,2,AI,37,Yes,5,0,High,No,0.135,3,1.2850000000000001
2267,Customer Support,4,Human,8,Yes,1,3,Medium,No,0.125,2,2.4400000000000004
2268,Technical,1,Human,42,No,1,2,High,No,0.024,3,1.31
2269,HR,4,Human,56,Yes,2,2,Medium,No,0.036,2,2.4800000000000004
2270,HR,1,Human,16,Yes,3,3,High,Yes,0.188,3,1.3800000000000001
2271,HR,5,Human,8,No,2,3,Low,No,0.25,1,2.74
2272,Customer Support,4,Human,18,Yes,1,3,Medium,No,0.056,2,2.49
2273,Customer Support,1,Human,53,Yes,2,0,High,No,0.038,3,0.9650000000000001
2274,HR,4,Human,26,Yes,3,2,Medium,No,0.115,2,2.33
2275,Billing,2,Human,7,Yes,5,1,Low,Yes,0.714,1,1.1350000000000002
2276,HR,2,AI,47,Yes,2,3,Medium,No,0.043,2,1.8350000000000002
2277,Billing,4,AI,56,No,5,3,Low,No,0.089,1,2.5800000000000005
2278,Customer Support,4,AI,54,No,2,3,High,No,0.037,3,2.7700000000000005
2279,Billing,3,AI,44,No,2,0,Medium,No,0.045,2,1.62
2280,Billing,2,AI,24,Yes,1,3,Low,No,0.042,1,1.62
2281,Billing,4,AI,48,Yes,5,3,Medium,No,0.104,2,2.6400000000000006
2282,Customer Support,1,Human,38,Yes,3,0,High,No,0.079,3,0.89
2283,Customer Support,3,Human,31,Yes,2,0,High,No,0.065,3,1.6550000000000002
2284,Customer Support,1,AI,31,No,2,3,High,No,0.065,3,1.4550000000000003
2285,Billing,3,Human,5,Yes,2,0,Low,No,0.4,1,1.3250000000000002
2286,Technical,3,Human,53,Yes,1,1,Medium,No,0.019,2,1.865
2287,Customer Support,2,Human,12,Yes,5,0,Medium,Yes,0.417,2,1.06
2288,Customer Support,4,Human,22,Yes,5,1,Low,No,0.227,1,2.01
2289,Technical,5,AI,39,Yes,3,0,High,No,0.077,3,2.495
2290,Customer Support,2,Human,8,Yes,2,2,High,Yes,0.25,3,1.5400000000000003
2291,Technical,3,Human,21,Yes,2,0,Medium,No,0.095,2,1.5050000000000001
2292,HR,4,Human,55,Yes,1,0,High,No,0.018,3,2.175
2293,Customer Support,3,AI,29,Yes,3,2,Low,No,0.103,1,1.8450000000000002
2294,Billing,4,AI,23,Yes,2,3,Low,No,0.087,1,2.4150000000000005
2295,Billing,3,AI,39,Yes,5,0,High,No,0.128,3,1.6950000000000003
2296,Billing,3,AI,26,Yes,1,3,Medium,No,0.038,2,2.1300000000000003
2297,HR,2,AI,23,Yes,4,2,High,No,0.174,3,1.615
2298,Customer Support,3,Human,58,Yes,4,2,Low,No,0.069,1,1.9900000000000002
2299,HR,2,AI,60,Yes,1,0,Low,No,0.017,1,1.2000000000000002
2300,Billing,5,AI,54,Yes,1,2,High,No,0.019,3,2.9699999999999998
2301,HR,4,Human,57,Yes,1,1,Medium,No,0.018,2,2.285
2302,Technical,5,Human,23,Yes,5,3,Low,No,0.217,1,2.8150000000000004
2303,Technical,1,AI,55,Yes,3,1,Low,No,0.055,1,0.975
2304,HR,1,Human,31,Yes,2,0,Low,No,0.065,1,0.655
2305,Billing,3,AI,31,Yes,3,3,Medium,No,0.097,2,2.1550000000000002
2306,Billing,2,AI,34,Yes,5,0,High,No,0.147,3,1.27
2307,Billing,5,Human,19,Yes,4,1,Medium,No,0.211,2,2.4950000000000006
2308,Technical,4,AI,39,Yes,2,0,Low,No,0.051,1,1.8950000000000002
2309,HR,1,Human,33,No,5,0,Medium,No,0.152,2,0.7650000000000001
2310,HR,5,AI,15,Yes,2,3,Low,No,0.133,1,2.7750000000000004
2311,HR,3,Human,5,No,4,3,High,No,0.8,3,2.125
2312,HR,5,AI,30,Yes,1,3,High,No,0.033,3,3.05
2313,Customer Support,3,Human,17,Yes,4,3,Medium,No,0.235,2,2.0850000000000004
2314,Technical,4,AI,57,Yes,3,1,Medium,No,0.053,2,2.285
2315,Billing,5,Human,18,Yes,3,3,High,No,0.167,3,2.99
2316,Customer Support,1,Human,6,Yes,5,1,Medium,Yes,0.833,2,0.8300000000000001
2317,Technical,1,AI,23,Yes,3,2,Low,No,0.13,1,1.0150000000000001
2318,Billing,3,Human,41,Yes,1,1,Medium,No,0.024,2,1.8050000000000002
2319,Technical,4,Human,32,Yes,3,2,Low,No,0.094,1,2.2600000000000002
2320,Technical,1,AI,32,Yes,1,2,Low,No,0.031,1,1.06
2321,Billing,2,Human,21,Yes,3,2,High,No,0.143,3,1.6050000000000002
2322,HR,4,Human,42,Yes,5,0,Low,No,0.119,1,1.9100000000000001
2323,HR,2,AI,17,Yes,3,0,Low,Yes,0.176,1,0.985
2324,Technical,3,Human,52,Yes,1,0,Medium,No,0.019,2,1.6600000000000001
2325,Technical,1,AI,7,Yes,1,1,High,Yes,0.143,3,0.935
2326,Customer Support,5,Human,50,Yes,4,0,High,No,0.08,3,2.55
2327,HR,1,AI,21,Yes,5,0,High,No,0.238,3,0.805
2328,HR,5,AI,21,Yes,1,3,High,No,0.048,3,3.005
2329,Billing,1,AI,20,Yes,2,1,Low,Yes,0.1,1,0.7999999999999999
2330,Technical,1,Human,60,Yes,2,0,High,No,0.033,3,1.0
2331,Customer Support,5,AI,60,Yes,4,2,Low,No,0.067,1,2.8
2332,HR,4,Human,14,Yes,3,3,High,No,0.214,3,2.5700000000000003
2333,Billing,5,Human,6,Yes,5,1,High,No,0.833,3,2.5300000000000002
2334,Customer Support,5,AI,38,Yes,1,0,Medium,No,0.026,2,2.39
2335,Technical,2,AI,29,Yes,2,1,Medium,No,0.069,2,1.345
2336,Customer Support,3,AI,13,Yes,5,3,Medium,No,0.385,2,2.0650000000000004
2337,HR,4,AI,17,Yes,2,1,Medium,No,0.118,2,2.085
2338,Customer Support,3,AI,19,Yes,2,1,High,No,0.105,3,1.7950000000000002
2339,Billing,5,AI,5,Yes,2,0,Low,No,0.4,1,2.125
2340,Customer Support,5,AI,54,Yes,5,2,Low,No,0.093,1,2.77
2341,HR,5,AI,16,Yes,1,1,High,No,0.062,3,2.58
2342,Customer Support,2,Human,50,Yes,3,1,Medium,No,0.06,2,1.45
2343,Technical,4,Human,28,Yes,4,0,Low,No,0.143,1,1.84
2344,Technical,1,AI,19,Yes,4,0,Low,Yes,0.211,1,0.595
2345,HR,1,AI,50,No,1,0,Medium,No,0.02,2,0.8500000000000001
2346,Billing,4,Human,46,Yes,1,0,Low,No,0.022,1,1.9300000000000002
2347,Billing,1,AI,8,Yes,2,2,Low,Yes,0.25,1,0.9400000000000001
2348,HR,2,Human,24,Yes,1,2,Low,No,0.042,1,1.4200000000000002
2349,Customer Support,5,Human,42,Yes,3,1,Low,No,0.071,1,2.5100000000000002
2350,Billing,1,AI,12,Yes,5,2,High,Yes,0.417,3,1.1600000000000001
2351,Customer Support,4,AI,55,Yes,3,1,Low,No,0.055,1,2.1750000000000003
2352,Customer Support,3,Human,42,Yes,4,3,Low,No,0.095,1,2.1100000000000003
2353,HR,1,Human,53,Yes,5,3,Low,No,0.094,1,1.3650000000000002
2354,Billing,2,Human,9,Yes,2,1,Medium,Yes,0.222,2,1.245
2355,Technical,5,Human,23,Yes,4,2,Medium,No,0.174,2,2.7150000000000003
2356,Customer Support,2,AI,58,Yes,5,0,Medium,No,0.086,2,1.29
2357,HR,1,AI,17,Yes,1,3,Medium,Yes,0.059,2,1.285
2358,Technical,4,AI,38,Yes,5,1,Low,No,0.132,1,2.09
2359,Technical,1,Human,43,Yes,3,3,Medium,No,0.07,2,1.415
2360,Billing,1,AI,58,Yes,3,2,Low,No,0.052,1,1.19
2361,Billing,4,Human,21,Yes,2,1,Low,No,0.095,1,2.005
2362,Customer Support,5,AI,30,Yes,3,3,High,No,0.1,3,3.05
2363,HR,1,AI,45,Yes,4,2,Low,No,0.089,1,1.125
2364,Customer Support,5,Human,34,Yes,5,2,Medium,No,0.147,2,2.77
2365,Billing,2,AI,43,Yes,2,2,High,No,0.047,3,1.715
2366,Technical,4,Human,33,Yes,3,0,High,No,0.091,3,2.0650000000000004
2367,HR,3,Human,41,Yes,2,1,High,No,0.049,3,1.9050000000000002
2368,HR,1,Human,53,Yes,1,1,High,No,0.019,3,1.165
2369,HR,5,Human,31,Yes,1,0,High,No,0.032,3,2.455
2370,Billing,5,AI,54,Yes,5,1,High,No,0.093,3,2.7700000000000005
2371,Technical,3,Human,13,Yes,2,1,High,No,0.154,3,1.7650000000000001
2372,Billing,1,AI,60,Yes,4,0,Low,No,0.067,1,0.7999999999999999
2373,Customer Support,3,Human,29,Yes,3,3,Medium,No,0.103,2,2.1450000000000005
2374,HR,1,Human,56,Yes,3,2,High,No,0.054,3,1.3800000000000001
2375,Billing,4,Human,31,No,2,3,High,No,0.065,3,2.6550000000000002
2376,Billing,4,AI,44,Yes,5,2,Medium,No,0.114,2,2.4200000000000004
2377,Technical,2,Human,20,No,3,1,Medium,Yes,0.15,2,1.3
2378,Billing,1,Human,33,Yes,4,1,Low,No,0.121,1,0.8650000000000001
2379,Technical,5,AI,22,Yes,3,0,Low,No,0.136,1,2.21
2380,HR,5,Human,30,Yes,3,0,Medium,No,0.1,2,2.35
2381,Billing,3,AI,15,Yes,1,3,Medium,No,0.067,2,2.075
2382,Technical,3,Human,29,No,5,1,Medium,No,0.172,2,1.745
2383,Technical,3,AI,8,Yes,5,0,Low,No,0.625,1,1.3400000000000003
2384,Billing,2,AI,8,Yes,3,1,High,Yes,0.375,3,1.34
2385,HR,5,Human,33,Yes,2,2,High,No,0.061,3,2.865
2386,Technical,1,Human,7,Yes,4,3,Low,Yes,0.571,1,1.1350000000000002
2387,Billing,1,AI,40,Yes,2,2,High,No,0.05,3,1.3
2388,Technical,1,Human,30,Yes,3,1,Medium,No,0.1,2,0.95
2389,Customer Support,2,AI,22,Yes,2,2,Low,No,0.091,1,1.4100000000000001
2390,HR,1,AI,43,Yes,5,0,Low,No,0.116,1,0.715
2391,Customer Support,5,AI,59,No,2,2,Low,No,0.034,1,2.795
2392,HR,4,AI,40,Yes,5,1,Medium,No,0.125,2,2.2
2393,Technical,1,Human,47,Yes,1,3,Medium,No,0.021,2,1.435
2394,Customer Support,5,Human,60,Yes,2,3,Low,No,0.033,1,3.0
2395,Billing,5,AI,51,Yes,1,1,Medium,No,0.02,2,2.6550000000000002
2396,Billing,4,Human,54,Yes,1,2,Low,No,0.019,1,2.37
2397,Customer Support,2,Human,57,Yes,4,2,Low,No,0.07,1,1.585
2398,HR,4,AI,35,Yes,1,3,Medium,No,0.029,2,2.575
2399,Billing,5,Human,7,No,2,2,High,No,0.286,3,2.7350000000000003
2400,Billing,4,Human,40,Yes,5,2,Medium,No,0.125,2,2.4000000000000004
2401,Customer Support,3,Human,37,Yes,3,1,High,No,0.081,3,1.8850000000000002
2402,Billing,5,AI,8,Yes,4,2,Medium,No,0.5,2,2.64
2403,HR,5,AI,6,Yes,3,2,High,No,0.5,3,2.7299999999999995
2404,Billing,5,AI,54,Yes,4,2,Medium,No,0.074,2,2.87
2405,Technical,5,Human,6,Yes,5,2,Low,No,0.833,1,2.53
2406,Customer Support,2,AI,30,Yes,1,2,Medium,No,0.033,2,1.55
2407,Technical,4,AI,5,Yes,5,1,Medium,No,1.0,2,2.025
2408,Customer Support,5,AI,58,Yes,5,3,High,No,0.086,3,3.1900000000000004
2409,HR,2,AI,7,Yes,5,0,Medium,Yes,0.714,2,1.0350000000000001
2410,Customer Support,4,AI,49,No,5,2,Medium,No,0.102,2,2.4450000000000003
2411,Technical,3,Human,17,Yes,4,2,High,No,0.235,3,1.985
2412,HR,4,Human,59,Yes,1,2,Medium,No,0.017,2,2.495
2413,Customer Support,5,Human,27,Yes,5,2,Low,No,0.185,1,2.635
2414,Customer Support,3,Human,38,Yes,5,0,Low,No,0.132,1,1.4900000000000002
2415,Customer Support,1,Human,49,Yes,2,3,Medium,No,0.041,2,1.445
2416,Customer Support,4,AI,21,Yes,4,2,Medium,No,0.19,2,2.305
2417,Customer Support,3,Human,38,Yes,2,1,Low,No,0.053,1,1.6900000000000002
2418,Customer Support,3,Human,22,Yes,3,2,Low,No,0.136,1,1.81
2419,Technical,1,AI,48,Yes,5,1,Low,No,0.104,1,0.9400000000000001
2420,Technical,4,Human,8,Yes,4,1,High,No,0.5,3,2.14
2421,Billing,1,Human,41,Yes,5,2,High,No,0.122,3,1.305
2422,Billing,3,Human,34,Yes,2,1,High,No,0.059,3,1.87
2423,Technical,2,Human,45,No,4,0,High,No,0.089,3,1.325
2424,Customer Support,5,Human,57,Yes,1,2,Medium,No,0.018,2,2.8850000000000002
2425,HR,3,AI,56,Yes,5,2,Medium,No,0.089,2,2.0800000000000005
2426,HR,1,AI,60,Yes,5,0,High,No,0.083,3,1.0
2427,Technical,2,Human,56,Yes,2,1,Medium,No,0.036,2,1.48
2428,Billing,4,Human,57,Yes,5,0,Medium,No,0.088,2,2.085
2429,HR,2,Human,28,Yes,3,3,High,No,0.107,3,1.84
2430,Technical,4,Human,29,Yes,2,2,High,No,0.069,3,2.4450000000000003
2431,Billing,2,Human,52,Yes,1,0,Medium,No,0.019,2,1.26
2432,Customer Support,2,Human,45,Yes,1,1,Low,No,0.022,1,1.325
2433,Technical,2,Human,42,Yes,2,0,Low,No,0.048,1,1.11
2434,Billing,4,Human,54,Yes,3,1,Medium,No,0.056,2,2.2700000000000005
2435,Customer Support,4,AI,53,Yes,5,2,Medium,No,0.094,2,2.4650000000000003
2436,Customer Support,2,Human,9,Yes,2,1,Low,Yes,0.222,1,1.1450000000000002
2437,Technical,3,Human,58,No,3,3,Low,No,0.052,1,2.1900000000000004
2438,HR,2,AI,32,Yes,2,2,High,No,0.062,3,1.6600000000000001
2439,Technical,2,AI,11,Yes,1,0,High,Yes,0.091,3,1.155
2440,Customer Support,5,AI,12,Yes,5,2,Low,No,0.417,1,2.56
2441,Customer Support,1,Human,6,Yes,1,3,Medium,Yes,0.167,2,1.2300000000000002
2442,HR,1,AI,18,Yes,1,2,Medium,Yes,0.056,2,1.09
2443,Technical,2,Human,60,Yes,3,2,Low,No,0.05,1,1.6
2444,HR,2,AI,59,Yes,2,2,Medium,No,0.034,2,1.695
2445,Technical,2,AI,55,Yes,2,3,Low,No,0.036,1,1.7750000000000001
2446,HR,4,Human,52,Yes,1,0,Low,No,0.019,1,1.9600000000000002
2447,HR,5,Human,11,No,4,1,Medium,No,0.364,2,2.4550000000000005
2448,Technical,4,Human,42,Yes,2,0,Low,No,0.048,1,1.9100000000000001
2449,HR,1,Human,12,Yes,3,3,High,Yes,0.25,3,1.36
2450,Technical,2,AI,53,Yes,4,2,High,No,0.075,3,1.765
2451,Customer Support,3,Human,13,Yes,1,3,Low,No,0.077,1,1.9650000000000003
2452,Technical,4,AI,56,No,3,2,Medium,No,0.054,2,2.4800000000000004
2453,HR,4,AI,36,Yes,4,1,High,No,0.111,3,2.2800000000000002
2454,Billing,3,Human,38,Yes,5,2,Medium,No,0.132,2,1.99
2455,Customer Support,4,AI,24,Yes,1,3,Low,No,0.042,1,2.4200000000000004
2456,Technical,5,Human,40,Yes,4,3,High,No,0.1,3,3.1000000000000005
2457,Customer Support,5,Human,12,Yes,2,3,Low,No,0.167,1,2.7600000000000002
2458,Technical,1,Human,28,Yes,4,3,Medium,No,0.143,2,1.34
2459,Technical,4,Human,17,Yes,5,3,Medium,No,0.294,2,2.4850000000000003
2460,Billing,2,Human,9,Yes,2,2,Low,Yes,0.222,1,1.3450000000000002
2461,Billing,4,AI,58,Yes,3,2,Medium,No,0.052,2,2.49
2462,Billing,1,AI,58,Yes,5,1,Medium,No,0.086,2,1.0899999999999999
2463,HR,2,Human,41,Yes,5,3,Low,No,0.122,1,1.7050000000000003
2464,Billing,1,AI,38,Yes,1,2,High,No,0.026,3,1.29
2465,Technical,4,AI,52,Yes,1,2,High,No,0.019,3,2.5600000000000005
2466,Billing,4,Human,27,Yes,1,3,Low,No,0.037,1,2.435
2467,HR,4,AI,54,Yes,5,0,High,No,0.093,3,2.17
2468,Technical,2,Human,56,Yes,3,1,Medium,No,0.054,2,1.48
2469,Customer Support,2,AI,40,Yes,4,3,High,No,0.1,3,1.9000000000000001
2470,Customer Support,2,AI,48,Yes,5,1,Low,No,0.104,1,1.34
2471,Billing,2,Human,21,Yes,3,0,Low,No,0.143,1,1.0050000000000001
2472,HR,3,AI,18,Yes,4,0,Medium,No,0.222,2,1.4900000000000002
2473,Customer Support,3,Human,28,Yes,3,1,Low,No,0.107,1,1.6400000000000001
2474,Customer Support,2,AI,13,Yes,2,1,Low,Yes,0.154,1,1.165
2475,HR,4,AI,33,Yes,5,1,High,No,0.152,3,2.265
2476,HR,3,Human,19,Yes,4,3,High,No,0.211,3,2.1950000000000003
2477,Billing,2,Human,14,Yes,4,0,Low,Yes,0.286,1,0.97
2478,HR,2,AI,17,Yes,3,1,Low,Yes,0.176,1,1.185
2479,Technical,1,Human,24,Yes,4,0,Low,No,0.167,1,0.62
2480,Customer Support,3,AI,60,Yes,4,1,High,No,0.067,3,2.0
2481,Customer Support,4,Human,39,Yes,1,2,Low,No,0.026,1,2.2950000000000004
2482,Technical,2,Human,26,Yes,4,1,Medium,No,0.154,2,1.33
2483,HR,2,AI,8,Yes,3,1,High,Yes,0.375,3,1.34
2484,Customer Support,1,Human,35,Yes,5,3,Low,No,0.143,1,1.2750000000000004
2485,Technical,4,AI,57,Yes,1,2,High,No,0.018,3,2.585
2486,Technical,1,Human,44,Yes,1,0,Medium,No,0.023,2,0.8200000000000001
2487,Technical,3,AI,27,Yes,3,3,Medium,No,0.111,2,2.1350000000000002
2488,HR,2,Human,16,Yes,5,2,Medium,Yes,0.312,2,1.48
2489,Customer Support,3,Human,16,Yes,4,1,High,No,0.25,3,1.7800000000000002
2490,HR,2,AI,46,Yes,4,1,High,No,0.087,3,1.53
2491,HR,4,Human,46,No,1,3,High,No,0.022,3,2.7300000000000004
2492,HR,4,Human,24,Yes,3,3,Low,No,0.125,1,2.4200000000000004
2493,Billing,5,Human,36,Yes,5,3,Low,No,0.139,1,2.8800000000000003
2494,Technical,5,AI,17,Yes,5,1,High,No,0.294,3,2.585
2495,Customer Support,3,AI,46,Yes,3,1,Medium,No,0.065,2,1.83
2496,HR,4,Human,60,Yes,4,0,Low,No,0.067,1,2.0
2497,Customer Support,4,AI,59,Yes,1,0,High,No,0.017,3,2.1950000000000003
2498,Customer Support,4,Human,31,Yes,5,0,Medium,No,0.161,2,1.955
2499,Customer Support,2,AI,33,Yes,2,3,Medium,No,0.061,2,1.7650000000000001
2500,Customer Support,2,Human,11,Yes,2,1,High,Yes,0.182,3,1.355
2501,HR,4,Human,45,Yes,5,2,High,No,0.111,3,2.5250000000000004
2502,Technical,4,Human,54,Yes,3,0,High,No,0.056,3,2.17
2503,Technical,2,AI,5,Yes,1,3,Low,Yes,0.2,1,1.5250000000000004
2504,Billing,4,Human,11,Yes,3,2,Medium,No,0.273,2,2.2550000000000003
2505,Customer Support,2,Human,48,Yes,2,2,Low,No,0.042,1,1.54
2506,Billing,2,Human,39,Yes,2,1,High,No,0.051,3,1.495
2507,Customer Support,3,Human,21,Yes,3,2,High,No,0.143,3,2.005
2508,Customer Support,4,AI,40,Yes,2,1,Low,No,0.05,1,2.1
2509,Technical,1,Human,15,Yes,3,3,High,Yes,0.2,3,1.3750000000000002
2510,Billing,2,AI,56,Yes,5,3,Low,No,0.089,1,1.7800000000000002
2511,Technical,1,AI,57,Yes,1,1,Medium,No,0.018,2,1.085
2512,Customer Support,3,Human,38,Yes,5,2,Medium,No,0.132,2,1.99
2513,Technical,5,Human,11,Yes,1,3,Medium,No,0.091,2,2.8550000000000004
2514,Customer Support,2,AI,5,Yes,2,0,High,Yes,0.4,3,1.125
2515,HR,5,AI,24,Yes,2,2,Low,No,0.083,1,2.62
2516,Customer Support,5,AI,35,Yes,2,0,Medium,No,0.057,2,2.375
2517,Customer Support,4,AI,57,Yes,5,1,Low,No,0.088,1,2.185
2518,Customer Support,2,AI,31,Yes,3,3,Low,No,0.097,1,1.6550000000000002
2519,HR,4,Human,23,Yes,2,1,Medium,No,0.087,2,2.115
2520,HR,5,AI,20,Yes,4,2,Low,No,0.2,1,2.6
2521,Customer Support,1,Human,15,Yes,5,0,High,Yes,0.333,3,0.7750000000000001
2522,HR,2,AI,11,Yes,5,2,Medium,Yes,0.455,2,1.4549999999999998
2523,Billing,2,AI,57,Yes,1,3,Medium,No,0.018,2,1.885
2524,HR,4,Human,43,No,2,1,High,No,0.047,3,2.3150000000000004
2525,Billing,3,AI,11,Yes,3,1,Low,No,0.273,1,1.5550000000000002
2526,Billing,2,Human,33,Yes,4,0,Medium,No,0.121,2,1.165
2527,Technical,4,Human,53,Yes,1,1,Low,No,0.019,1,2.165
2528,HR,5,AI,46,Yes,2,2,High,No,0.043,3,2.9299999999999997
2529,HR,2,Human,26,Yes,1,1,Low,No,0.038,1,1.2300000000000002
2530,HR,3,AI,34,Yes,2,2,Low,No,0.059,1,1.87
2531,Customer Support,1,AI,9,Yes,5,1,Medium,Yes,0.556,2,0.845
2532,Billing,1,AI,32,Yes,1,0,Low,No,0.031,1,0.66
2533,HR,5,AI,11,No,1,0,Medium,No,0.091,2,2.2550000000000003
2534,Billing,3,AI,8,Yes,1,3,Medium,No,0.125,2,2.0400000000000005
2535,Customer Support,2,Human,44,Yes,1,1,Medium,No,0.023,2,1.42
2536,Customer Support,3,AI,5,Yes,4,0,Low,No,0.8,1,1.3250000000000002
2537,HR,5,Human,7,Yes,3,3,High,No,0.429,3,2.9350000000000005
2538,HR,5,AI,18,No,3,3,High,No,0.167,3,2.99
2539,Customer Support,3,AI,12,Yes,3,2,Low,No,0.25,1,1.7600000000000002
2540,Billing,4,AI,37,Yes,4,2,Low,No,0.108,1,2.285
2541,Customer Support,5,AI,27,Yes,1,1,High,No,0.037,3,2.635
2542,Technical,3,AI,18,Yes,4,0,Low,No,0.222,1,1.3900000000000003
2543,HR,4,AI,58,Yes,4,1,High,No,0.069,3,2.3900000000000006
2544,HR,4,Human,23,Yes,5,0,Medium,No,0.217,2,1.915
2545,Technical,2,Human,36,Yes,1,3,Low,No,0.028,1,1.6800000000000002
2546,Customer Support,2,Human,43,Yes,3,3,Medium,No,0.07,2,1.8150000000000002
2547,HR,3,Human,40,Yes,4,2,Low,No,0.1,1,1.9000000000000004
2548,Billing,4,AI,9,Yes,1,0,High,No,0.111,3,1.945
2549,Billing,5,Human,34,Yes,5,3,Medium,No,0.147,2,2.97
2550,HR,2,AI,25,Yes,2,0,Medium,No,0.08,2,1.125
2551,Customer Support,1,AI,17,No,2,3,High,Yes,0.118,3,1.385
2552,Billing,2,Human,13,Yes,2,3,Low,Yes,0.154,1,1.5650000000000002
2553,HR,2,AI,58,Yes,1,3,High,No,0.017,3,1.9900000000000002
2554,Billing,1,AI,34,Yes,1,3,Low,No,0.029,1,1.2700000000000002
2555,HR,4,AI,45,Yes,3,1,High,No,0.067,3,2.325
2556,HR,2,AI,45,Yes,2,2,Low,No,0.044,1,1.525
2557,HR,5,Human,32,Yes,4,1,Medium,No,0.125,2,2.5600000000000005
2558,Customer Support,5,Human,36,Yes,2,2,High,No,0.056,3,2.88
2559,HR,4,AI,56,Yes,4,2,Low,No,0.071,1,2.3800000000000003
2560,Billing,4,Human,26,Yes,2,0,Medium,No,0.077,2,1.93
2561,Billing,2,Human,14,Yes,2,1,Low,Yes,0.143,1,1.1700000000000002
2562,Customer Support,2,Human,52,No,4,0,High,No,0.077,3,1.36
2563,Customer Support,1,Human,8,No,1,3,Medium,Yes,0.125,2,1.24
2564,Technical,4,Human,31,Yes,5,3,Low,No,0.161,1,2.4550000000000005
2565,Customer Support,4,AI,57,Yes,1,0,Medium,No,0.018,2,2.085
2566,Technical,3,Human,14,Yes,2,2,Low,No,0.143,1,1.7700000000000005
2567,Customer Support,5,AI,48,Yes,5,0,High,No,0.104,3,2.54
2568,Technical,1,Human,47,Yes,5,0,Medium,No,0.106,2,0.835
2569,Customer Support,5,Human,12,Yes,4,0,Low,No,0.333,1,2.16
2570,Customer Support,5,Human,17,Yes,1,0,High,No,0.059,3,2.385
2571,Billing,3,AI,39,Yes,4,1,High,No,0.103,3,1.8950000000000002
2572,Customer Support,5,AI,26,Yes,5,0,Medium,No,0.192,2,2.33
2573,Technical,3,Human,57,No,2,0,Low,No,0.035,1,1.5850000000000002
2574,Technical,2,AI,29,Yes,1,1,Medium,No,0.034,2,1.345
2575,Customer Support,2,AI,25,Yes,1,1,Medium,No,0.04,2,1.325
2576,Technical,1,Human,17,No,3,2,Low,Yes,0.176,1,0.985
2577,Billing,3,Human,28,Yes,5,3,High,No,0.179,3,2.24
2578,HR,1,Human,34,Yes,2,0,Low,No,0.059,1,0.67
2579,Technical,2,Human,13,Yes,3,1,Medium,Yes,0.231,2,1.265
2580,Technical,2,AI,11,Yes,4,2,High,Yes,0.364,3,1.555
2581,Technical,4,Human,55,Yes,2,3,High,No,0.036,3,2.7750000000000004
2582,Customer Support,3,Human,53,Yes,2,3,Low,No,0.038,1,2.1650000000000005
2583,Customer Support,4,AI,60,Yes,3,0,High,No,0.05,3,2.2
2584,Customer Support,5,Human,22,No,4,2,Medium,No,0.182,2,2.71
2585,Billing,4,Human,47,Yes,5,1,Low,No,0.106,1,2.1350000000000002
2586,HR,4,Human,43,Yes,2,1,High,No,0.047,3,2.3150000000000004
2587,Billing,4,AI,9,Yes,5,2,Low,No,0.556,1,2.145
2588,HR,4,AI,20,Yes,2,1,Medium,No,0.1,2,2.1
2589,Technical,5,Human,57,Yes,1,1,Medium,No,0.018,2,2.6850000000000005
2590,Billing,1,Human,6,Yes,4,1,High,Yes,0.667,3,0.9300000000000002
2591,Customer Support,5,Human,15,Yes,4,1,Medium,No,0.267,2,2.4750000000000005
2592,Technical,2,Human,17,Yes,3,3,Medium,Yes,0.176,2,1.685
2593,Billing,1,Human,60,Yes,3,2,Medium,No,0.05,2,1.3
2594,Billing,5,Human,29,Yes,4,3,Low,No,0.138,1,2.845
2595,Billing,2,AI,38,Yes,4,2,Medium,No,0.105,2,1.59
2596,Technical,5,AI,7,Yes,1,1,Low,No,0.143,1,2.3350000000000004
2597,Customer Support,3,AI,17,Yes,5,0,Medium,No,0.294,2,1.485
2598,Technical,3,Human,5,No,4,0,Medium,No,0.8,2,1.425
2599,HR,2,Human,16,Yes,2,0,Low,Yes,0.125,1,0.98
2600,HR,3,Human,24,Yes,3,1,Medium,No,0.125,2,1.7200000000000002
2601,Customer Support,1,AI,12,Yes,2,1,High,Yes,0.167,3,0.9600000000000001
2602,Customer Support,3,Human,35,Yes,2,3,Low,No,0.057,1,2.075
2603,Customer Support,4,Human,56,Yes,5,0,High,No,0.089,3,2.18
2604,Billing,5,Human,52,Yes,5,0,Medium,No,0.096,2,2.46
2605,Billing,4,Human,34,Yes,3,1,Medium,No,0.088,2,2.17
2606,HR,2,AI,18,Yes,2,0,Low,Yes,0.111,1,0.99
2607,Billing,4,Human,15,No,2,3,Medium,No,0.133,2,2.4750000000000005
2608,Billing,1,Human,26,Yes,3,0,Low,No,0.115,1,0.63
2609,Customer Support,2,Human,28,Yes,2,3,Low,No,0.071,1,1.6400000000000001
2610,Customer Support,2,AI,57,Yes,1,3,Low,No,0.018,1,1.7850000000000001
2611,HR,4,Human,29,Yes,3,1,Low,No,0.103,1,2.045
2612,Billing,1,Human,44,Yes,2,1,Low,No,0.045,1,0.92
2613,Customer Support,4,Human,31,Yes,1,2,Low,No,0.032,1,2.2550000000000003
2614,Technical,3,Human,46,Yes,2,3,High,No,0.043,3,2.33
2615,Billing,5,AI,34,Yes,4,1,High,No,0.118,3,2.67
2616,Customer Support,5,AI,28,Yes,2,3,Medium,No,0.071,2,2.9400000000000004
2617,Billing,1,AI,34,Yes,1,2,Low,No,0.029,1,1.07
2618,Billing,3,Human,50,Yes,4,0,High,No,0.08,3,1.7500000000000002
2619,Technical,2,AI,37,Yes,5,2,High,No,0.135,3,1.6850000000000003
2620,Billing,5,Human,51,Yes,1,0,Low,No,0.02,1,2.355
2621,Technical,3,AI,14,Yes,5,1,High,No,0.357,3,1.7700000000000002
2622,Billing,2,AI,22,Yes,5,2,Medium,No,0.227,2,1.51
2623,Technical,5,AI,38,No,4,3,Medium,No,0.105,2,2.99
2624,Customer Support,1,AI,29,Yes,1,2,Low,No,0.034,1,1.0450000000000002
2625,Customer Support,4,Human,45,Yes,3,2,Low,No,0.067,1,2.325
2626,Customer Support,1,AI,60,Yes,5,2,High,No,0.083,3,1.4000000000000001
2627,HR,2,AI,10,Yes,2,3,Medium,Yes,0.2,2,1.6500000000000001
2628,Customer Support,1,Human,17,Yes,5,3,High,Yes,0.294,3,1.385
2629,Billing,2,Human,58,Yes,3,3,High,No,0.052,3,1.9900000000000002
2630,HR,1,Human,37,Yes,2,1,Low,No,0.054,1,0.8849999999999999
2631,Billing,2,Human,50,Yes,2,3,Low,No,0.04,1,1.7500000000000002
2632,HR,3,Human,40,Yes,4,3,Medium,No,0.1,2,2.2
2633,HR,4,Human,22,Yes,3,1,Medium,No,0.136,2,2.11
2634,Billing,5,Human,48,Yes,1,2,Medium,No,0.021,2,2.8400000000000003
2635,Technical,4,Human,9,Yes,4,0,Medium,No,0.444,2,1.845
2636,HR,2,Human,59,No,5,1,Low,No,0.085,1,1.395
2637,Billing,4,Human,51,Yes,1,0,Medium,No,0.02,2,2.055
2638,HR,1,Human,35,Yes,3,3,Low,No,0.086,1,1.2750000000000004
2639,Customer Support,3,AI,47,Yes,5,0,Low,No,0.106,1,1.5350000000000001
2640,Technical,4,Human,54,Yes,5,0,High,No,0.093,3,2.17
2641,Billing,3,Human,30,Yes,2,1,High,No,0.067,3,1.85
2642,HR,1,Human,44,Yes,2,2,Low,No,0.045,1,1.12
2643,HR,3,AI,46,Yes,5,2,High,No,0.109,3,2.13
2644,Technical,2,AI,19,Yes,4,1,Low,Yes,0.211,1,1.195
2645,Technical,4,AI,39,Yes,2,2,Low,No,0.051,1,2.2950000000000004
2646,Technical,1,AI,14,Yes,4,2,High,Yes,0.286,3,1.1700000000000002
2647,Customer Support,5,AI,37,Yes,1,3,Medium,No,0.027,2,2.9850000000000003
2648,Customer Support,3,Human,46,Yes,3,1,Low,No,0.065,1,1.7300000000000002
2649,Customer Support,5,AI,20,Yes,4,1,Medium,No,0.2,2,2.5000000000000004
2650,Billing,2,AI,47,Yes,1,3,Medium,No,0.021,2,1.8350000000000002
2651,HR,5,AI,7,Yes,4,0,High,No,0.571,3,2.335
2652,Technical,1,Human,21,Yes,2,2,High,No,0.095,3,1.205
2653,Customer Support,4,Human,8,Yes,5,1,Low,No,0.625,1,1.9400000000000002
2654,HR,4,Human,9,Yes,2,1,Medium,No,0.222,2,2.045
2655,Billing,4,Human,44,Yes,1,0,Low,No,0.023,1,1.9200000000000002
2656,Customer Support,4,AI,23,Yes,5,1,High,No,0.217,3,2.215
2657,Customer Support,2,AI,43,Yes,5,1,Medium,No,0.116,2,1.415
2658,HR,2,AI,18,Yes,3,1,Low,Yes,0.167,1,1.1900000000000002
2659,Technical,2,Human,55,Yes,4,0,High,No,0.073,3,1.375
2660,Technical,1,AI,6,Yes,2,3,Medium,Yes,0.333,2,1.2300000000000002
2661,Customer Support,5,AI,25,Yes,5,0,Low,No,0.2,1,2.225
2662,Technical,3,Human,8,Yes,2,2,Medium,No,0.25,2,1.84
2663,Technical,2,Human,22,Yes,2,1,High,No,0.091,3,1.4100000000000001
2664,Technical,5,Human,6,Yes,4,0,Medium,No,0.667,2,2.23
2665,Billing,1,AI,12,Yes,2,0,Medium,Yes,0.167,2,0.66
2666,Technical,3,Human,42,Yes,3,1,High,No,0.071,3,1.9100000000000001
2667,HR,2,Human,37,Yes,1,0,Medium,No,0.027,2,1.185
2668,Technical,2,Human,54,Yes,1,2,Medium,No,0.019,2,1.6700000000000002
2669,Billing,3,Human,7,Yes,5,0,Low,No,0.714,1,1.3350000000000002
2670,Technical,5,Human,56,No,3,0,Low,No,0.054,1,2.38
2671,HR,4,Human,30,Yes,2,3,Medium,No,0.067,2,2.5500000000000003
2672,Customer Support,5,AI,32,Yes,1,0,Medium,No,0.031,2,2.3600000000000003
2673,Customer Support,3,Human,15,Yes,3,0,High,No,0.2,3,1.5750000000000002
2674,Customer Support,4,AI,48,Yes,2,2,Low,No,0.042,1,2.3400000000000003
2675,Technical,4,Human,12,Yes,5,1,High,No,0.417,3,2.16
2676,Technical,2,AI,28,Yes,1,0,Medium,No,0.036,2,1.1400000000000001
2677,Technical,2,AI,27,Yes,1,3,High,No,0.037,3,1.8350000000000002
2678,Billing,5,AI,59,Yes,5,2,High,No,0.085,3,2.995
2679,Technical,5,AI,49,Yes,5,1,Medium,No,0.102,2,2.6450000000000005
2680,HR,3,AI,19,Yes,2,2,High,No,0.105,3,1.9950000000000003
2681,Billing,4,AI,53,No,3,2,High,No,0.057,3,2.5650000000000004
2682,Customer Support,2,Human,27,Yes,1,3,Low,No,0.037,1,1.6350000000000002
2683,HR,1,Human,27,Yes,1,3,Low,No,0.037,1,1.2350000000000003
2684,Technical,1,Human,58,Yes,1,0,High,No,0.017,3,0.99
2685,HR,1,AI,52,Yes,3,3,High,No,0.058,3,1.5600000000000003
2686,Customer Support,1,Human,35,Yes,5,3,High,No,0.143,3,1.4750000000000003
2687,Billing,3,AI,28,Yes,1,2,High,No,0.036,3,2.04
2688,Customer Support,2,AI,9,Yes,1,0,Medium,Yes,0.111,2,1.0450000000000002
2689,HR,4,AI,41,Yes,3,1,Medium,No,0.073,2,2.2050000000000005
2690,Technical,1,Human,53,Yes,1,0,Medium,No,0.019,2,0.865
2691,Customer Support,4,AI,33,Yes,5,2,Low,No,0.152,1,2.265
2692,Technical,5,Human,57,Yes,2,0,Low,No,0.035,1,2.3850000000000002
2693,HR,1,AI,59,Yes,2,2,Low,No,0.034,1,1.1950000000000003
2694,Technical,5,AI,23,Yes,3,1,Medium,No,0.13,2,2.5150000000000006
2695,Billing,2,Human,57,Yes,3,3,High,No,0.053,3,1.985
2696,Customer Support,2,AI,55,Yes,4,1,Medium,No,0.073,2,1.4749999999999999
2697,Technical,1,AI,44,Yes,3,3,Medium,No,0.068,2,1.4200000000000002
2698,Customer Support,3,AI,28,Yes,3,3,Low,No,0.107,1,2.04
2699,Billing,1,AI,31,Yes,3,0,High,No,0.097,3,0.8550000000000001
2700,Billing,5,Human,10,Yes,4,3,Low,No,0.4,1,2.75
2701,HR,2,Human,60,Yes,3,3,Medium,No,0.05,2,1.9000000000000001
2702,HR,3,AI,37,Yes,1,3,Medium,No,0.027,2,2.1850000000000005
2703,Technical,5,AI,9,Yes,3,1,Low,No,0.333,1,2.345
2704,Technical,5,AI,60,Yes,3,1,High,No,0.05,3,2.8
2705,HR,5,AI,35,Yes,2,2,Low,No,0.057,1,2.675
2706,Billing,2,AI,34,Yes,3,2,Medium,No,0.088,2,1.57
2707,Technical,5,AI,24,Yes,4,1,Medium,No,0.167,2,2.5200000000000005
2708,Technical,4,Human,54,Yes,3,0,Low,No,0.056,1,1.9700000000000002
2709,Customer Support,1,AI,32,Yes,5,3,Low,No,0.156,1,1.2600000000000002
2710,HR,4,Human,37,Yes,3,1,Medium,No,0.081,2,2.185
2711,Customer Support,1,AI,14,Yes,4,2,Medium,Yes,0.286,2,1.07
2712,Technical,4,Human,37,Yes,5,0,Low,No,0.135,1,1.8850000000000002
2713,Technical,1,Human,59,No,3,2,Medium,No,0.051,2,1.2950000000000002
2714,HR,5,AI,16,Yes,3,1,Medium,No,0.188,2,2.4800000000000004
2715,Billing,3,Human,21,Yes,4,0,High,No,0.19,3,1.6050000000000002
2716,Technical,4,AI,37,Yes,2,1,Low,No,0.054,1,2.085
2717,Billing,3,Human,50,Yes,3,2,Medium,No,0.06,2,2.0500000000000003
2718,Customer Support,1,AI,49,No,5,3,Low,No,0.102,1,1.3450000000000002
2719,Technical,1,AI,32,Yes,2,1,High,No,0.062,3,1.06
2720,Technical,3,Human,14,Yes,2,3,Low,No,0.143,1,1.9700000000000004
2721,HR,4,AI,9,Yes,5,3,Medium,No,0.556,2,2.4450000000000003
2722,Technical,1,AI,27,Yes,3,3,Medium,No,0.111,2,1.3350000000000002
2723,HR,4,Human,10,Yes,1,0,Medium,No,0.1,2,1.85
2724,Customer Support,4,Human,39,Yes,4,2,Medium,No,0.103,2,2.3950000000000005
2725,Technical,5,Human,19,Yes,2,3,Low,No,0.105,1,2.7950000000000004
2726,HR,1,AI,35,Yes,5,3,High,No,0.143,3,1.4750000000000003
2727,Customer Support,3,Human,21,Yes,2,0,High,No,0.095,3,1.6050000000000002
2728,Billing,3,AI,21,Yes,4,0,Medium,No,0.19,2,1.5050000000000001
2729,Technical,2,Human,34,Yes,2,2,Medium,No,0.059,2,1.57
2730,Billing,4,Human,41,Yes,2,2,Low,No,0.049,1,2.305
2731,Customer Support,1,Human,59,Yes,5,2,Low,No,0.085,1,1.1950000000000003
2732,Technical,3,AI,5,Yes,5,0,Medium,No,1.0,2,1.425
2733,Technical,2,Human,51,Yes,5,0,High,No,0.098,3,1.3550000000000002
2734,HR,4,Human,57,Yes,1,1,High,No,0.018,3,2.385
2735,HR,4,AI,32,Yes,4,3,Low,No,0.125,1,2.4600000000000004
2736,Billing,2,Human,34,Yes,4,1,Medium,No,0.118,2,1.3699999999999999
2737,Customer Support,1,AI,51,Yes,3,3,High,No,0.059,3,1.5550000000000002
2738,Customer Support,1,Human,43,Yes,3,1,Medium,No,0.07,2,1.015
2739,Customer Support,3,Human,32,Yes,3,0,High,No,0.094,3,1.6600000000000001
2740,Technical,5,Human,43,Yes,2,1,High,No,0.047,3,2.715
2741,Technical,5,Human,30,No,3,2,Medium,No,0.1,2,2.75
2742,Billing,3,Human,21,Yes,3,2,Medium,No,0.143,2,1.905
2743,Billing,4,Human,24,Yes,3,1,High,No,0.125,3,2.22
2744,HR,1,Human,21,Yes,1,3,High,No,0.048,3,1.405
2745,HR,5,AI,57,Yes,4,2,Low,No,0.07,1,2.785
2746,HR,2,AI,5,Yes,5,3,High,Yes,1.0,3,1.7250000000000003
2747,Customer Support,4,Human,50,Yes,4,1,High,No,0.08,3,2.3500000000000005
2748,Technical,3,Human,18,Yes,3,3,High,No,0.167,3,2.1900000000000004
2749,Billing,3,Human,49,Yes,5,0,Medium,No,0.102,2,1.6450000000000002
2750,Billing,2,AI,20,Yes,5,3,High,Yes,0.25,3,1.8
2751,Billing,4,Human,33,Yes,3,1,High,No,0.091,3,2.265
2752,HR,5,Human,22,Yes,2,2,Low,No,0.091,1,2.61
2753,HR,1,Human,18,Yes,3,2,Low,Yes,0.167,1,0.99
2754,Technical,1,Human,17,Yes,5,1,Medium,Yes,0.294,2,0.885
2755,Customer Support,3,Human,42,Yes,1,0,High,No,0.024,3,1.7100000000000002
2756,Billing,3,AI,23,Yes,1,2,Medium,No,0.043,2,1.9150000000000003
2757,Technical,3,AI,36,Yes,3,3,Low,No,0.083,1,2.08
2758,HR,4,Human,24,Yes,5,0,Low,No,0.208,1,1.8200000000000003
2759,HR,5,AI,21,Yes,5,0,Medium,No,0.238,2,2.305
2760,Billing,2,Human,54,Yes,1,0,Low,No,0.019,1,1.1700000000000002
2761,HR,2,Human,27,Yes,3,0,High,No,0.111,3,1.235
2762,Billing,1,AI,28,Yes,5,3,High,No,0.179,3,1.4400000000000002
2763,HR,2,AI,43,Yes,5,1,Medium,No,0.116,2,1.415
2764,Billing,3,AI,48,Yes,1,1,High,No,0.021,3,1.9400000000000002
2765,HR,4,AI,27,Yes,3,1,Medium,No,0.111,2,2.1350000000000002
2766,HR,3,AI,24,Yes,3,2,High,No,0.125,3,2.0200000000000005
2767,Billing,5,Human,39,Yes,4,1,High,No,0.103,3,2.6950000000000003
2768,HR,4,Human,48,Yes,4,0,Low,No,0.083,1,1.9400000000000002
2769,Billing,1,AI,59,Yes,2,0,Low,No,0.034,1,0.795
2770,Technical,5,AI,52,Yes,2,3,High,No,0.038,3,3.16
2771,HR,5,AI,51,Yes,2,1,Low,No,0.039,1,2.555
2772,HR,2,AI,56,Yes,3,2,Medium,No,0.054,2,1.68
2773,Billing,1,AI,54,Yes,3,2,High,No,0.056,3,1.37
2774,Billing,2,AI,43,Yes,4,1,Low,No,0.093,1,1.3150000000000002
2775,Technical,1,Human,37,Yes,3,0,High,No,0.081,3,0.885
2776,Customer Support,4,Human,44,Yes,3,2,Low,No,0.068,1,2.3200000000000003
2777,Technical,1,Human,17,Yes,2,3,High,Yes,0.118,3,1.385
2778,Customer Support,2,AI,20,Yes,2,1,Low,Yes,0.1,1,1.2000000000000002
2779,HR,3,Human,11,Yes,4,0,Low,No,0.364,1,1.3550000000000002
2780,HR,4,Human,43,No,5,3,Low,No,0.116,1,2.515
2781,Technical,5,Human,57,Yes,2,0,Low,No,0.035,1,2.3850000000000002
2782,Billing,2,Human,27,Yes,2,1,High,No,0.074,3,1.435
2783,Technical,3,Human,7,Yes,2,1,Low,No,0.286,1,1.5350000000000001
2784,Billing,4,Human,26,Yes,5,3,Low,No,0.192,1,2.43
2785,Customer Support,1,AI,57,Yes,1,0,Medium,No,0.018,2,0.885
2786,Customer Support,2,AI,55,Yes,1,1,High,No,0.018,3,1.575
2787,Billing,1,Human,28,Yes,1,0,Medium,No,0.036,2,0.74
2788,HR,2,AI,33,Yes,3,0,High,No,0.091,3,1.2650000000000001
2789,Technical,3,AI,35,Yes,2,3,Medium,No,0.057,2,2.1750000000000003
2790,Technical,4,AI,38,Yes,5,0,High,No,0.132,3,2.09
2791,Technical,3,Human,55,Yes,4,0,High,No,0.073,3,1.7750000000000001
2792,HR,3,AI,59,Yes,1,2,High,No,0.017,3,2.1950000000000003
2793,HR,4,Human,24,Yes,1,1,Low,No,0.042,1,2.02
2794,Technical,2,Human,48,Yes,3,0,High,No,0.062,3,1.34
2795,Technical,2,Human,51,Yes,4,3,Medium,No,0.078,2,1.8550000000000002
2796,Technical,4,Human,51,Yes,1,3,High,No,0.02,3,2.755
2797,HR,2,Human,56,Yes,1,0,High,No,0.018,3,1.3800000000000001
2798,Billing,3,AI,19,Yes,4,3,High,No,0.211,3,2.1950000000000003
2799,HR,2,AI,60,Yes,5,2,Medium,No,0.083,2,1.7
2800,Customer Support,1,AI,41,Yes,5,2,High,No,0.122,3,1.305
2801,Technical,4,AI,9,Yes,3,3,Medium,No,0.333,2,2.4450000000000003
2802,Billing,5,AI,16,Yes,4,2,Low,No,0.25,1,2.58
2803,Technical,5,AI,32,Yes,5,1,Low,No,0.156,1,2.4600000000000004
2804,Customer Support,5,Human,52,Yes,3,0,Medium,No,0.058,2,2.46
2805,HR,1,Human,21,Yes,3,1,Low,No,0.143,1,0.805
2806,Billing,4,AI,49,Yes,5,0,Medium,No,0.102,2,2.0450000000000004
2807,Technical,1,Human,45,Yes,5,2,Low,No,0.111,1,1.125
2808,Customer Support,4,Human,12,Yes,2,2,High,No,0.167,3,2.3600000000000003
2809,Technical,4,AI,54,Yes,2,0,Low,No,0.037,1,1.9700000000000002
2810,Technical,4,AI,17,Yes,1,0,Medium,No,0.059,2,1.885
2811,Customer Support,4,Human,41,Yes,4,2,Low,No,0.098,1,2.305
2812,HR,2,Human,13,Yes,5,3,Medium,Yes,0.385,2,1.665
2813,Billing,5,AI,23,Yes,1,1,Low,No,0.043,1,2.4150000000000005
2814,Technical,1,Human,18,Yes,3,1,High,Yes,0.167,3,0.99
2815,Billing,5,AI,13,Yes,1,1,Low,No,0.077,1,2.365
2816,Customer Support,4,AI,31,Yes,4,0,Medium,No,0.129,2,1.955
2817,Customer Support,1,AI,47,Yes,1,0,Low,No,0.021,1,0.735
2818,HR,1,Human,60,Yes,3,0,High,No,0.05,3,1.0
2819,Billing,3,Human,6,Yes,5,0,Medium,No,0.833,2,1.4300000000000002
2820,Technical,5,Human,8,Yes,1,0,Medium,No,0.125,2,2.24
2821,Technical,4,AI,26,Yes,5,0,Low,No,0.192,1,1.83
2822,Customer Support,2,AI,24,Yes,4,0,High,No,0.167,3,1.2200000000000002
2823,Billing,2,Human,45,Yes,2,0,Low,No,0.044,1,1.125
2824,Technical,2,AI,46,Yes,1,1,Low,No,0.022,1,1.33
2825,Technical,3,AI,60,Yes,1,2,High,No,0.017,3,2.2
2826,HR,5,AI,39,No,5,3,Medium,No,0.128,2,2.995
2827,HR,3,AI,60,Yes,3,1,Medium,No,0.05,2,1.9000000000000001
2828,Customer Support,2,Human,37,Yes,1,3,High,No,0.027,3,1.8850000000000002
2829,Technical,4,AI,14,Yes,3,1,Medium,No,0.214,2,2.0700000000000003
2830,HR,4,Human,47,Yes,2,0,Medium,No,0.043,2,2.035
2831,Technical,3,AI,36,Yes,1,1,Low,No,0.028,1,1.6800000000000002
2832,Billing,3,AI,58,Yes,3,3,High,No,0.052,3,2.3900000000000006
2833,HR,5,Human,38,No,3,0,Medium,No,0.079,2,2.39
2834,Customer Support,3,AI,27,Yes,3,0,High,No,0.111,3,1.6350000000000002
2835,Technical,1,AI,37,Yes,2,1,High,No,0.054,3,1.085
2836,Billing,5,Human,28,Yes,4,1,Medium,No,0.143,2,2.5400000000000005
2837,Customer Support,2,Human,15,Yes,5,2,Low,Yes,0.333,1,1.375
2838,Technical,5,Human,25,Yes,1,1,Medium,No,0.04,2,2.5250000000000004
2839,Billing,1,Human,55,Yes,1,0,Low,No,0.018,1,0.775
2840,Customer Support,5,Human,37,Yes,4,2,Medium,No,0.108,2,2.785
2841,Technical,3,Human,48,No,4,1,High,No,0.083,3,1.9400000000000002
2842,Technical,2,Human,42,Yes,1,3,Medium,No,0.024,2,1.81
2843,Billing,4,Human,53,Yes,3,1,Medium,No,0.057,2,2.265
2844,Customer Support,1,AI,53,No,5,2,High,No,0.094,3,1.365
2845,Billing,2,AI,52,Yes,4,1,Low,No,0.077,1,1.36
2846,HR,3,Human,22,Yes,1,1,Medium,No,0.045,2,1.71
2847,HR,2,AI,22,Yes,2,1,Medium,No,0.091,2,1.31
2848,Customer Support,5,AI,19,Yes,1,2,Medium,No,0.053,2,2.6950000000000003
2849,HR,5,AI,35,No,5,2,High,No,0.143,3,2.875
2850,Customer Support,5,Human,55,Yes,2,1,Low,No,0.036,1,2.575
2851,HR,3,AI,16,Yes,1,1,Medium,No,0.062,2,1.6800000000000002
2852,Technical,5,Human,59,Yes,1,0,High,No,0.017,3,2.5949999999999998
2853,Customer Support,1,AI,58,Yes,1,1,High,No,0.017,3,1.19
2854,HR,3,Human,7,Yes,1,2,High,No,0.143,3,1.9350000000000003
2855,Technical,3,Human,33,Yes,5,1,High,No,0.152,3,1.8650000000000002
2856,Billing,4,Human,40,Yes,1,1,High,No,0.025,3,2.3
2857,Customer Support,3,AI,33,No,4,0,High,No,0.121,3,1.6650000000000003
2858,Billing,4,Human,53,Yes,4,2,Low,No,0.075,1,2.365
2859,Customer Support,5,AI,51,Yes,3,3,High,No,0.059,3,3.1550000000000002
2860,Technical,4,Human,28,Yes,4,2,Medium,No,0.143,2,2.3400000000000003
2861,HR,3,Human,7,Yes,4,1,Medium,No,0.571,2,1.635
2862,HR,3,Human,19,Yes,2,3,Low,No,0.105,1,1.9950000000000003
2863,Billing,2,AI,32,Yes,1,2,Medium,No,0.031,2,1.56
2864,HR,3,Human,5,Yes,3,1,High,No,0.6,3,1.725
2865,HR,3,Human,42,Yes,2,1,Low,No,0.048,1,1.7100000000000002
2866,Billing,2,AI,6,Yes,2,1,Low,Yes,0.333,1,1.1300000000000001
2867,HR,1,AI,11,No,4,2,High,Yes,0.364,3,1.155
2868,Billing,4,AI,7,Yes,1,1,High,No,0.143,3,2.135
2869,Technical,3,Human,30,Yes,4,0,Low,No,0.133,1,1.4500000000000002
2870,Billing,3,AI,45,Yes,3,0,Medium,No,0.067,2,1.6250000000000002
2871,Customer Support,4,AI,34,Yes,1,3,High,No,0.029,3,2.67
2872,HR,3,Human,20,Yes,3,0,High,No,0.15,3,1.6000000000000003
2873,HR,5,AI,15,Yes,3,2,Low,No,0.2,1,2.575
2874,Customer Support,2,AI,17,Yes,1,0,Medium,Yes,0.059,2,1.085
2875,Customer Support,5,AI,13,Yes,4,1,Low,No,0.308,1,2.365
2876,Technical,5,Human,30,Yes,4,2,Low,No,0.133,1,2.65
2877,HR,4,AI,16,Yes,5,3,High,No,0.312,3,2.58
2878,Technical,1,AI,44,Yes,2,1,High,No,0.045,3,1.12
2879,Technical,5,Human,50,Yes,4,1,High,No,0.08,3,2.75
2880,Technical,5,Human,50,Yes,2,3,Low,No,0.04,1,2.95
2881,Billing,5,Human,58,Yes,3,1,Medium,No,0.052,2,2.6900000000000004
2882,Customer Support,3,Human,32,Yes,5,3,High,No,0.156,3,2.2600000000000002
2883,Billing,3,Human,46,Yes,4,2,Low,No,0.087,1,1.9300000000000002
2884,Billing,5,AI,5,Yes,5,2,Medium,No,1.0,2,2.625
2885,Customer Support,1,Human,58,Yes,2,2,Medium,No,0.034,2,1.2899999999999998
2886,Technical,4,Human,52,Yes,4,3,High,No,0.077,3,2.76
2887,Technical,4,Human,9,Yes,3,0,Medium,No,0.333,2,1.845
2888,HR,2,AI,41,Yes,1,2,High,No,0.024,3,1.7050000000000003
2889,HR,4,AI,19,No,2,2,High,No,0.105,3,2.3950000000000005
2890,Technical,3,Human,17,Yes,5,0,Low,No,0.294,1,1.3850000000000002
2891,Technical,2,Human,16,Yes,2,2,High,Yes,0.125,3,1.58
2892,HR,2,AI,5,Yes,1,2,Low,Yes,0.2,1,1.3250000000000002
2893,Billing,1,AI,22,Yes,1,1,Low,No,0.045,1,0.8099999999999999
2894,Billing,2,AI,28,Yes,2,1,Low,No,0.071,1,1.2400000000000002
2895,HR,1,Human,23,Yes,1,3,Low,No,0.043,1,1.2150000000000003
2896,Billing,5,AI,48,Yes,1,3,High,No,0.021,3,3.1400000000000006
2897,Customer Support,2,Human,14,Yes,1,1,Low,Yes,0.071,1,1.1700000000000002
2898,Technical,2,AI,58,Yes,4,3,Low,No,0.069,1,1.7900000000000003
2899,Customer Support,4,AI,49,Yes,2,3,Medium,No,0.041,2,2.6450000000000005
2900,HR,1,Human,27,No,5,3,High,No,0.185,3,1.4350000000000003
2901,Billing,5,AI,35,Yes,2,3,Medium,No,0.057,2,2.975
2902,HR,2,Human,60,Yes,2,3,Low,No,0.033,1,1.8000000000000003
2903,Customer Support,4,AI,46,No,1,1,Medium,No,0.022,2,2.2300000000000004
2904,Technical,5,Human,38,Yes,3,1,High,No,0.079,3,2.6900000000000004
2905,Billing,4,Human,48,Yes,5,1,Medium,No,0.104,2,2.24
2906,Technical,4,AI,45,Yes,3,0,Low,No,0.067,1,1.9250000000000003
2907,Customer Support,5,Human,22,Yes,2,0,Low,No,0.091,1,2.21
2908,Billing,2,Human,54,No,5,0,Low,No,0.093,1,1.1700000000000002
2909,Customer Support,3,Human,53,Yes,5,0,High,No,0.094,3,1.7650000000000001
2910,Billing,1,AI,59,Yes,4,2,Low,No,0.068,1,1.1950000000000003
2911,Technical,1,Human,7,Yes,2,0,High,Yes,0.286,3,0.7350000000000001
2912,Billing,4,AI,12,Yes,5,2,Medium,No,0.417,2,2.2600000000000002
2913,HR,3,AI,19,Yes,5,3,Low,No,0.263,1,1.9950000000000003
2914,Billing,5,AI,32,Yes,5,1,Medium,No,0.156,2,2.5600000000000005
2915,Billing,5,AI,8,Yes,1,2,High,No,0.125,3,2.74
2916,Technical,4,AI,50,Yes,2,3,Medium,No,0.04,2,2.6500000000000004
2917,HR,1,AI,28,Yes,5,2,Medium,No,0.179,2,1.1400000000000001
2918,HR,3,AI,29,Yes,2,0,High,No,0.069,3,1.6450000000000002
2919,HR,3,AI,31,Yes,4,0,High,No,0.129,3,1.6550000000000002
2920,Billing,1,AI,14,Yes,5,1,Low,Yes,0.357,1,0.77
2921,Customer Support,2,Human,46,Yes,4,1,Low,No,0.087,1,1.33
2922,Customer Support,4,AI,59,Yes,4,2,High,No,0.068,3,2.5949999999999998
2923,HR,5,Human,50,Yes,5,3,High,No,0.1,3,3.1500000000000004
2924,HR,1,AI,55,Yes,1,1,High,No,0.018,3,1.175
2925,Technical,1,Human,60,Yes,1,0,Medium,No,0.017,2,0.8999999999999999
2926,Billing,1,AI,7,Yes,4,2,High,Yes,0.571,3,1.135
2927,Billing,3,AI,8,Yes,4,2,Low,No,0.5,1,1.7400000000000002
2928,HR,5,Human,28,Yes,5,2,Low,No,0.179,1,2.64
2929,Technical,1,AI,51,Yes,5,3,Medium,No,0.098,2,1.455
2930,HR,4,AI,13,Yes,1,3,High,No,0.077,3,2.5650000000000004
2931,Billing,3,AI,17,Yes,2,2,High,No,0.118,3,1.985
2932,Billing,5,Human,38,Yes,4,0,High,No,0.105,3,2.49
2933,Technical,5,AI,60,No,4,3,High,No,0.067,3,3.2
2934,Customer Support,4,AI,25,Yes,4,2,Medium,No,0.16,2,2.325
2935,Technical,1,AI,9,Yes,4,0,Low,Yes,0.444,1,0.545
2936,Technical,3,Human,19,No,2,3,Medium,No,0.105,2,2.095
2937,Customer Support,5,Human,36,Yes,4,3,Medium,No,0.111,2,2.9800000000000004
2938,Billing,2,Human,42,Yes,4,1,Medium,No,0.095,2,1.41
2939,Technical,2,Human,53,Yes,1,1,High,No,0.019,3,1.565
2940,HR,4,AI,33,Yes,3,2,Low,No,0.091,1,2.265
2941,Customer Support,2,Human,30,Yes,3,1,Medium,No,0.1,2,1.35
2942,Technical,2,Human,31,Yes,4,3,High,No,0.129,3,1.8550000000000002
2943,Technical,2,Human,10,Yes,2,2,Medium,Yes,0.2,2,1.45
2944,HR,2,Human,53,Yes,4,2,High,No,0.075,3,1.765
2945,Billing,5,Human,18,Yes,2,1,Low,No,0.111,1,2.39
2946,HR,4,Human,25,Yes,4,0,Medium,No,0.16,2,1.925
2947,Customer Support,5,AI,37,Yes,2,0,High,No,0.054,3,2.4850000000000003
2948,Customer Support,2,Human,40,Yes,5,2,High,No,0.125,3,1.7
2949,Billing,5,AI,43,Yes,5,0,Low,No,0.116,1,2.315
2950,HR,4,Human,53,Yes,4,1,Low,No,0.075,1,2.165
2951,Technical,3,AI,23,No,1,0,Low,No,0.043,1,1.4150000000000003
2952,Billing,2,Human,7,Yes,4,0,High,Yes,0.571,3,1.1350000000000002
2953,Billing,4,Human,39,Yes,5,1,High,No,0.128,3,2.295
2954,Billing,1,Human,38,No,2,0,High,No,0.053,3,0.89
2955,Billing,3,Human,38,Yes,4,3,High,No,0.105,3,2.29
2956,Billing,3,AI,17,Yes,2,1,High,No,0.118,3,1.7850000000000001
2957,Technical,5,Human,22,Yes,5,2,High,No,0.227,3,2.8099999999999996
2958,Technical,5,Human,41,Yes,5,3,High,No,0.122,3,3.1050000000000004
2959,Technical,3,Human,25,Yes,5,1,Medium,No,0.2,2,1.725
2960,Technical,4,Human,49,Yes,4,1,Medium,No,0.082,2,2.2450000000000006
2961,HR,4,AI,31,Yes,4,1,High,No,0.129,3,2.255
2962,Billing,1,Human,27,Yes,1,3,High,No,0.037,3,1.4350000000000003
2963,Billing,3,Human,14,Yes,5,2,Medium,No,0.357,2,1.8700000000000003
2964,HR,4,Human,16,Yes,4,0,Medium,No,0.25,2,1.8800000000000001
2965,Customer Support,3,Human,51,Yes,4,0,High,No,0.078,3,1.7550000000000001
2966,Technical,1,Human,50,Yes,1,0,High,No,0.02,3,0.9500000000000001
2967,HR,5,Human,10,Yes,2,2,Medium,No,0.2,2,2.65
2968,Customer Support,3,Human,22,No,3,1,Medium,No,0.136,2,1.71
2969,HR,2,AI,53,Yes,1,0,Medium,No,0.019,2,1.265
2970,Customer Support,2,AI,11,Yes,1,0,High,Yes,0.091,3,1.155
2971,Technical,3,Human,47,Yes,3,0,High,No,0.064,3,1.735
2972,Customer Support,3,AI,26,Yes,1,0,Medium,No,0.038,2,1.53
2973,Technical,4,AI,37,Yes,1,2,Low,No,0.027,1,2.285
2974,Billing,2,AI,44,Yes,5,3,Medium,No,0.114,2,1.82
2975,Billing,4,AI,19,Yes,5,1,High,No,0.263,3,2.1950000000000003
2976,Customer Support,1,Human,51,Yes,4,2,Low,No,0.078,1,1.1550000000000002
2977,HR,1,AI,34,Yes,3,0,High,No,0.088,3,0.8700000000000001
2978,HR,2,AI,30,Yes,1,0,Medium,No,0.033,2,1.1500000000000001
2979,Billing,5,AI,60,Yes,5,3,Medium,No,0.083,2,3.1
2980,Technical,3,Human,39,Yes,4,1,Low,No,0.103,1,1.6950000000000003
2981,Customer Support,2,AI,41,Yes,4,0,High,No,0.098,3,1.3050000000000002
2982,HR,4,Human,50,Yes,4,2,Medium,No,0.08,2,2.45
2983,Technical,2,Human,22,Yes,1,0,Low,No,0.045,1,1.01
2984,Customer Support,1,AI,19,Yes,2,0,High,Yes,0.105,3,0.795
2985,Billing,1,Human,7,Yes,2,0,Medium,Yes,0.286,2,0.635
2986,Technical,3,Human,28,Yes,3,2,Medium,No,0.107,2,1.9400000000000002
2987,Customer Support,2,AI,39,Yes,1,1,Medium,No,0.026,2,1.395
2988,Technical,3,AI,36,Yes,5,1,Medium,No,0.139,2,1.78
2989,HR,5,Human,13,Yes,1,1,High,No,0.077,3,2.5650000000000004
2990,Technical,3,AI,22,Yes,4,0,High,No,0.182,3,1.61
2991,HR,4,AI,30,Yes,1,3,Medium,No,0.033,2,2.5500000000000003
2992,Customer Support,3,Human,34,Yes,2,3,Low,No,0.059,1,2.0700000000000003
2993,Billing,5,AI,58,Yes,3,0,High,No,0.052,3,2.59
2994,HR,3,Human,33,Yes,2,3,Low,No,0.061,1,2.0650000000000004
2995,Billing,5,AI,24,Yes,5,3,Low,No,0.208,1,2.8200000000000003
2996,HR,2,Human,5,Yes,1,3,Low,Yes,0.2,1,1.5250000000000004
2997,HR,5,AI,30,Yes,1,1,Low,No,0.033,1,2.45
2998,Billing,5,Human,32,Yes,5,1,Low,No,0.156,1,2.4600000000000004
2999,Technical,1,AI,40,Yes,3,3,Medium,No,0.075,2,1.4000000000000001
3000,Technical,5,AI,59,Yes,1,0,Medium,No,0.017,2,2.495
3001,HR,5,Human,5,Yes,3,0,Medium,No,0.6,2,2.225
3002,Customer Support,1,AI,12,No,3,2,Medium,Yes,0.25,2,1.06
3003,Technical,1,Human,42,Yes,4,3,Low,No,0.095,1,1.31
3004,Billing,1,AI,10,Yes,5,0,Medium,Yes,0.5,2,0.65
3005,Billing,2,Human,38,Yes,4,2,Low,No,0.105,1,1.4900000000000002
3006,HR,2,Human,30,Yes,3,0,High,No,0.1,3,1.25
3007,Technical,3,AI,21,No,4,2,Low,No,0.19,1,1.8050000000000002
3008,Technical,3,AI,22,No,1,0,High,No,0.045,3,1.61
3009,HR,3,Human,21,Yes,1,3,High,No,0.048,3,2.205
3010,Billing,2,Human,49,Yes,3,0,Low,No,0.061,1,1.145
3011,HR,2,AI,47,No,1,0,High,No,0.021,3,1.3350000000000002
3012,Customer Support,1,Human,56,Yes,1,1,Low,No,0.018,1,0.9799999999999999
3013,Technical,1,AI,55,Yes,2,3,Low,No,0.036,1,1.3750000000000002
3014,HR,3,Human,17,Yes,4,2,Low,No,0.235,1,1.7850000000000001
3015,Billing,4,Human,40,Yes,4,2,Medium,No,0.1,2,2.4000000000000004
3016,HR,5,Human,5,Yes,5,1,Low,No,1.0,1,2.325
3017,HR,5,Human,8,Yes,5,1,Low,No,0.625,1,2.3400000000000003
3018,Technical,1,Human,41,Yes,3,3,Low,No,0.073,1,1.3050000000000002
3019,Customer Support,4,AI,40,No,5,1,Low,No,0.125,1,2.1
3020,Customer Support,3,AI,35,Yes,4,3,Low,No,0.114,1,2.075
3021,Customer Support,3,Human,10,Yes,3,0,Low,No,0.3,1,1.3500000000000003
3022,Billing,2,AI,34,Yes,5,2,Medium,No,0.147,2,1.57
3023,Billing,4,AI,39,Yes,2,1,Medium,No,0.051,2,2.1950000000000003
3024,Customer Support,4,Human,46,Yes,2,1,High,No,0.043,3,2.33
3025,Technical,2,Human,41,Yes,1,2,High,No,0.024,3,1.7050000000000003
3026,Customer Support,4,Human,44,Yes,4,2,Medium,No,0.091,2,2.4200000000000004
3027,Billing,4,AI,35,Yes,4,0,Medium,No,0.114,2,1.975
3028,HR,3,AI,32,Yes,4,0,Medium,No,0.125,2,1.56
3029,Customer Support,2,Human,36,Yes,3,2,High,No,0.083,3,1.68
3030,Billing,1,AI,52,Yes,5,0,High,No,0.096,3,0.9600000000000001
3031,Customer Support,3,AI,38,Yes,2,2,High,No,0.053,3,2.09
3032,Customer Support,2,Human,24,Yes,4,3,Medium,No,0.167,2,1.72
3033,HR,5,AI,32,Yes,2,0,Medium,No,0.062,2,2.3600000000000003
3034,Technical,5,Human,52,Yes,1,1,Medium,No,0.019,2,2.66
3035,Technical,4,Human,21,No,3,3,Low,No,0.143,1,2.4050000000000002
3036,Technical,2,AI,33,Yes,3,0,Low,No,0.091,1,1.0650000000000002
3037,Technical,1,Human,8,Yes,1,2,Medium,Yes,0.125,2,1.04
3038,Customer Support,1,AI,27,No,5,2,Medium,No,0.185,2,1.135
3039,HR,4,Human,7,No,5,3,High,No,0.714,3,2.535
3040,Technical,4,AI,60,Yes,3,3,High,No,0.05,3,2.8
3041,Customer Support,4,Human,16,Yes,1,0,Medium,No,0.062,2,1.8800000000000001
3042,Customer Support,1,AI,36,Yes,1,1,High,No,0.028,3,1.08
3043,Billing,3,Human,9,Yes,3,2,Medium,No,0.333,2,1.845
3044,Technical,3,Human,39,Yes,3,1,Medium,No,0.077,2,1.7950000000000002
3045,HR,2,Human,10,Yes,1,0,Medium,Yes,0.1,2,1.05
3046,Billing,1,AI,33,Yes,2,2,High,No,0.061,3,1.2650000000000001
3047,Technical,4,Human,6,Yes,3,3,High,No,0.5,3,2.5300000000000002
3048,Technical,3,AI,27,Yes,3,0,Low,No,0.111,1,1.4350000000000003
3049,Billing,3,AI,7,Yes,2,0,Low,No,0.286,1,1.3350000000000002
3050,Customer Support,5,AI,21,Yes,5,2,Low,No,0.238,1,2.605
3051,Technical,1,Human,12,No,5,2,High,Yes,0.417,3,1.1600000000000001
3052,HR,4,AI,32,Yes,4,2,Low,No,0.125,1,2.2600000000000002
3053,HR,5,AI,53,Yes,4,0,Low,No,0.075,1,2.365
3054,Technical,1,Human,25,Yes,2,1,Low,No,0.08,1,0.8250000000000001
3055,Technical,4,Human,34,Yes,2,2,Low,No,0.059,1,2.27
3056,Customer Support,2,AI,36,Yes,3,1,Medium,No,0.083,2,1.38
3057,Customer Support,1,Human,50,No,4,0,Medium,No,0.08,2,0.8500000000000001
3058,Technical,1,AI,40,Yes,2,3,Low,No,0.05,1,1.3000000000000003
3059,Billing,3,AI,41,Yes,3,1,High,No,0.073,3,1.9050000000000002
3060,HR,1,Human,41,Yes,2,2,High,No,0.049,3,1.305
3061,Billing,4,AI,53,Yes,3,1,Medium,No,0.057,2,2.265
3062,Customer Support,3,AI,8,Yes,2,2,Low,No,0.25,1,1.7400000000000002
3063,HR,5,AI,11,Yes,5,2,High,No,0.455,3,2.755
3064,Customer Support,3,Human,46,No,1,2,Medium,No,0.022,2,2.0300000000000002
3065,Technical,4,Human,42,Yes,1,3,Medium,No,0.024,2,2.6100000000000003
3066,Customer Support,4,Human,58,Yes,5,1,Medium,No,0.086,2,2.2900000000000005
3067,HR,4,AI,7,Yes,5,2,Medium,No,0.714,2,2.2350000000000003
3068,Technical,4,AI,24,Yes,4,1,Medium,No,0.167,2,2.12
3069,Customer Support,5,AI,48,Yes,2,0,Low,No,0.042,1,2.3400000000000003
3070,Billing,5,AI,34,Yes,5,0,Low,No,0.147,1,2.27
3071,Billing,3,AI,25,Yes,3,0,High,No,0.12,3,1.6250000000000002
3072,Technical,4,AI,34,Yes,5,3,High,No,0.147,3,2.67
3073,Billing,4,AI,9,Yes,5,1,Low,No,0.556,1,1.945
3074,Technical,5,AI,26,Yes,1,2,Low,No,0.038,1,2.63
3075,Technical,3,AI,5,Yes,2,0,Low,No,0.4,1,1.3250000000000002
3076,Billing,1,AI,22,Yes,1,0,Medium,No,0.045,2,0.71
3077,Technical,2,Human,44,Yes,1,1,Medium,No,0.023,2,1.42
3078,Billing,1,AI,11,Yes,3,3,Medium,Yes,0.273,2,1.2550000000000001
3079,Customer Support,1,AI,42,Yes,2,2,Low,No,0.048,1,1.11
3080,Technical,4,Human,52,Yes,1,0,Low,No,0.019,1,1.9600000000000002
3081,HR,2,AI,55,No,3,1,Medium,No,0.055,2,1.4749999999999999
3082,Billing,1,Human,46,Yes,5,1,Medium,No,0.109,2,1.03
3083,Customer Support,2,Human,37,Yes,2,3,High,No,0.054,3,1.8850000000000002
3084,Technical,1,Human,58,Yes,3,2,Low,No,0.052,1,1.19
3085,Billing,3,Human,44,Yes,4,2,Medium,No,0.091,2,2.0200000000000005
3086,Technical,2,AI,45,Yes,3,0,Low,No,0.067,1,1.125
3087,Billing,4,Human,32,Yes,1,2,Low,No,0.031,1,2.2600000000000002
3088,Customer Support,5,AI,48,Yes,4,0,High,No,0.083,3,2.54
3089,Customer Support,2,Human,47,Yes,2,2,High,No,0.043,3,1.735
3090,Customer Support,2,Human,31,Yes,4,2,Medium,No,0.129,2,1.555
3091,Billing,4,Human,13,No,2,1,High,No,0.154,3,2.165
3092,Billing,4,AI,52,Yes,2,2,High,No,0.038,3,2.5600000000000005
3093,HR,5,Human,15,Yes,2,0,Low,No,0.133,1,2.1750000000000003
3094,HR,2,Human,37,Yes,3,3,High,No,0.081,3,1.8850000000000002
3095,Customer Support,3,Human,35,Yes,5,2,Medium,No,0.143,2,1.9750000000000003
3096,Technical,1,Human,12,Yes,4,0,Low,Yes,0.333,1,0.56
3097,Technical,1,AI,52,No,1,1,Low,No,0.019,1,0.9600000000000001
3098,HR,2,AI,15,Yes,1,1,Medium,Yes,0.067,2,1.275
3099,Customer Support,3,Human,42,Yes,3,3,Medium,No,0.071,2,2.2100000000000004
3100,HR,5,AI,34,No,3,0,Low,No,0.088,1,2.27
3101,Billing,2,Human,27,Yes,2,3,Low,No,0.074,1,1.6350000000000002
3102,HR,3,Human,57,Yes,1,3,Medium,No,0.018,2,2.285
3103,Customer Support,4,Human,51,Yes,1,1,Low,No,0.02,1,2.1550000000000002
3104,Technical,1,AI,5,Yes,2,1,High,Yes,0.4,3,0.925
3105,Billing,5,AI,48,Yes,2,1,High,No,0.042,3,2.74
3106,HR,4,AI,38,Yes,5,3,Medium,No,0.132,2,2.5900000000000003
3107,Customer Support,5,Human,51,Yes,4,3,Low,No,0.078,1,2.955
3108,Technical,3,AI,57,No,2,2,High,No,0.035,3,2.1850000000000005
3109,HR,1,AI,8,Yes,2,3,Medium,Yes,0.25,2,1.24
3110,Customer Support,2,AI,36,Yes,4,1,Low,No,0.111,1,1.28
3111,Technical,1,AI,20,Yes,2,1,Low,Yes,0.1,1,0.7999999999999999
3112,Billing,5,Human,14,Yes,4,3,Low,No,0.286,1,2.77
3113,Customer Support,1,Human,51,Yes,3,3,High,No,0.059,3,1.5550000000000002
3114,Technical,4,Human,42,Yes,2,1,High,No,0.048,3,2.3100000000000005
3115,Billing,2,AI,37,Yes,3,1,Medium,No,0.081,2,1.385
3116,Billing,1,AI,32,Yes,1,3,High,No,0.031,3,1.4600000000000002
3117,Customer Support,2,Human,21,Yes,5,3,Medium,No,0.238,2,1.705
3118,HR,1,Human,25,Yes,1,3,High,No,0.04,3,1.425
3119,HR,3,AI,52,Yes,5,3,High,No,0.096,3,2.3600000000000003
3120,Billing,2,Human,57,Yes,4,0,Medium,No,0.07,2,1.285
3121,HR,4,AI,10,Yes,1,1,Medium,No,0.1,2,2.0500000000000003
3122,Technical,5,AI,22,Yes,2,1,Low,No,0.091,1,2.41
3123,Technical,3,AI,25,Yes,4,3,Low,No,0.16,1,2.0250000000000004
3124,HR,3,AI,34,Yes,1,0,Low,No,0.029,1,1.4700000000000002
3125,Customer Support,5,Human,31,Yes,3,0,High,No,0.097,3,2.455
3126,Billing,3,Human,10,Yes,5,3,Low,No,0.5,1,1.9500000000000004
3127,Billing,5,AI,42,Yes,4,2,Medium,No,0.095,2,2.81
3128,Billing,3,AI,18,Yes,2,2,High,No,0.111,3,1.9900000000000004
3129,HR,4,Human,14,Yes,2,1,Medium,No,0.143,2,2.0700000000000003
3130,Technical,4,AI,10,Yes,1,1,Medium,No,0.1,2,2.0500000000000003
3131,Customer Support,5,Human,40,Yes,5,0,Medium,No,0.125,2,2.4000000000000004
3132,Billing,1,AI,34,Yes,3,0,High,No,0.088,3,0.8700000000000001
3133,Billing,4,AI,5,Yes,2,3,Low,No,0.4,1,2.325
3134,Billing,5,AI,12,Yes,1,3,Medium,No,0.083,2,2.8600000000000003
3135,HR,1,Human,7,Yes,4,1,High,Yes,0.571,3,0.935
3136,Billing,4,Human,52,Yes,4,0,Medium,No,0.077,2,2.06
3137,Technical,4,Human,25,Yes,3,0,High,No,0.12,3,2.0250000000000004
3138,Billing,4,Human,11,Yes,4,1,Low,No,0.364,1,1.955
3139,Billing,3,Human,14,Yes,4,2,High,No,0.286,3,1.9700000000000004
3140,Technical,5,AI,60,Yes,3,1,Medium,No,0.05,2,2.7
3141,Technical,3,AI,42,No,2,2,Medium,No,0.048,2,2.0100000000000002
3142,HR,4,AI,49,Yes,4,1,Low,No,0.082,1,2.1450000000000005
3143,HR,5,AI,29,Yes,5,1,High,No,0.172,3,2.6450000000000005
3144,Technical,1,Human,52,Yes,1,0,Medium,No,0.019,2,0.8600000000000001
3145,Billing,3,Human,17,Yes,3,2,High,No,0.176,3,1.985
3146,Customer Support,1,Human,52,Yes,4,1,High,No,0.077,3,1.1600000000000001
3147,HR,3,AI,14,Yes,4,1,Medium,No,0.286,2,1.6700000000000002
3148,Customer Support,1,Human,37,Yes,4,2,High,No,0.108,3,1.2850000000000001
3149,Customer Support,5,AI,47,Yes,4,1,Medium,No,0.085,2,2.6350000000000002
3150,HR,5,AI,8,Yes,1,0,High,No,0.125,3,2.34
3151,HR,3,AI,7,No,1,2,Medium,No,0.143,2,1.8350000000000002
3152,HR,3,AI,25,Yes,5,1,Low,No,0.2,1,1.6250000000000002
3153,Technical,2,AI,60,No,3,2,High,No,0.05,3,1.8
3154,Customer Support,2,Human,24,No,1,1,Medium,No,0.042,2,1.32
3155,HR,5,AI,23,No,5,2,High,No,0.217,3,2.8150000000000004
3156,Billing,3,Human,33,Yes,1,3,Low,No,0.03,1,2.0650000000000004
3157,Technical,2,AI,49,Yes,4,3,Medium,No,0.082,2,1.845
3158,HR,3,Human,29,Yes,2,1,Medium,No,0.069,2,1.745
3159,Customer Support,1,AI,56,Yes,3,3,Medium,No,0.054,2,1.48
3160,HR,5,AI,14,Yes,5,3,Low,No,0.357,1,2.77
3161,Customer Support,2,Human,8,Yes,2,1,Low,Yes,0.25,1,1.1400000000000001
3162,Technical,3,Human,56,Yes,3,0,Low,No,0.054,1,1.5800000000000003
3163,Billing,5,Human,15,Yes,2,3,High,No,0.133,3,2.9750000000000005
3164,Customer Support,5,AI,39,Yes,5,0,High,No,0.128,3,2.495
3165,HR,4,AI,32,Yes,1,2,High,No,0.031,3,2.46
3166,Customer Support,3,Human,54,Yes,3,1,Medium,No,0.056,2,1.87
3167,HR,5,Human,37,No,4,3,Low,No,0.108,1,2.8850000000000002
3168,Billing,1,Human,60,No,2,3,Medium,No,0.033,2,1.5
3169,HR,4,AI,11,No,4,0,High,No,0.364,3,1.955
3170,HR,4,AI,30,No,3,3,High,No,0.1,3,2.6500000000000004
3171,Customer Support,1,AI,22,Yes,2,1,High,No,0.091,3,1.01
3172,Technical,3,AI,21,Yes,2,2,Low,No,0.095,1,1.8050000000000002
3173,Technical,2,AI,20,Yes,3,2,Medium,Yes,0.15,2,1.5
3174,Billing,3,AI,59,Yes,5,3,Low,No,0.085,1,2.1950000000000003
3175,Technical,3,AI,9,Yes,3,1,Medium,No,0.333,2,1.645
3176,Technical,1,AI,22,Yes,2,2,Low,No,0.091,1,1.01
3177,HR,3,Human,46,Yes,2,1,Medium,No,0.043,2,1.83
3178,Billing,5,Human,13,Yes,5,0,Medium,No,0.385,2,2.265
3179,Technical,5,AI,13,No,2,0,Low,No,0.154,1,2.165
3180,Customer Support,5,AI,20,Yes,1,2,Medium,No,0.05,2,2.7
3181,HR,4,AI,12,Yes,4,1,Low,No,0.333,1,1.9600000000000002
3182,Customer Support,1,AI,39,Yes,3,2,Medium,No,0.077,2,1.195
3183,Billing,1,Human,56,Yes,3,2,High,No,0.054,3,1.3800000000000001
3184,HR,2,Human,48,Yes,5,0,High,No,0.104,3,1.34
3185,Technical,1,AI,17,Yes,1,1,Medium,Yes,0.059,2,0.885
3186,Technical,3,AI,55,Yes,5,1,Medium,No,0.091,2,1.875
3187,Customer Support,4,AI,26,Yes,3,0,High,No,0.115,3,2.0300000000000002
3188,Technical,2,AI,37,Yes,5,2,Medium,No,0.135,2,1.5850000000000002
3189,HR,5,AI,30,Yes,1,2,Medium,No,0.033,2,2.75
3190,Technical,3,AI,20,Yes,4,2,Medium,No,0.2,2,1.9000000000000001
3191,Technical,4,AI,23,Yes,5,0,Low,No,0.217,1,1.8150000000000002
3192,Billing,5,Human,21,Yes,2,3,Medium,No,0.095,2,2.9050000000000002
3193,HR,1,AI,35,Yes,2,1,Low,No,0.057,1,0.8750000000000001
3194,Customer Support,1,Human,41,Yes,3,3,Low,No,0.073,1,1.3050000000000002
3195,Customer Support,3,Human,30,Yes,5,2,Low,No,0.167,1,1.85
3196,HR,5,Human,10,Yes,1,1,High,No,0.1,3,2.55
3197,HR,1,Human,51,Yes,1,0,Medium,No,0.02,2,0.855
3198,Customer Support,4,Human,7,Yes,5,3,High,No,0.714,3,2.535
3199,Customer Support,2,Human,52,No,4,3,High,No,0.077,3,1.9600000000000002
3200,Technical,5,Human,15,Yes,5,0,Low,No,0.333,1,2.1750000000000003
3201,Customer Support,4,AI,50,Yes,5,2,Low,No,0.1,1,2.35
3202,Technical,4,AI,37,No,4,0,Medium,No,0.108,2,1.985
3203,HR,5,AI,58,Yes,4,0,Medium,No,0.069,2,2.49
3204,Billing,5,Human,8,Yes,4,2,Low,No,0.5,1,2.54
3205,Billing,2,AI,32,Yes,2,3,High,No,0.062,3,1.86
3206,Customer Support,1,Human,51,Yes,3,1,High,No,0.059,3,1.155
3207,HR,5,AI,59,Yes,2,3,High,No,0.034,3,3.1950000000000003
3208,Customer Support,5,AI,60,Yes,3,2,Medium,No,0.05,2,2.9
3209,Customer Support,1,AI,6,Yes,2,3,High,Yes,0.333,3,1.3300000000000003
3210,Technical,1,AI,33,Yes,3,2,High,No,0.091,3,1.2650000000000001
3211,Billing,3,Human,23,Yes,1,0,High,No,0.043,3,1.6150000000000002
3212,Customer Support,5,Human,28,Yes,4,1,Medium,No,0.143,2,2.5400000000000005
3213,Customer Support,5,AI,51,Yes,2,3,Medium,No,0.039,2,3.055
3214,Technical,1,Human,38,No,1,2,Low,No,0.026,1,1.09
3215,HR,1,AI,10,No,1,3,Low,Yes,0.1,1,1.1500000000000001
3216,Technical,3,Human,52,Yes,1,3,Medium,No,0.019,2,2.2600000000000007
3217,HR,2,Human,5,No,1,1,High,Yes,0.2,3,1.3250000000000002
3218,Billing,5,AI,58,Yes,1,0,Medium,No,0.017,2,2.49
3219,HR,1,Human,34,No,4,3,Medium,No,0.118,2,1.37
3220,Customer Support,1,AI,8,Yes,2,3,High,Yes,0.25,3,1.34
3221,HR,3,Human,19,Yes,4,3,High,No,0.211,3,2.1950000000000003
3222,Customer Support,1,AI,24,Yes,3,2,Medium,No,0.125,2,1.12
3223,HR,2,AI,41,Yes,5,3,Low,No,0.122,1,1.7050000000000003
3224,Customer Support,5,AI,39,Yes,5,3,High,No,0.128,3,3.0949999999999998
3225,Technical,2,Human,33,Yes,3,1,Medium,No,0.091,2,1.365
3226,Technical,2,AI,7,Yes,1,3,Medium,Yes,0.143,2,1.635
3227,Technical,5,Human,50,Yes,5,0,Low,No,0.1,1,2.35
3228,Billing,3,AI,49,Yes,5,3,High,No,0.102,3,2.3450000000000006
3229,Customer Support,4,AI,39,Yes,5,0,Low,No,0.128,1,1.8950000000000002
3230,HR,1,Human,50,Yes,4,2,High,No,0.08,3,1.35
3231,Customer Support,3,AI,51,Yes,3,2,Low,No,0.059,1,1.955
3232,Customer Support,2,Human,14,Yes,3,1,Low,Yes,0.214,1,1.1700000000000002
3233,Billing,1,Human,6,Yes,2,3,Low,Yes,0.333,1,1.1300000000000003
3234,Customer Support,5,Human,41,Yes,1,2,High,No,0.024,3,2.9050000000000002
3235,Customer Support,4,AI,53,Yes,5,0,Low,No,0.094,1,1.965
3236,Billing,2,Human,49,Yes,1,0,Low,No,0.02,1,1.145
3237,Billing,1,AI,52,Yes,5,1,Medium,No,0.096,2,1.06
3238,Technical,2,AI,28,Yes,3,0,Low,No,0.107,1,1.04
3239,Technical,1,Human,20,Yes,3,1,Medium,Yes,0.15,2,0.8999999999999999
3240,Billing,3,AI,38,Yes,4,0,High,No,0.105,3,1.6900000000000002
3241,HR,3,AI,38,Yes,2,2,High,No,0.053,3,2.09
3242,Billing,4,Human,36,No,2,0,Medium,No,0.056,2,1.98
3243,Technical,3,Human,60,Yes,4,0,Low,No,0.067,1,1.6000000000000003
3244,Billing,1,AI,34,Yes,2,0,Medium,No,0.059,2,0.77
3245,Technical,4,AI,51,Yes,3,3,High,No,0.059,3,2.755
3246,Customer Support,3,AI,27,Yes,2,2,Low,No,0.074,1,1.8350000000000004
3247,Customer Support,4,AI,22,Yes,4,0,High,No,0.182,3,2.01
3248,Technical,5,AI,19,Yes,4,3,Low,No,0.211,1,2.7950000000000004
3249,Billing,2,AI,49,Yes,5,1,High,No,0.102,3,1.545
3250,HR,5,AI,24,Yes,2,2,High,No,0.083,3,2.8200000000000003
3251,Technical,3,AI,20,Yes,4,0,Medium,No,0.2,2,1.5000000000000002
3252,Technical,4,Human,27,Yes,1,2,Medium,No,0.037,2,2.3350000000000004
3253,HR,2,AI,50,Yes,3,2,High,No,0.06,3,1.7500000000000002
3254,Billing,1,Human,43,Yes,4,1,High,No,0.093,3,1.115
3255,Technical,5,Human,39,No,2,1,Medium,No,0.051,2,2.595
3256,Technical,1,AI,9,Yes,3,0,Low,Yes,0.333,1,0.545
3257,Technical,3,AI,60,No,5,0,Low,No,0.083,1,1.6000000000000003
3258,HR,5,Human,20,Yes,2,0,Medium,No,0.1,2,2.3000000000000003
3259,Technical,2,AI,13,Yes,2,3,High,Yes,0.154,3,1.7650000000000001
3260,Technical,1,Human,53,Yes,2,2,High,No,0.038,3,1.365
3261,HR,5,Human,31,Yes,5,2,Medium,No,0.161,2,2.755
3262,HR,3,AI,28,Yes,5,3,Medium,No,0.179,2,2.14
3263,Technical,3,Human,7,Yes,2,3,Low,No,0.286,1,1.9350000000000003
3264,HR,2,AI,48,Yes,5,1,Low,No,0.104,1,1.34
3265,Technical,1,Human,6,Yes,1,3,Low,Yes,0.167,1,1.1300000000000003
3266,Billing,3,Human,36,Yes,5,3,Low,No,0.139,1,2.08
3267,HR,3,AI,41,Yes,5,2,Medium,No,0.122,2,2.0050000000000003
3268,Technical,2,AI,59,Yes,2,0,Low,No,0.034,1,1.195
3269,Technical,2,AI,37,Yes,5,3,Low,No,0.135,1,1.6850000000000003
3270,Technical,5,Human,60,Yes,4,1,Low,No,0.067,1,2.6
3271,Customer Support,3,Human,56,Yes,2,3,Low,No,0.036,1,2.18
3272,Technical,5,AI,46,Yes,2,3,Medium,No,0.043,2,3.0300000000000002
3273,Customer Support,2,Human,36,No,2,1,Low,No,0.056,1,1.28
3274,Customer Support,1,AI,45,Yes,2,1,High,No,0.044,3,1.125
3275,Technical,3,AI,42,Yes,5,2,Low,No,0.119,1,1.9100000000000001
3276,Customer Support,5,AI,21,Yes,4,3,High,No,0.19,3,3.005
3277,Billing,2,Human,33,Yes,4,1,High,No,0.121,3,1.465
3278,Technical,4,AI,35,Yes,3,0,High,No,0.086,3,2.075
3279,HR,4,AI,49,Yes,3,2,Low,No,0.061,1,2.345
3280,HR,5,AI,43,Yes,4,1,High,No,0.093,3,2.715
3281,HR,3,Human,16,Yes,2,2,Low,No,0.125,1,1.7800000000000002
3282,Customer Support,5,AI,33,Yes,2,2,Low,No,0.061,1,2.665
3283,Customer Support,4,Human,54,Yes,2,0,Low,No,0.037,1,1.9700000000000002
3284,Technical,4,Human,31,Yes,4,2,Medium,No,0.129,2,2.3550000000000004
3285,Billing,3,Human,45,Yes,1,2,Medium,No,0.022,2,2.0250000000000004
3286,Customer Support,3,Human,23,Yes,2,0,Low,No,0.087,1,1.4150000000000003
3287,Technical,5,AI,44,Yes,3,1,Medium,No,0.068,2,2.62
3288,Billing,2,AI,10,Yes,4,3,Medium,Yes,0.4,2,1.6500000000000001
3289,Technical,3,Human,43,Yes,3,0,Low,No,0.07,1,1.5150000000000003
3290,Customer Support,2,Human,40,Yes,2,0,Low,No,0.05,1,1.1
3291,Billing,2,Human,51,Yes,4,1,High,No,0.078,3,1.5550000000000002
3292,Customer Support,3,Human,58,No,1,3,Low,No,0.017,1,2.1900000000000004
3293,Technical,3,Human,42,No,1,0,Low,No,0.024,1,1.5100000000000002
3294,HR,3,AI,5,Yes,4,3,Medium,No,0.8,2,2.0250000000000004
3295,HR,3,Human,19,Yes,2,1,High,No,0.105,3,1.7950000000000002
3296,HR,3,Human,30,Yes,2,2,High,No,0.067,3,2.05
3297,HR,2,Human,36,Yes,2,0,Medium,No,0.056,2,1.18
3298,Technical,2,Human,43,No,3,2,High,No,0.07,3,1.715
3299,HR,1,AI,35,Yes,3,0,High,No,0.086,3,0.8750000000000001
3300,HR,3,AI,53,Yes,1,3,High,No,0.019,3,2.365
3301,HR,1,Human,21,Yes,2,2,Low,No,0.095,1,1.0050000000000001
3302,Billing,5,Human,27,Yes,5,1,Low,No,0.185,1,2.435
3303,Customer Support,4,Human,36,Yes,5,2,High,No,0.139,3,2.4800000000000004
3304,HR,4,Human,51,Yes,2,3,Medium,No,0.039,2,2.6550000000000002
3305,Billing,5,AI,56,Yes,1,0,Low,No,0.018,1,2.38
3306,HR,4,AI,29,Yes,5,0,Low,No,0.172,1,1.8450000000000002
3307,Billing,2,Human,6,Yes,2,0,High,Yes,0.333,3,1.1300000000000001
3308,Customer Support,2,AI,56,Yes,4,2,High,No,0.071,3,1.78
3309,Technical,3,Human,24,Yes,3,3,Medium,No,0.125,2,2.1200000000000006
3310,Customer Support,3,AI,8,Yes,2,2,High,No,0.25,3,1.9400000000000002
3311,Technical,3,AI,54,Yes,3,3,Medium,No,0.056,2,2.2700000000000005
3312,HR,1,AI,31,Yes,1,1,Medium,No,0.032,2,0.9550000000000001
3313,Customer Support,4,Human,59,Yes,2,1,High,No,0.034,3,2.3950000000000005
3314,HR,4,Human,12,Yes,2,0,Low,No,0.167,1,1.7600000000000002
3315,Billing,5,Human,36,Yes,1,0,Medium,No,0.028,2,2.3800000000000003
3316,Technical,4,Human,16,Yes,2,3,Low,No,0.125,1,2.3800000000000003
3317,Customer Support,5,AI,51,Yes,4,3,Medium,No,0.078,2,3.055
3318,Billing,5,AI,8,Yes,1,1,High,No,0.125,3,2.54
3319,Billing,2,AI,47,Yes,5,1,Low,No,0.106,1,1.3350000000000002
3320,Technical,5,AI,8,Yes,4,2,Low,No,0.5,1,2.54
3321,Customer Support,5,Human,31,Yes,4,3,High,No,0.129,3,3.0549999999999997
3322,Billing,3,Human,53,Yes,3,0,High,No,0.057,3,1.7650000000000001
3323,Billing,4,AI,20,Yes,1,0,Low,No,0.05,1,1.8000000000000003
3324,Technical,2,AI,18,Yes,4,2,Medium,Yes,0.222,2,1.49
3325,Customer Support,1,AI,5,Yes,5,2,Medium,Yes,1.0,2,1.0250000000000001
3326,Customer Support,5,AI,40,No,1,3,Low,No,0.025,1,2.9000000000000004
3327,HR,5,Human,57,Yes,3,0,High,No,0.053,3,2.585
3328,Billing,4,Human,34,Yes,5,3,Low,No,0.147,1,2.47
3329,Customer Support,2,AI,47,Yes,2,0,Medium,No,0.043,2,1.235
3330,Billing,3,AI,59,Yes,3,2,Low,No,0.051,1,1.995
3331,Technical,2,Human,11,Yes,1,1,Low,Yes,0.091,1,1.155
3332,HR,5,AI,8,Yes,5,0,High,No,0.625,3,2.34
3333,Billing,4,AI,53,No,3,1,High,No,0.057,3,2.365
3334,Technical,4,AI,48,No,5,1,High,No,0.104,3,2.34
3335,HR,4,AI,38,Yes,5,0,Medium,No,0.132,2,1.99
3336,HR,3,AI,60,Yes,4,1,High,No,0.067,3,2.0
3337,Billing,4,AI,34,Yes,5,0,High,No,0.147,3,2.0700000000000003
3338,Customer Support,1,Human,28,No,3,3,Medium,No,0.107,2,1.34
3339,Customer Support,5,AI,44,Yes,1,2,Medium,No,0.023,2,2.82
3340,HR,3,Human,48,Yes,1,0,High,No,0.021,3,1.7400000000000002
3341,Billing,1,Human,14,Yes,4,0,Low,Yes,0.286,1,0.5700000000000001
3342,HR,3,Human,6,Yes,1,3,Low,No,0.167,1,1.9300000000000004
3343,Customer Support,4,Human,59,Yes,2,2,High,No,0.034,3,2.5949999999999998
3344,Billing,3,AI,28,Yes,1,3,Low,No,0.036,1,2.04
3345,HR,5,Human,27,Yes,3,0,Low,No,0.111,1,2.235
3346,HR,2,AI,12,Yes,1,0,Medium,Yes,0.083,2,1.06
3347,Customer Support,4,Human,5,Yes,4,2,Low,No,0.8,1,2.125
3348,Customer Support,3,Human,60,Yes,3,2,Low,No,0.05,1,2.0000000000000004
3349,Customer Support,4,AI,36,Yes,2,3,Low,No,0.056,1,2.48
3350,Customer Support,2,AI,35,Yes,1,1,High,No,0.029,3,1.475
3351,Billing,4,AI,31,Yes,1,1,Medium,No,0.032,2,2.1550000000000002
3352,Technical,2,AI,41,Yes,5,0,High,No,0.122,3,1.3050000000000002
3353,Technical,1,Human,48,Yes,4,1,High,No,0.083,3,1.1400000000000001
3354,Customer Support,5,Human,15,Yes,1,2,Medium,No,0.067,2,2.6750000000000003
3355,Customer Support,4,AI,16,Yes,2,0,Low,No,0.125,1,1.7800000000000002
3356,Technical,1,AI,8,Yes,3,0,Low,Yes,0.375,1,0.54
3357,HR,1,AI,48,Yes,1,0,High,No,0.021,3,0.9400000000000001
3358,HR,5,Human,18,Yes,3,1,High,No,0.167,3,2.59
3359,HR,5,Human,40,Yes,5,1,High,No,0.125,3,2.7
3360,Billing,5,AI,39,Yes,3,0,High,No,0.077,3,2.495
3361,Billing,1,Human,15,Yes,3,1,High,Yes,0.2,3,0.9750000000000001
3362,Billing,1,AI,26,Yes,2,0,Medium,No,0.077,2,0.73
3363,Technical,2,Human,48,Yes,3,3,Medium,No,0.062,2,1.84
3364,Customer Support,5,AI,34,Yes,1,3,Medium,No,0.029,2,2.97
3365,Billing,1,AI,52,No,1,0,Medium,No,0.019,2,0.8600000000000001
3366,Customer Support,1,Human,14,Yes,1,2,Medium,Yes,0.071,2,1.07
3367,Billing,5,Human,24,Yes,4,0,Medium,No,0.167,2,2.3200000000000003
3368,HR,5,AI,58,Yes,3,2,Low,No,0.052,1,2.79
3369,Customer Support,1,Human,30,No,5,1,Low,No,0.167,1,0.85
3370,Customer Support,1,AI,57,Yes,4,1,High,No,0.07,3,1.185
3371,Technical,4,Human,5,Yes,1,0,High,No,0.2,3,1.925
3372,Billing,2,AI,42,Yes,1,1,Low,No,0.024,1,1.31
3373,Customer Support,4,Human,52,Yes,4,0,Low,No,0.077,1,1.9600000000000002
3374,HR,4,Human,19,Yes,4,3,High,No,0.211,3,2.5949999999999998
3375,Technical,3,AI,55,Yes,5,2,High,No,0.091,3,2.175
3376,Customer Support,3,Human,43,Yes,2,2,Low,No,0.047,1,1.9150000000000005
3377,Technical,3,AI,47,Yes,1,3,Low,No,0.021,1,2.1350000000000002
3378,HR,4,AI,56,Yes,2,2,Low,No,0.036,1,2.3800000000000003
3379,Billing,4,Human,8,Yes,5,0,High,No,0.625,3,1.9400000000000002
3380,Technical,3,AI,41,Yes,5,1,Medium,No,0.122,2,1.8050000000000002
3381,Billing,2,Human,29,Yes,4,3,High,No,0.138,3,1.8450000000000002
3382,HR,4,Human,15,Yes,2,3,Medium,No,0.133,2,2.4750000000000005
3383,HR,4,AI,51,Yes,5,1,Low,No,0.098,1,2.1550000000000002
3384,HR,3,Human,46,Yes,4,0,Low,No,0.087,1,1.5300000000000002
3385,Customer Support,5,AI,18,Yes,1,2,Low,No,0.056,1,2.59
3386,HR,1,AI,18,Yes,1,1,High,Yes,0.056,3,0.99
3387,Billing,3,Human,25,Yes,2,1,Low,No,0.08,1,1.6250000000000002
3388,Technical,1,Human,7,Yes,2,1,High,Yes,0.286,3,0.935
3389,Customer Support,4,AI,28,Yes,2,1,Medium,No,0.071,2,2.14
3390,Technical,2,AI,45,Yes,2,0,Low,No,0.044,1,1.125
3391,Customer Support,1,AI,55,Yes,5,0,High,No,0.091,3,0.9750000000000001
3392,HR,1,AI,19,Yes,4,2,Medium,Yes,0.211,2,1.095
3393,Billing,3,AI,31,Yes,1,1,High,No,0.032,3,1.8550000000000002
3394,Customer Support,4,Human,12,Yes,2,3,Low,No,0.167,1,2.3600000000000003
3395,Customer Support,4,Human,26,Yes,3,0,Low,No,0.115,1,1.83
3396,Customer Support,4,AI,15,Yes,2,0,High,No,0.133,3,1.975
3397,Technical,3,Human,26,Yes,3,0,High,No,0.115,3,1.6300000000000001
3398,Customer Support,5,Human,53,No,4,3,Medium,No,0.075,2,3.0650000000000004
3399,Customer Support,4,AI,7,Yes,2,3,Medium,No,0.286,2,2.4350000000000005
3400,Billing,5,Human,44,Yes,4,1,Medium,No,0.091,2,2.62
3401,HR,1,Human,13,Yes,1,1,High,Yes,0.077,3,0.9650000000000001
3402,Customer Support,3,Human,20,No,4,2,High,No,0.2,3,2.0
3403,HR,2,AI,17,Yes,2,1,Medium,Yes,0.118,2,1.285
3404,HR,2,Human,39,Yes,1,0,Low,No,0.026,1,1.0950000000000002
3405,Billing,1,Human,60,Yes,1,3,Low,No,0.017,1,1.4000000000000001
3406,Billing,2,Human,55,Yes,2,2,Medium,No,0.036,2,1.675
3407,HR,5,Human,31,Yes,5,1,High,No,0.161,3,2.6550000000000002
3408,Customer Support,4,AI,40,Yes,2,1,High,No,0.05,3,2.3
3409,Billing,3,Human,23,Yes,5,0,Low,No,0.217,1,1.4150000000000003
3410,HR,5,Human,49,Yes,2,2,High,No,0.041,3,2.9450000000000003
3411,HR,2,Human,6,Yes,5,3,Medium,Yes,0.833,2,1.6300000000000001
3412,Technical,2,AI,33,Yes,1,1,High,No,0.03,3,1.465
3413,Billing,4,AI,36,Yes,5,1,High,No,0.139,3,2.2800000000000002
3414,Customer Support,5,Human,9,Yes,1,3,High,No,0.111,3,2.9450000000000003
3415,Billing,3,Human,54,Yes,5,1,Low,No,0.093,1,1.7700000000000002
3416,HR,3,Human,45,No,4,2,Low,No,0.089,1,1.9250000000000003
3417,Technical,4,Human,47,Yes,5,3,Low,No,0.106,1,2.535
3418,Customer Support,1,AI,37,Yes,5,3,Medium,No,0.135,2,1.385
3419,Customer Support,5,Human,43,Yes,4,2,Low,No,0.093,1,2.715
3420,Customer Support,2,Human,53,Yes,3,2,Low,No,0.057,1,1.565
3421,Customer Support,2,Human,22,Yes,1,0,Medium,No,0.045,2,1.11
3422,Billing,2,AI,45,Yes,3,1,Low,No,0.067,1,1.325
3423,Customer Support,1,Human,41,Yes,1,1,Low,No,0.024,1,0.9049999999999999
3424,Billing,3,Human,20,Yes,1,2,Low,No,0.05,1,1.8000000000000003
3425,Customer Support,4,Human,13,Yes,2,3,High,No,0.154,3,2.5650000000000004
3426,HR,1,Human,36,Yes,4,3,Medium,No,0.111,2,1.3800000000000001
3427,Technical,1,AI,50,Yes,4,2,High,No,0.08,3,1.35
3428,Customer Support,1,AI,25,Yes,3,3,Medium,No,0.12,2,1.325
3429,Technical,4,AI,21,Yes,4,2,High,No,0.19,3,2.4050000000000002
3430,Customer Support,3,AI,52,Yes,1,0,Low,No,0.019,1,1.5600000000000003
3431,Technical,2,AI,53,Yes,4,0,High,No,0.075,3,1.365
3432,Billing,1,Human,31,No,5,0,Low,No,0.161,1,0.655
3433,Technical,2,Human,28,Yes,1,0,Low,No,0.036,1,1.04
3434,Billing,1,AI,5,Yes,5,1,Low,Yes,1.0,1,0.725
3435,HR,5,AI,31,Yes,3,1,Low,No,0.097,1,2.455
3436,Technical,2,Human,22,Yes,2,0,High,No,0.091,3,1.21
3437,HR,1,Human,55,Yes,4,2,High,No,0.073,3,1.3750000000000002
3438,Customer Support,4,AI,50,Yes,2,2,High,No,0.04,3,2.55
3439,Technical,4,Human,30,Yes,2,2,Medium,No,0.067,2,2.35
3440,Billing,2,AI,28,Yes,5,0,Low,No,0.179,1,1.04
3441,Billing,5,Human,23,Yes,4,3,Low,No,0.174,1,2.8150000000000004
3442,HR,3,Human,54,Yes,4,2,Low,No,0.074,1,1.9700000000000002
3443,Technical,1,AI,23,Yes,2,1,Medium,No,0.087,2,0.915
3444,Technical,4,Human,29,Yes,4,1,Low,No,0.138,1,2.045
3445,HR,1,Human,7,Yes,5,0,High,Yes,0.714,3,0.7350000000000001
3446,HR,1,Human,49,Yes,3,1,Medium,No,0.061,2,1.045
3447,Billing,4,Human,34,Yes,4,1,Low,No,0.118,1,2.07
3448,Billing,1,Human,12,Yes,4,3,High,Yes,0.333,3,1.36
3449,HR,4,AI,19,Yes,1,1,High,No,0.053,3,2.1950000000000003
3450,Customer Support,3,Human,11,No,3,3,Low,No,0.273,1,1.9550000000000003
3451,Billing,2,AI,8,Yes,1,0,Low,Yes,0.125,1,0.9400000000000001
3452,Technical,1,Human,17,Yes,3,3,Medium,Yes,0.176,2,1.285
3453,HR,3,AI,29,Yes,2,1,Medium,No,0.069,2,1.745
3454,Technical,1,Human,6,Yes,3,0,Medium,Yes,0.5,2,0.6300000000000001
3455,HR,1,AI,34,Yes,4,3,Low,No,0.118,1,1.2700000000000002
3456,Technical,4,AI,43,Yes,4,1,Low,No,0.093,1,2.115
3457,Billing,3,Human,17,Yes,5,0,Medium,No,0.294,2,1.485
3458,Technical,3,Human,26,No,4,0,Medium,No,0.154,2,1.53
3459,Technical,1,Human,54,Yes,4,2,Medium,No,0.074,2,1.27
3460,Technical,2,Human,32,Yes,5,0,High,No,0.156,3,1.2600000000000002
3461,Technical,2,AI,15,Yes,5,0,High,Yes,0.333,3,1.175
3462,Billing,3,Human,47,Yes,5,2,Low,No,0.106,1,1.935
3463,Technical,3,Human,46,No,2,2,Low,No,0.043,1,1.9300000000000002
3464,HR,2,AI,29,No,1,0,Low,No,0.034,1,1.0450000000000002
3465,Billing,2,AI,49,Yes,4,0,Low,No,0.082,1,1.145
3466,HR,1,Human,44,No,2,0,Medium,No,0.045,2,0.8200000000000001
3467,Customer Support,2,AI,35,Yes,5,1,Low,No,0.143,1,1.2750000000000001
3468,Customer Support,1,AI,35,Yes,1,2,Low,No,0.029,1,1.0750000000000002
3469,Billing,5,Human,23,No,1,1,High,No,0.043,3,2.615
3470,Technical,5,Human,29,Yes,2,0,High,No,0.069,3,2.4450000000000003
3471,Customer Support,2,Human,42,Yes,5,1,High,No,0.119,3,1.51
3472,HR,2,AI,55,Yes,5,1,High,No,0.091,3,1.575
3473,Technical,1,AI,21,Yes,1,2,Medium,No,0.048,2,1.105
3474,Customer Support,3,AI,54,Yes,2,0,High,No,0.037,3,1.7700000000000002
3475,Billing,3,AI,15,Yes,1,1,High,No,0.067,3,1.7750000000000001
3476,Customer Support,4,Human,38,Yes,2,1,Medium,No,0.053,2,2.19
3477,Customer Support,4,Human,44,Yes,2,1,Low,No,0.045,1,2.12
3478,Customer Support,1,AI,38,Yes,5,2,High,No,0.132,3,1.29
3479,Technical,2,AI,35,No,1,3,Low,No,0.029,1,1.6750000000000003
3480,Customer Support,3,Human,6,Yes,4,0,Low,No,0.667,1,1.3300000000000003
3481,Technical,3,Human,48,Yes,3,3,High,No,0.062,3,2.34
3482,Billing,2,AI,10,Yes,4,0,Medium,Yes,0.4,2,1.05
3483,Customer Support,5,Human,47,Yes,2,3,High,No,0.043,3,3.135
3484,Billing,3,AI,16,Yes,1,3,Low,No,0.062,1,1.9800000000000004
3485,Technical,3,AI,41,Yes,1,1,Medium,No,0.024,2,1.8050000000000002
3486,Customer Support,5,Human,11,Yes,4,2,Medium,No,0.364,2,2.6550000000000002
3487,Billing,2,Human,33,Yes,4,1,High,No,0.121,3,1.465
3488,Customer Support,4,Human,27,Yes,5,1,Medium,No,0.185,2,2.1350000000000002
3489,Billing,1,AI,16,Yes,1,2,Low,Yes,0.062,1,0.9800000000000001
3490,HR,4,AI,9,Yes,5,0,High,No,0.556,3,1.945
3491,Technical,5,Human,9,Yes,3,0,Medium,No,0.333,2,2.245
3492,Customer Support,2,Human,13,Yes,2,0,Medium,Yes,0.154,2,1.065
3493,HR,1,AI,41,Yes,1,1,Low,No,0.024,1,0.9049999999999999
3494,Technical,4,AI,36,Yes,2,2,Medium,No,0.056,2,2.3800000000000003
3495,Technical,3,AI,19,Yes,4,0,High,No,0.211,3,1.5950000000000002
3496,Billing,5,AI,39,Yes,2,1,Medium,No,0.051,2,2.595
3497,Billing,1,AI,10,Yes,3,0,Low,Yes,0.3,1,0.55
3498,Billing,4,AI,29,No,5,1,Medium,No,0.172,2,2.145
3499,Customer Support,1,Human,24,Yes,4,0,Low,No,0.167,1,0.62
3500,HR,1,AI,31,Yes,1,3,Medium,No,0.032,2,1.3550000000000002
3501,HR,3,AI,17,Yes,1,2,Medium,No,0.059,2,1.885
3502,Technical,1,AI,37,Yes,1,1,Medium,No,0.027,2,0.9849999999999999
3503,HR,4,Human,21,Yes,2,3,High,No,0.095,3,2.6050000000000004
3504,Technical,2,AI,17,Yes,1,3,Low,Yes,0.059,1,1.5850000000000002
3505,Billing,2,AI,46,Yes,5,0,High,No,0.109,3,1.33
3506,Customer Support,3,AI,54,Yes,4,1,High,No,0.074,3,1.9700000000000002
3507,Technical,4,Human,6,Yes,5,0,High,No,0.833,3,1.9300000000000002
3508,Technical,5,Human,18,Yes,5,3,Low,No,0.278,1,2.79
3509,Customer Support,1,Human,55,Yes,5,0,High,No,0.091,3,0.9750000000000001
3510,Billing,4,Human,16,Yes,1,2,Low,No,0.062,1,2.18
3511,Billing,5,Human,7,Yes,5,3,Low,No,0.714,1,2.7350000000000003
3512,HR,5,AI,30,Yes,1,3,Low,No,0.033,1,2.85
3513,HR,1,AI,9,Yes,3,0,Medium,Yes,0.333,2,0.645
3514,HR,2,AI,31,Yes,5,3,High,No,0.161,3,1.8550000000000002
3515,Technical,3,AI,5,No,1,1,Low,No,0.2,1,1.5250000000000001
3516,Customer Support,3,Human,6,Yes,4,1,Medium,No,0.667,2,1.6300000000000001
3517,Customer Support,4,Human,45,Yes,5,2,High,No,0.111,3,2.5250000000000004
3518,HR,5,Human,51,Yes,3,1,High,No,0.059,3,2.755
3519,HR,2,Human,18,Yes,2,3,Low,Yes,0.111,1,1.5900000000000003
3520,HR,3,Human,39,No,4,3,Medium,No,0.103,2,2.1950000000000003
3521,HR,1,Human,40,Yes,5,1,High,No,0.125,3,1.1
3522,Billing,1,AI,35,Yes,4,1,Low,No,0.114,1,0.8750000000000001
3523,Billing,5,AI,28,Yes,2,1,Medium,No,0.071,2,2.5400000000000005
3524,Customer Support,1,AI,42,Yes,5,0,Medium,No,0.119,2,0.81
3525,Technical,3,Human,11,Yes,3,0,High,No,0.273,3,1.5550000000000002
3526,HR,5,Human,13,Yes,4,0,High,No,0.308,3,2.365
3527,Customer Support,4,Human,14,Yes,1,0,Medium,No,0.071,2,1.87
3528,HR,2,AI,44,Yes,5,0,Medium,No,0.114,2,1.22
3529,Billing,4,AI,39,Yes,1,2,Medium,No,0.026,2,2.3950000000000005
3530,HR,2,Human,22,No,3,0,Low,No,0.136,1,1.01
3531,Billing,1,AI,15,Yes,4,0,Medium,Yes,0.267,2,0.675
3532,Customer Support,1,AI,53,Yes,3,0,Low,No,0.057,1,0.765
3533,HR,4,Human,21,Yes,5,2,High,No,0.238,3,2.4050000000000002
3534,Customer Support,2,AI,39,Yes,2,3,Low,No,0.051,1,1.6950000000000003
3535,Technical,3,Human,8,No,1,0,Low,No,0.125,1,1.3400000000000003
3536,Technical,2,AI,23,Yes,4,3,Low,No,0.174,1,1.6150000000000002
3537,Customer Support,1,Human,26,No,4,0,Low,No,0.154,1,0.63
3538,Customer Support,4,AI,24,Yes,1,2,High,No,0.042,3,2.42
3539,Customer Support,5,Human,37,Yes,4,2,Medium,No,0.108,2,2.785
3540,Technical,4,Human,9,Yes,5,3,Low,No,0.556,1,2.345
3541,Technical,2,AI,42,Yes,1,0,Low,No,0.024,1,1.11
3542,HR,2,Human,47,Yes,5,3,Low,No,0.106,1,1.7350000000000003
3543,HR,3,Human,35,Yes,3,1,High,No,0.086,3,1.8750000000000002
3544,HR,1,Human,40,Yes,5,2,Medium,No,0.125,2,1.2
3545,HR,3,Human,29,Yes,1,0,Low,No,0.034,1,1.4450000000000003
3546,Customer Support,4,Human,17,Yes,1,3,High,No,0.059,3,2.585
3547,Billing,2,Human,16,Yes,2,0,High,Yes,0.125,3,1.1800000000000002
3548,Customer Support,4,Human,55,Yes,4,2,High,No,0.073,3,2.575
3549,HR,3,Human,14,Yes,4,2,Medium,No,0.286,2,1.8700000000000003
3550,Customer Support,3,Human,45,Yes,1,1,High,No,0.022,3,1.9250000000000003
3551,Billing,5,AI,48,Yes,3,1,Low,No,0.062,1,2.5400000000000005
3552,Billing,4,Human,21,Yes,3,1,Low,No,0.143,1,2.005
3553,Technical,1,AI,27,Yes,3,3,Low,No,0.111,1,1.2350000000000003
3554,Customer Support,5,AI,60,Yes,2,1,Medium,No,0.033,2,2.7
3555,Technical,5,Human,40,Yes,1,2,High,No,0.025,3,2.9000000000000004
3556,HR,1,Human,22,Yes,4,1,Low,No,0.182,1,0.8099999999999999
3557,Customer Support,4,AI,29,Yes,5,2,Medium,No,0.172,2,2.345
3558,Technical,4,Human,9,Yes,3,1,Medium,No,0.333,2,2.045
3559,Billing,1,Human,47,Yes,5,0,Medium,No,0.106,2,0.835
3560,HR,3,Human,55,Yes,1,2,High,No,0.018,3,2.175
3561,Customer Support,2,AI,42,Yes,5,0,Medium,No,0.119,2,1.21
3562,HR,4,AI,14,No,2,3,High,No,0.143,3,2.5700000000000003
3563,Customer Support,2,AI,60,Yes,2,2,Medium,No,0.033,2,1.7
3564,Billing,1,Human,55,Yes,3,1,High,No,0.055,3,1.175
3565,Technical,3,Human,11,Yes,5,1,Medium,No,0.455,2,1.655
3566,Technical,1,Human,16,Yes,3,1,Low,Yes,0.188,1,0.78
3567,HR,4,AI,29,Yes,2,3,High,No,0.069,3,2.6450000000000005
3568,HR,1,AI,17,Yes,2,1,Low,Yes,0.118,1,0.785
3569,Technical,1,AI,53,Yes,2,3,Low,No,0.038,1,1.3650000000000002
3570,Technical,4,Human,20,No,2,2,High,No,0.1,3,2.4000000000000004
3571,Customer Support,3,Human,60,Yes,3,1,Medium,No,0.05,2,1.9000000000000001
3572,Billing,3,AI,6,Yes,5,1,Low,No,0.833,1,1.5300000000000002
3573,HR,3,AI,27,Yes,4,1,Low,No,0.148,1,1.6350000000000002
3574,Billing,2,Human,10,Yes,4,1,High,Yes,0.4,3,1.35
3575,Technical,4,Human,41,Yes,5,3,Medium,No,0.122,2,2.6050000000000004
3576,HR,3,AI,41,Yes,5,2,High,No,0.122,3,2.1050000000000004
3577,Customer Support,2,Human,55,Yes,5,1,High,No,0.091,3,1.575
3578,Billing,2,Human,54,Yes,2,1,High,No,0.037,3,1.57
3579,HR,4,AI,36,Yes,1,1,High,No,0.028,3,2.2800000000000002
3580,Customer Support,4,Human,55,Yes,5,2,Medium,No,0.091,2,2.475
3581,Customer Support,5,AI,54,Yes,2,2,High,No,0.037,3,2.9699999999999998
3582,Technical,2,Human,32,Yes,2,2,Low,No,0.062,1,1.4600000000000002
3583,Billing,4,Human,34,No,2,1,High,No,0.059,3,2.27
3584,Technical,2,Human,17,Yes,4,1,Low,Yes,0.235,1,1.185
3585,Technical,2,Human,12,Yes,3,3,Medium,Yes,0.25,2,1.6600000000000001
3586,Billing,2,AI,54,Yes,5,2,High,No,0.093,3,1.7700000000000002
3587,Billing,5,AI,55,Yes,3,2,Medium,No,0.055,2,2.875
3588,Billing,4,AI,38,Yes,2,0,Low,No,0.053,1,1.8900000000000001
3589,Billing,3,Human,16,Yes,1,0,Medium,No,0.062,2,1.4800000000000002
3590,Technical,4,Human,12,Yes,1,1,Low,No,0.083,1,1.9600000000000002
3591,Billing,3,AI,8,Yes,2,1,High,No,0.25,3,1.7400000000000002
3592,Billing,4,Human,52,Yes,5,0,High,No,0.096,3,2.16
3593,Technical,5,Human,32,Yes,3,2,Medium,No,0.094,2,2.7600000000000002
3594,HR,4,AI,6,Yes,2,1,Medium,No,0.333,2,2.0300000000000002
3595,Billing,4,Human,36,Yes,2,1,High,No,0.056,3,2.2800000000000002
3596,Customer Support,5,AI,27,Yes,1,0,High,No,0.037,3,2.4349999999999996
3597,Technical,4,AI,52,Yes,4,1,Low,No,0.077,1,2.16
3598,HR,5,Human,57,Yes,1,3,Low,No,0.018,1,2.9850000000000003
3599,Customer Support,4,AI,30,Yes,1,2,Low,No,0.033,1,2.25
3600,Customer Support,2,Human,59,Yes,1,0,Medium,No,0.017,2,1.295
3601,Billing,1,Human,50,Yes,3,1,Medium,No,0.06,2,1.05
3602,Billing,1,AI,34,Yes,2,1,Medium,No,0.059,2,0.97
3603,HR,4,AI,43,Yes,1,1,Medium,No,0.023,2,2.2150000000000003
3604,Customer Support,1,Human,47,Yes,1,1,High,No,0.021,3,1.135
3605,HR,1,Human,49,Yes,2,3,Low,No,0.041,1,1.3450000000000002
3606,Customer Support,5,AI,6,Yes,1,1,High,No,0.167,3,2.5300000000000002
3607,HR,2,Human,24,Yes,5,2,Low,No,0.208,1,1.4200000000000002
3608,Billing,3,AI,32,Yes,5,0,High,No,0.156,3,1.6600000000000001
3609,Billing,5,Human,18,Yes,2,1,High,No,0.111,3,2.59
3610,Technical,3,Human,59,Yes,3,3,Medium,No,0.051,2,2.2950000000000004
3611,Technical,4,Human,18,Yes,3,1,High,No,0.167,3,2.1900000000000004
3612,Technical,5,AI,22,No,3,0,Medium,No,0.136,2,2.31
3613,HR,1,AI,18,Yes,3,1,Low,Yes,0.167,1,0.7899999999999999
3614,Customer Support,3,AI,26,Yes,2,0,Low,No,0.077,1,1.4300000000000002
3615,Billing,1,Human,42,Yes,2,2,Low,No,0.048,1,1.11
3616,Billing,3,Human,49,Yes,5,2,Low,No,0.102,1,1.9450000000000003
3617,Customer Support,5,AI,14,Yes,2,3,High,No,0.143,3,2.9699999999999998
3618,HR,5,Human,40,Yes,1,3,Medium,No,0.025,2,3.0000000000000004
3619,Billing,3,Human,43,Yes,2,3,Low,No,0.047,1,2.1150000000000007
3620,Customer Support,3,Human,29,Yes,5,0,Low,No,0.172,1,1.4450000000000003
3621,Customer Support,2,AI,40,Yes,3,0,Low,No,0.075,1,1.1
3622,Technical,4,AI,51,Yes,1,1,High,No,0.02,3,2.3550000000000004
3623,HR,5,Human,46,Yes,4,1,High,No,0.087,3,2.7300000000000004
3624,Technical,2,AI,16,Yes,2,1,Medium,Yes,0.125,2,1.28
3625,Technical,3,Human,53,Yes,4,0,Medium,No,0.075,2,1.665
3626,Technical,4,AI,43,Yes,4,2,Low,No,0.093,1,2.3150000000000004
3627,Customer Support,3,AI,42,Yes,1,0,Low,No,0.024,1,1.5100000000000002
3628,Technical,4,Human,19,Yes,2,2,Medium,No,0.105,2,2.2950000000000004
3629,Billing,3,AI,14,Yes,4,3,High,No,0.286,3,2.1700000000000004
3630,Customer Support,4,AI,58,Yes,4,2,Medium,No,0.069,2,2.49
3631,Technical,3,AI,16,Yes,3,0,Medium,No,0.188,2,1.4800000000000002
3632,Customer Support,5,AI,11,No,1,3,Medium,No,0.091,2,2.8550000000000004
3633,Billing,5,Human,25,Yes,5,2,Low,No,0.2,1,2.625
3634,Technical,3,Human,22,Yes,4,3,Medium,No,0.182,2,2.1100000000000003
3635,Technical,3,AI,57,Yes,2,1,Medium,No,0.035,2,1.885
3636,Billing,1,Human,30,Yes,4,0,High,No,0.133,3,0.8500000000000001
3637,Customer Support,2,AI,37,Yes,2,0,High,No,0.054,3,1.2850000000000001
3638,Technical,5,AI,60,Yes,4,0,Medium,No,0.067,2,2.5
3639,HR,2,AI,21,Yes,4,1,Low,No,0.19,1,1.205
3640,HR,5,Human,48,Yes,1,1,Low,No,0.021,1,2.5400000000000005
3641,HR,1,AI,30,Yes,5,3,Medium,No,0.167,2,1.35
3642,HR,2,Human,59,Yes,4,0,Medium,No,0.068,2,1.295
3643,HR,1,AI,29,Yes,4,0,Medium,No,0.138,2,0.7450000000000001
3644,Billing,2,AI,58,Yes,3,1,Low,No,0.052,1,1.3900000000000001
3645,Technical,3,Human,35,Yes,3,0,Low,No,0.086,1,1.4750000000000003
3646,HR,3,Human,10,Yes,2,0,Low,No,0.2,1,1.3500000000000003
3647,Technical,4,AI,12,Yes,4,0,High,No,0.333,3,1.9600000000000002
3648,HR,2,Human,26,Yes,3,1,Low,No,0.115,1,1.2300000000000002
3649,Billing,5,AI,41,Yes,1,0,Low,No,0.024,1,2.305
3650,Billing,4,Human,58,Yes,2,1,Low,No,0.034,1,2.1900000000000004
3651,Technical,4,AI,28,No,5,2,Low,No,0.179,1,2.24
3652,HR,5,Human,51,Yes,3,2,High,No,0.059,3,2.955
3653,Customer Support,1,Human,50,Yes,1,1,Medium,No,0.02,2,1.05
3654,Technical,5,Human,17,Yes,5,1,High,No,0.294,3,2.585
3655,HR,2,Human,57,No,1,0,Medium,No,0.018,2,1.285
3656,HR,1,AI,49,Yes,3,3,Medium,No,0.061,2,1.445
3657,Customer Support,3,Human,34,Yes,3,0,Low,No,0.088,1,1.4700000000000002
3658,Technical,4,AI,40,Yes,2,1,Medium,No,0.05,2,2.2
3659,Customer Support,5,AI,12,Yes,4,0,Low,No,0.333,1,2.16
3660,HR,2,AI,9,Yes,1,2,Low,Yes,0.111,1,1.3450000000000002
3661,Customer Support,1,AI,55,Yes,3,0,Medium,No,0.055,2,0.875
3662,Technical,2,Human,30,Yes,4,3,Medium,No,0.133,2,1.7500000000000002
3663,Customer Support,3,AI,54,No,3,0,Low,No,0.056,1,1.5700000000000003
3664,Technical,5,AI,59,Yes,1,0,High,No,0.017,3,2.5949999999999998
3665,Technical,2,AI,46,Yes,5,0,High,No,0.109,3,1.33
3666,Technical,5,AI,46,Yes,2,0,Low,No,0.043,1,2.33
3667,Customer Support,1,Human,31,Yes,1,0,High,No,0.032,3,0.8550000000000001
3668,HR,3,AI,32,Yes,1,1,Low,No,0.031,1,1.6600000000000001
3669,Technical,3,AI,35,Yes,1,3,Medium,No,0.029,2,2.1750000000000003
3670,HR,3,AI,16,Yes,4,0,Low,No,0.25,1,1.3800000000000003
3671,HR,1,AI,26,Yes,4,1,High,No,0.154,3,1.03
3672,HR,1,AI,21,Yes,2,3,Low,No,0.095,1,1.205
3673,HR,3,Human,45,Yes,2,1,High,No,0.044,3,1.9250000000000003
3674,Customer Support,1,Human,20,Yes,2,0,Medium,Yes,0.1,2,0.7
3675,HR,3,Human,52,No,4,3,Low,No,0.077,1,2.1600000000000006
3676,Technical,3,Human,38,Yes,5,1,Low,No,0.132,1,1.6900000000000002
3677,HR,1,AI,31,Yes,4,1,High,No,0.129,3,1.0550000000000002
3678,Billing,2,Human,24,No,3,3,Medium,No,0.125,2,1.72
3679,HR,3,Human,25,Yes,5,2,Low,No,0.2,1,1.8250000000000002
3680,Customer Support,5,Human,7,Yes,1,2,Low,No,0.143,1,2.535
3681,HR,2,Human,38,Yes,4,0,High,No,0.105,3,1.29
3682,Billing,2,Human,55,Yes,4,1,Medium,No,0.073,2,1.4749999999999999
3683,Customer Support,4,Human,52,Yes,5,3,Low,No,0.096,1,2.56
3684,HR,5,AI,60,Yes,5,0,High,No,0.083,3,2.5999999999999996
3685,Customer Support,3,AI,30,Yes,2,0,Low,No,0.067,1,1.4500000000000002
3686,HR,2,AI,49,Yes,4,0,Medium,No,0.082,2,1.2449999999999999
3687,HR,5,AI,19,Yes,1,2,Low,No,0.053,1,2.595
3688,Customer Support,1,AI,58,Yes,1,1,Low,No,0.017,1,0.9899999999999999
3689,HR,4,Human,29,Yes,2,1,Low,No,0.069,1,2.045
3690,Customer Support,3,AI,55,Yes,3,0,Medium,No,0.055,2,1.675
3691,Customer Support,4,Human,50,Yes,1,1,Medium,No,0.02,2,2.2500000000000004
3692,Customer Support,4,Human,60,Yes,4,1,Low,No,0.067,1,2.2
3693,Technical,3,AI,27,Yes,2,0,High,No,0.074,3,1.6350000000000002
3694,Technical,5,Human,50,Yes,3,3,High,No,0.06,3,3.1500000000000004
3695,Customer Support,3,AI,55,No,4,2,Medium,No,0.073,2,2.075
3696,HR,2,Human,20,Yes,3,1,Low,Yes,0.15,1,1.2000000000000002
3697,Technical,2,Human,47,Yes,4,2,High,No,0.085,3,1.735
3698,Customer Support,3,Human,35,Yes,2,2,Medium,No,0.057,2,1.9750000000000003
3699,Billing,2,AI,44,Yes,2,3,Medium,No,0.045,2,1.82
3700,Customer Support,1,Human,32,Yes,2,3,Low,No,0.062,1,1.2600000000000002
3701,HR,2,Human,23,Yes,5,1,High,No,0.217,3,1.415
3702,Technical,4,AI,37,Yes,1,1,Low,No,0.027,1,2.085
3703,Customer Support,3,AI,28,Yes,3,1,Medium,No,0.107,2,1.74
3704,Customer Support,2,AI,58,Yes,2,2,Low,No,0.034,1,1.5900000000000003
3705,Billing,3,AI,34,Yes,1,3,High,No,0.029,3,2.2700000000000005
3706,Technical,1,AI,39,Yes,1,0,High,No,0.026,3,0.895
3707,Technical,5,Human,33,Yes,3,1,High,No,0.091,3,2.665
3708,Customer Support,1,AI,47,Yes,5,2,Low,No,0.106,1,1.1350000000000002
3709,HR,4,Human,42,Yes,5,2,Low,No,0.119,1,2.31
3710,Billing,1,AI,8,Yes,1,1,High,Yes,0.125,3,0.9400000000000001
3711,Technical,3,Human,43,Yes,5,0,Medium,No,0.116,2,1.6150000000000002
3712,Billing,3,AI,13,Yes,3,0,Low,No,0.231,1,1.3650000000000002
3713,HR,2,AI,15,Yes,5,1,Medium,Yes,0.333,2,1.275
3714,HR,1,Human,26,Yes,4,0,Medium,No,0.154,2,0.73
3715,Technical,3,Human,60,Yes,4,2,Low,No,0.067,1,2.0000000000000004
3716,Billing,1,Human,28,Yes,4,2,High,No,0.143,3,1.2400000000000002
3717,Billing,5,AI,12,Yes,3,1,High,No,0.25,3,2.5600000000000005
3718,HR,2,Human,8,Yes,3,1,High,Yes,0.375,3,1.34
3719,Billing,3,AI,38,Yes,4,1,Medium,No,0.105,2,1.79
3720,Technical,1,Human,10,Yes,4,0,Medium,Yes,0.4,2,0.65
3721,Customer Support,1,Human,12,Yes,2,2,Medium,Yes,0.167,2,1.06
3722,Technical,1,Human,54,Yes,1,3,Low,No,0.019,1,1.37
3723,HR,3,Human,46,Yes,3,2,Medium,No,0.065,2,2.0300000000000002
3724,Customer Support,4,AI,27,Yes,1,3,Medium,No,0.037,2,2.535
3725,HR,4,AI,19,Yes,5,3,High,No,0.263,3,2.5949999999999998
3726,Billing,3,AI,41,Yes,3,0,High,No,0.073,3,1.7050000000000003
3727,Billing,4,AI,39,Yes,3,1,Medium,No,0.077,2,2.1950000000000003
3728,Technical,5,Human,10,Yes,5,3,Low,No,0.5,1,2.75
3729,Technical,5,Human,32,No,1,2,High,No,0.031,3,2.8600000000000003
3730,HR,1,AI,59,Yes,2,3,Low,No,0.034,1,1.3950000000000002
3731,Billing,4,Human,42,Yes,3,3,High,No,0.071,3,2.71
3732,Customer Support,5,AI,7,Yes,4,1,Medium,No,0.571,2,2.4350000000000005
3733,Billing,1,AI,31,Yes,4,1,Medium,No,0.129,2,0.9550000000000001
3734,HR,3,Human,34,Yes,5,2,Medium,No,0.147,2,1.97
3735,Technical,5,Human,24,Yes,4,1,Medium,No,0.167,2,2.5200000000000005
3736,HR,3,AI,31,Yes,5,3,Low,No,0.161,1,2.055
3737,Billing,4,Human,36,Yes,3,0,Low,No,0.083,1,1.8800000000000001
3738,Customer Support,5,Human,21,No,5,3,Low,No,0.238,1,2.805
3739,Technical,1,Human,49,Yes,3,2,Low,No,0.061,1,1.145
3740,Billing,5,AI,22,Yes,2,3,Medium,No,0.091,2,2.91
3741,Technical,2,AI,23,Yes,3,1,High,No,0.13,3,1.415
3742,Technical,2,Human,40,Yes,3,0,Low,No,0.075,1,1.1
3743,HR,2,AI,10,Yes,5,2,Medium,Yes,0.5,2,1.45
3744,HR,2,AI,29,Yes,5,3,Low,No,0.172,1,1.6450000000000002
3745,Customer Support,1,AI,39,Yes,5,2,High,No,0.128,3,1.295
3746,HR,5,AI,39,No,4,0,Low,No,0.103,1,2.295
3747,Customer Support,1,Human,35,Yes,5,2,High,No,0.143,3,1.2750000000000001
3748,Technical,4,Human,41,Yes,5,2,High,No,0.122,3,2.505
3749,HR,2,Human,58,Yes,4,2,Low,No,0.069,1,1.5900000000000003
3750,Billing,4,AI,45,Yes,3,1,High,No,0.067,3,2.325
3751,Technical,1,Human,12,Yes,3,2,Medium,Yes,0.25,2,1.06
3752,HR,5,Human,22,No,5,1,Medium,No,0.227,2,2.5100000000000002
3753,Technical,2,Human,57,Yes,3,1,Low,No,0.053,1,1.385
3754,Billing,3,Human,50,No,4,2,High,No,0.08,3,2.1500000000000004
3755,Billing,1,Human,36,Yes,1,0,Low,No,0.028,1,0.68
3756,Billing,2,Human,47,Yes,2,0,Low,No,0.043,1,1.1350000000000002
3757,Technical,3,Human,54,Yes,1,3,Medium,No,0.019,2,2.2700000000000005
3758,Billing,4,Human,54,Yes,3,2,Medium,No,0.056,2,2.47
3759,HR,4,AI,56,Yes,4,3,Medium,No,0.071,2,2.6800000000000006
3760,Billing,1,Human,54,Yes,5,1,Medium,No,0.093,2,1.07
3761,Billing,1,Human,34,Yes,1,3,High,No,0.029,3,1.4700000000000002
3762,Billing,1,AI,14,Yes,1,3,Low,Yes,0.071,1,1.1700000000000002
3763,Billing,2,AI,50,Yes,2,2,High,No,0.04,3,1.7500000000000002
3764,HR,2,Human,58,Yes,4,0,High,No,0.069,3,1.3900000000000001
3765,Technical,5,Human,8,Yes,4,3,Low,No,0.5,1,2.74
3766,Customer Support,4,AI,22,Yes,3,0,Low,No,0.136,1,1.81
3767,Customer Support,3,AI,54,Yes,4,3,High,No,0.074,3,2.37
3768,Technical,5,Human,13,Yes,4,1,Medium,No,0.308,2,2.4650000000000003
3769,Customer Support,1,Human,18,Yes,3,2,Low,Yes,0.167,1,0.99
3770,HR,3,AI,9,Yes,4,3,High,No,0.444,3,2.1450000000000005
3771,Customer Support,4,AI,5,Yes,2,3,Medium,No,0.4,2,2.4250000000000003
3772,Technical,5,AI,32,Yes,1,0,High,No,0.031,3,2.46
3773,Customer Support,5,AI,30,Yes,1,3,High,No,0.033,3,3.05
3774,Billing,4,AI,52,Yes,4,1,Low,No,0.077,1,2.16
3775,HR,1,Human,27,Yes,1,2,Low,No,0.037,1,1.0350000000000001
3776,HR,5,Human,55,Yes,4,0,Low,No,0.073,1,2.375
3777,HR,2,Human,48,Yes,3,2,High,No,0.062,3,1.74
3778,Customer Support,4,Human,40,Yes,1,2,High,No,0.025,3,2.5
3779,Technical,1,Human,43,Yes,1,2,High,No,0.023,3,1.3150000000000002
3780,Technical,2,AI,54,Yes,3,0,Low,No,0.056,1,1.1700000000000002
3781,Customer Support,3,Human,38,Yes,4,1,Low,No,0.105,1,1.6900000000000002
3782,Technical,2,Human,22,No,2,3,Low,No,0.091,1,1.6100000000000003
3783,Customer Support,2,Human,11,Yes,1,0,Medium,Yes,0.091,2,1.055
3784,Billing,2,Human,58,Yes,1,1,Low,No,0.017,1,1.3900000000000001
3785,Customer Support,2,Human,59,Yes,3,2,Low,No,0.051,1,1.5950000000000002
3786,Technical,1,Human,35,Yes,4,0,High,No,0.114,3,0.8750000000000001
3787,Technical,5,AI,53,Yes,1,2,Low,No,0.019,1,2.765
3788,Technical,1,AI,21,Yes,3,2,Medium,No,0.143,2,1.105
3789,Billing,5,AI,5,Yes,3,1,Medium,No,0.6,2,2.4250000000000003
3790,HR,3,Human,50,Yes,1,0,Low,No,0.02,1,1.5500000000000003
3791,Technical,3,AI,49,No,3,1,Medium,No,0.061,2,1.8450000000000002
3792,Customer Support,3,Human,12,Yes,4,3,Low,No,0.333,1,1.9600000000000004
3793,Customer Support,5,AI,9,Yes,3,3,Medium,No,0.333,2,2.845
3794,Customer Support,1,Human,20,Yes,2,0,Low,Yes,0.1,1,0.6
3795,Technical,1,AI,31,Yes,5,0,High,No,0.161,3,0.8550000000000001
3796,Billing,4,AI,47,Yes,2,3,High,No,0.043,3,2.7350000000000003
3797,Billing,4,AI,42,Yes,5,3,Medium,No,0.119,2,2.6100000000000003
3798,Billing,3,AI,60,Yes,5,2,High,No,0.083,3,2.2
3799,HR,2,Human,28,Yes,3,1,Medium,No,0.107,2,1.34
3800,Technical,4,AI,30,Yes,4,2,Medium,No,0.133,2,2.35
3801,Billing,1,AI,55,Yes,1,3,High,No,0.018,3,1.5750000000000002
3802,Technical,1,AI,59,No,4,0,Medium,No,0.068,2,0.895
3803,HR,1,Human,38,Yes,4,0,Medium,No,0.105,2,0.79
3804,Customer Support,2,AI,16,Yes,5,1,High,Yes,0.312,3,1.3800000000000001
3805,Technical,2,Human,35,Yes,4,0,High,No,0.114,3,1.2750000000000001
3806,Customer Support,1,Human,40,Yes,2,0,High,No,0.05,3,0.9
3807,Billing,3,AI,18,Yes,2,3,Low,No,0.111,1,1.9900000000000004
3808,Customer Support,5,Human,16,Yes,4,3,Low,No,0.25,1,2.7800000000000002
3809,Customer Support,4,AI,55,Yes,5,1,Low,No,0.091,1,2.1750000000000003
3810,Billing,4,Human,38,Yes,3,0,Medium,No,0.079,2,1.99
3811,Billing,3,AI,18,Yes,3,3,Low,No,0.167,1,1.9900000000000004
3812,Billing,3,AI,21,No,3,3,High,No,0.143,3,2.205
3813,Technical,5,AI,26,No,3,1,High,No,0.115,3,2.63
3814,Billing,3,AI,49,Yes,4,3,Medium,No,0.082,2,2.2450000000000006
3815,Technical,2,Human,5,Yes,3,0,High,Yes,0.6,3,1.125
3816,Billing,5,AI,9,Yes,2,0,Low,No,0.222,1,2.145
3817,Technical,3,Human,59,Yes,1,1,Low,No,0.017,1,1.7950000000000002
3818,HR,2,AI,19,Yes,4,0,Low,Yes,0.211,1,0.995
3819,Technical,4,AI,58,Yes,3,1,Low,No,0.052,1,2.1900000000000004
3820,HR,2,AI,39,Yes,5,2,Low,No,0.128,1,1.495
3821,HR,2,AI,52,Yes,2,3,High,No,0.038,3,1.9600000000000002
3822,Customer Support,5,AI,45,Yes,1,1,Low,No,0.022,1,2.5250000000000004
3823,Technical,1,AI,58,Yes,4,3,High,No,0.069,3,1.59
3824,HR,5,Human,6,No,3,0,High,No,0.5,3,2.33
3825,Customer Support,1,AI,41,Yes,2,3,High,No,0.049,3,1.5050000000000001
3826,Billing,5,AI,53,Yes,3,2,High,No,0.057,3,2.965
3827,HR,4,Human,10,Yes,3,1,Medium,No,0.3,2,2.0500000000000003
3828,Customer Support,5,Human,10,Yes,1,3,High,No,0.1,3,2.95
3829,Technical,3,Human,57,Yes,5,1,High,No,0.088,3,1.985
3830,Billing,3,Human,35,No,1,1,Medium,No,0.029,2,1.7750000000000001
3831,Technical,4,Human,9,Yes,2,1,Medium,No,0.222,2,2.045
3832,Customer Support,3,AI,39,Yes,3,2,High,No,0.077,3,2.0950000000000006
3833,Customer Support,4,Human,21,Yes,2,0,Low,No,0.095,1,1.8050000000000002
3834,Customer Support,4,AI,40,Yes,4,2,Low,No,0.1,1,2.3000000000000003
3835,Billing,5,AI,57,Yes,4,3,High,No,0.07,3,3.1850000000000005
3836,Technical,4,Human,28,Yes,1,0,Medium,No,0.036,2,1.94
3837,Billing,5,AI,52,Yes,2,2,High,No,0.038,3,2.96
3838,Technical,2,Human,23,Yes,2,1,High,No,0.087,3,1.415
3839,Billing,5,AI,6,Yes,1,3,High,No,0.167,3,2.9299999999999997
3840,HR,2,Human,25,Yes,1,3,High,No,0.04,3,1.8250000000000002
3841,Billing,5,Human,24,Yes,1,0,High,No,0.042,3,2.42
3842,Billing,5,Human,44,Yes,2,3,Medium,No,0.045,2,3.02
3843,Customer Support,4,Human,31,Yes,1,2,Low,No,0.032,1,2.2550000000000003
3844,Customer Support,2,Human,37,Yes,1,1,Low,No,0.027,1,1.2850000000000001
3845,Billing,3,Human,24,Yes,3,1,Medium,No,0.125,2,1.7200000000000002
3846,Billing,2,AI,20,Yes,1,0,Low,Yes,0.05,1,1.0
3847,HR,2,AI,32,Yes,1,1,High,No,0.031,3,1.4600000000000002
3848,HR,5,Human,53,Yes,5,0,High,No,0.094,3,2.5650000000000004
3849,Technical,5,AI,9,Yes,5,3,Medium,No,0.556,2,2.845
3850,Technical,1,Human,48,Yes,2,3,High,No,0.042,3,1.5400000000000003
3851,Customer Support,4,AI,59,Yes,2,1,Low,No,0.034,1,2.1950000000000003
3852,Billing,2,Human,18,Yes,2,1,Low,Yes,0.111,1,1.1900000000000002
3853,HR,3,Human,52,Yes,1,0,Medium,No,0.019,2,1.6600000000000001
3854,HR,3,Human,48,Yes,4,1,Low,No,0.083,1,1.7400000000000002
3855,Customer Support,2,AI,9,Yes,1,0,Low,Yes,0.111,1,0.9450000000000001
3856,HR,2,Human,23,Yes,2,0,High,No,0.087,3,1.215
3857,Technical,3,Human,39,Yes,3,0,High,No,0.077,3,1.6950000000000003
3858,Billing,4,Human,57,Yes,1,0,High,No,0.018,3,2.185
3859,Billing,2,AI,35,Yes,1,2,Low,No,0.029,1,1.475
3860,HR,4,Human,34,Yes,2,1,Medium,No,0.059,2,2.17
3861,Technical,3,Human,55,Yes,2,0,High,No,0.036,3,1.7750000000000001
3862,Customer Support,4,Human,29,Yes,5,3,High,No,0.172,3,2.6450000000000005
3863,Billing,5,Human,60,Yes,2,0,High,No,0.033,3,2.5999999999999996
3864,Customer Support,1,Human,16,Yes,5,0,High,Yes,0.312,3,0.78
3865,HR,4,Human,48,Yes,1,3,Medium,No,0.021,2,2.6400000000000006
3866,HR,4,Human,17,No,5,0,Low,No,0.294,1,1.7850000000000001
3867,Technical,1,AI,10,Yes,2,1,High,Yes,0.2,3,0.9500000000000001
3868,Billing,1,AI,40,Yes,3,3,Medium,No,0.075,2,1.4000000000000001
3869,Technical,3,Human,21,Yes,2,3,Medium,No,0.095,2,2.1050000000000004
3870,Customer Support,3,AI,31,No,3,1,Low,No,0.097,1,1.6550000000000002
3871,Customer Support,2,Human,32,Yes,3,0,Medium,No,0.094,2,1.1600000000000001
3872,HR,4,AI,38,Yes,4,1,High,No,0.105,3,2.29
3873,Billing,3,AI,20,Yes,5,1,Low,No,0.25,1,1.6000000000000003
3874,HR,3,Human,44,Yes,4,1,Medium,No,0.091,2,1.82
3875,Customer Support,5,AI,10,Yes,1,0,Medium,No,0.1,2,2.25
3876,Technical,4,AI,20,Yes,4,0,Medium,No,0.2,2,1.9000000000000001
3877,Billing,5,Human,20,Yes,5,3,High,No,0.25,3,3.0
3878,HR,2,AI,59,Yes,4,0,High,No,0.068,3,1.395
3879,Billing,3,Human,59,No,3,1,Low,No,0.051,1,1.7950000000000002
3880,Technical,1,Human,48,Yes,4,3,High,No,0.083,3,1.5400000000000003
3881,Billing,5,AI,15,No,2,3,High,No,0.133,3,2.9750000000000005
3882,HR,1,AI,10,No,5,2,Low,Yes,0.5,1,0.9500000000000001
3883,Technical,1,AI,60,Yes,1,2,Low,No,0.017,1,1.2000000000000002
3884,Technical,3,AI,20,Yes,4,3,Medium,No,0.2,2,2.1000000000000005
3885,Technical,4,AI,18,Yes,1,0,High,No,0.056,3,1.9900000000000002
3886,Customer Support,4,AI,37,Yes,3,0,High,No,0.081,3,2.085
3887,Technical,1,AI,11,Yes,5,0,Low,Yes,0.455,1,0.555
3888,Customer Support,3,AI,40,Yes,4,1,Medium,No,0.1,2,1.8
3889,Customer Support,5,Human,6,Yes,3,2,Low,No,0.5,1,2.53
3890,HR,5,AI,52,Yes,1,1,High,No,0.019,3,2.76
3891,Customer Support,4,Human,43,Yes,5,2,Medium,No,0.116,2,2.4150000000000005
3892,HR,3,AI,42,Yes,3,1,Low,No,0.071,1,1.7100000000000002
3893,HR,5,AI,47,Yes,4,1,High,No,0.085,3,2.7350000000000003
3894,Technical,5,Human,41,Yes,1,3,Low,No,0.024,1,2.9050000000000002
3895,Customer Support,2,Human,20,Yes,4,3,Medium,Yes,0.2,2,1.7
3896,Billing,2,Human,60,Yes,4,2,High,No,0.067,3,1.8
3897,Technical,1,AI,49,Yes,4,2,High,No,0.082,3,1.345
3898,Billing,5,Human,47,Yes,2,1,Medium,No,0.043,2,2.6350000000000002
3899,HR,3,Human,55,Yes,4,3,Low,No,0.073,1,2.1750000000000003
3900,Technical,4,AI,46,Yes,4,2,Medium,No,0.087,2,2.43
3901,HR,3,AI,60,Yes,4,3,Low,No,0.067,1,2.2000000000000006
3902,Billing,3,Human,41,Yes,3,3,Low,No,0.073,1,2.1050000000000004
3903,Technical,5,Human,54,Yes,1,3,Medium,No,0.019,2,3.0700000000000003
3904,Customer Support,2,AI,11,Yes,5,1,High,Yes,0.455,3,1.355
3905,Billing,3,Human,24,No,2,3,Low,No,0.083,1,2.0200000000000005
3906,Customer Support,5,Human,12,No,1,0,Low,No,0.083,1,2.16
3907,Technical,4,Human,51,Yes,4,3,High,No,0.078,3,2.755
3908,Customer Support,1,AI,39,Yes,4,3,Low,No,0.103,1,1.2950000000000002
3909,HR,1,AI,19,Yes,5,2,Medium,Yes,0.263,2,1.095
3910,HR,1,AI,59,Yes,4,0,High,No,0.068,3,0.9950000000000001
3911,Technical,5,Human,41,Yes,3,3,Medium,No,0.073,2,3.0050000000000003
3912,Customer Support,1,Human,43,Yes,3,2,Medium,No,0.07,2,1.215
3913,Technical,2,Human,10,Yes,4,0,Medium,Yes,0.4,2,1.05
3914,HR,4,AI,46,Yes,2,3,High,No,0.043,3,2.7300000000000004
3915,Billing,3,AI,57,Yes,4,0,Medium,No,0.07,2,1.685
3916,Billing,4,Human,60,Yes,3,0,High,No,0.05,3,2.2
3917,Customer Support,5,Human,11,Yes,2,0,Medium,No,0.182,2,2.2550000000000003
3918,Customer Support,1,Human,15,Yes,4,1,Medium,Yes,0.267,2,0.875
3919,Billing,1,Human,45,No,4,0,Medium,No,0.089,2,0.825
3920,Billing,1,Human,58,Yes,4,2,Medium,No,0.069,2,1.2899999999999998
3921,HR,1,AI,13,No,1,3,High,Yes,0.077,3,1.3650000000000002
3922,HR,5,AI,25,Yes,2,1,Low,No,0.08,1,2.4250000000000003
3923,HR,3,AI,26,Yes,2,1,Low,No,0.077,1,1.6300000000000001
3924,Billing,5,Human,34,Yes,3,1,Medium,No,0.088,2,2.5700000000000003
3925,HR,5,AI,50,Yes,4,3,High,No,0.08,3,3.1500000000000004
3926,Technical,5,AI,41,Yes,3,2,Medium,No,0.073,2,2.805
3927,Technical,1,AI,22,Yes,5,0,Medium,No,0.227,2,0.71
3928,Customer Support,2,AI,49,Yes,2,0,Medium,No,0.041,2,1.2449999999999999
3929,Billing,2,Human,44,Yes,4,1,High,No,0.091,3,1.52
3930,Technical,2,AI,22,Yes,5,1,High,No,0.227,3,1.4100000000000001
3931,HR,1,Human,10,Yes,2,1,Low,Yes,0.2,1,0.75
3932,Technical,3,AI,28,Yes,5,0,High,No,0.179,3,1.6400000000000001
3933,Customer Support,5,AI,28,Yes,2,1,High,No,0.071,3,2.6400000000000006
3934,HR,3,AI,18,Yes,4,1,High,No,0.222,3,1.7900000000000003
3935,HR,2,AI,37,Yes,2,0,Medium,No,0.054,2,1.185
3936,Billing,5,AI,25,Yes,5,1,High,No,0.2,3,2.625
3937,HR,4,AI,41,No,4,2,High,No,0.098,3,2.505
3938,Customer Support,4,AI,32,Yes,2,0,Low,No,0.062,1,1.86
3939,Billing,2,Human,43,Yes,3,0,High,No,0.07,3,1.3150000000000002
3940,Billing,2,Human,24,Yes,2,3,High,No,0.083,3,1.82
3941,Technical,2,AI,17,Yes,3,2,Low,Yes,0.176,1,1.3850000000000002
3942,Billing,4,AI,51,Yes,5,0,Low,No,0.098,1,1.955
3943,Billing,3,Human,24,Yes,4,3,Low,No,0.167,1,2.0200000000000005
3944,Billing,4,Human,53,Yes,2,2,Medium,No,0.038,2,2.4650000000000003
3945,Technical,1,Human,60,Yes,3,0,Medium,No,0.05,2,0.8999999999999999
3946,HR,4,AI,57,Yes,5,3,Low,No,0.088,1,2.5850000000000004
3947,Technical,5,AI,48,No,2,2,Medium,No,0.042,2,2.8400000000000003
3948,Customer Support,1,AI,17,Yes,3,3,Low,Yes,0.176,1,1.185
3949,Customer Support,2,Human,44,No,4,3,Low,No,0.091,1,1.7200000000000002
3950,HR,2,Human,23,Yes,1,0,Medium,No,0.043,2,1.115
3951,Billing,1,AI,55,Yes,4,3,Medium,No,0.073,2,1.475
3952,HR,4,Human,21,Yes,4,1,Low,No,0.19,1,2.005
3953,Technical,2,AI,32,Yes,2,3,High,No,0.062,3,1.86
3954,Customer Support,2,Human,48,Yes,1,3,Medium,No,0.021,2,1.84
3955,Billing,5,Human,36,No,2,1,High,No,0.056,3,2.6800000000000006
3956,Customer Support,2,Human,45,No,2,0,High,No,0.044,3,1.325
3957,Customer Support,5,Human,23,Yes,2,2,Medium,No,0.087,2,2.7150000000000003
3958,Customer Support,2,Human,45,Yes,5,2,Low,No,0.111,1,1.525
3959,Technical,3,Human,41,Yes,5,1,Medium,No,0.122,2,1.8050000000000002
3960,HR,3,Human,26,Yes,3,0,High,No,0.115,3,1.6300000000000001
3961,Customer Support,4,AI,20,Yes,2,1,Medium,No,0.1,2,2.1
3962,HR,3,AI,30,Yes,3,1,Medium,No,0.1,2,1.75
3963,Customer Support,3,AI,37,Yes,3,2,Low,No,0.081,1,1.8850000000000002
3964,Customer Support,5,Human,21,Yes,4,3,Low,No,0.19,1,2.805
3965,Technical,5,AI,13,Yes,5,1,Low,No,0.385,1,2.365
3966,Customer Support,5,Human,36,Yes,2,0,High,No,0.056,3,2.4800000000000004
3967,HR,2,Human,25,Yes,1,2,High,No,0.04,3,1.6250000000000002
3968,Billing,2,Human,43,Yes,2,3,High,No,0.047,3,1.9150000000000003
3969,Technical,2,Human,35,Yes,3,2,Medium,No,0.086,2,1.575
3970,HR,2,Human,58,Yes,3,1,High,No,0.052,3,1.59
3971,Technical,5,Human,34,Yes,2,0,High,No,0.059,3,2.4699999999999998
3972,Customer Support,5,AI,18,Yes,5,0,Low,No,0.278,1,2.19
3973,HR,5,Human,60,Yes,1,3,Medium,No,0.017,2,3.1
3974,Customer Support,2,Human,47,Yes,4,3,High,No,0.085,3,1.9350000000000003
3975,HR,4,Human,24,Yes,5,1,High,No,0.208,3,2.22
3976,Customer Support,2,Human,5,Yes,5,2,High,Yes,1.0,3,1.5250000000000001
3977,Billing,4,Human,46,Yes,1,3,Medium,No,0.022,2,2.6300000000000003
3978,Billing,4,Human,22,Yes,2,2,Medium,No,0.091,2,2.31
3979,Customer Support,2,Human,43,No,3,1,Medium,No,0.07,2,1.415
3980,Technical,2,Human,23,Yes,1,0,Low,No,0.043,1,1.0150000000000001
3981,Technical,1,AI,25,Yes,5,2,High,No,0.2,3,1.225
3982,HR,3,Human,32,Yes,4,3,Medium,No,0.125,2,2.16
3983,Technical,5,Human,7,Yes,2,2,Low,No,0.286,1,2.535
3984,Billing,1,Human,43,Yes,2,3,Low,No,0.047,1,1.3150000000000002
3985,Billing,5,Human,9,Yes,5,0,High,No,0.556,3,2.3449999999999998
3986,HR,5,AI,50,Yes,3,0,Medium,No,0.06,2,2.45
3987,Customer Support,5,AI,51,Yes,1,1,Medium,No,0.02,2,2.6550000000000002
3988,Technical,1,AI,35,Yes,1,0,Low,No,0.029,1,0.675
3989,Customer Support,1,Human,27,No,1,3,Low,No,0.037,1,1.2350000000000003
3990,Customer Support,3,AI,25,Yes,2,3,High,No,0.08,3,2.2250000000000005
3991,Customer Support,2,AI,24,Yes,5,1,Medium,No,0.208,2,1.32
3992,Technical,1,Human,60,Yes,4,2,Medium,No,0.067,2,1.3
3993,HR,1,AI,55,Yes,4,3,Medium,No,0.073,2,1.475
3994,Technical,1,Human,11,Yes,3,2,Medium,Yes,0.273,2,1.055
3995,Billing,1,Human,37,Yes,5,1,High,No,0.135,3,1.085
3996,Billing,2,Human,22,Yes,1,1,Medium,No,0.045,2,1.31
3997,Technical,4,Human,49,Yes,1,3,Low,No,0.02,1,2.5450000000000004
3998,Customer Support,2,AI,55,Yes,3,0,Medium,No,0.055,2,1.275
3999,Technical,3,AI,35,Yes,2,1,Medium,No,0.057,2,1.7750000000000001
4000,HR,4,AI,49,Yes,1,2,High,No,0.02,3,2.545
4001,Customer Support,3,AI,25,Yes,4,1,Low,No,0.16,1,1.6250000000000002
4002,Customer Support,1,Human,51,Yes,5,0,High,No,0.098,3,0.9550000000000001
4003,HR,1,Human,10,Yes,1,2,Medium,Yes,0.1,2,1.05
4004,Customer Support,1,Human,17,Yes,5,0,Low,Yes,0.294,1,0.585
4005,Technical,5,AI,52,Yes,2,1,Medium,No,0.038,2,2.66
4006,HR,3,Human,26,Yes,3,1,High,No,0.115,3,1.83
4007,Billing,4,Human,20,Yes,3,2,Low,No,0.15,1,2.2
4008,Billing,5,AI,37,No,3,3,High,No,0.081,3,3.085
4009,Customer Support,4,AI,48,Yes,2,3,Low,No,0.042,1,2.5400000000000005
4010,Billing,3,AI,23,Yes,1,0,Low,No,0.043,1,1.4150000000000003
4011,Customer Support,4,AI,33,Yes,2,0,Low,No,0.061,1,1.8650000000000002
4012,Customer Support,5,AI,12,Yes,3,3,High,No,0.25,3,2.96
4013,HR,2,Human,26,Yes,1,2,Medium,No,0.038,2,1.53
4014,Billing,3,AI,17,Yes,3,3,Low,No,0.176,1,1.9850000000000003
4015,Customer Support,1,Human,22,No,2,3,Medium,No,0.091,2,1.31
4016,Customer Support,1,AI,60,Yes,2,1,Medium,No,0.033,2,1.0999999999999999
4017,HR,1,Human,15,Yes,1,1,Medium,Yes,0.067,2,0.875
4018,Customer Support,3,AI,29,Yes,3,3,Low,No,0.103,1,2.0450000000000004
4019,Technical,3,Human,51,Yes,5,0,Low,No,0.098,1,1.5550000000000002
4020,Customer Support,3,Human,47,Yes,4,0,High,No,0.085,3,1.735
4021,Customer Support,3,AI,22,Yes,1,2,Medium,No,0.045,2,1.91
4022,HR,2,AI,58,Yes,1,2,Medium,No,0.017,2,1.6900000000000002
4023,Customer Support,2,Human,10,Yes,3,1,Low,Yes,0.3,1,1.1500000000000001
4024,Technical,1,Human,12,Yes,5,1,Medium,Yes,0.417,2,0.8600000000000001
4025,Billing,3,AI,40,Yes,5,1,High,No,0.125,3,1.9000000000000001
4026,Customer Support,1,AI,25,Yes,3,0,Low,No,0.12,1,0.625
4027,HR,2,AI,48,Yes,3,2,Medium,No,0.062,2,1.64
4028,Technical,5,AI,6,Yes,5,0,Low,No,0.833,1,2.13
4029,Technical,4,AI,32,Yes,4,1,Medium,No,0.125,2,2.16
4030,Billing,5,AI,18,Yes,1,3,Low,No,0.056,1,2.79
4031,Customer Support,1,AI,57,Yes,2,2,Medium,No,0.035,2,1.285
4032,Technical,3,Human,60,Yes,3,3,Medium,No,0.05,2,2.3000000000000007
4033,Billing,2,Human,43,Yes,4,1,Low,No,0.093,1,1.3150000000000002
4034,Technical,1,AI,40,Yes,3,3,Low,No,0.075,1,1.3000000000000003
4035,Technical,1,Human,36,Yes,4,3,High,No,0.111,3,1.4800000000000002
4036,Billing,2,Human,16,Yes,5,0,High,Yes,0.312,3,1.1800000000000002
4037,Customer Support,5,AI,26,Yes,2,0,Low,No,0.077,1,2.23
4038,Billing,3,AI,49,Yes,1,1,High,No,0.02,3,1.9450000000000003
4039,Technical,2,Human,18,Yes,1,1,High,Yes,0.056,3,1.3900000000000001
4040,Technical,1,AI,13,Yes,4,2,High,Yes,0.308,3,1.165
4041,Technical,1,AI,56,Yes,4,0,Medium,No,0.071,2,0.8799999999999999
4042,Customer Support,4,Human,21,Yes,4,3,Medium,No,0.19,2,2.5050000000000003
4043,Customer Support,4,Human,31,Yes,4,2,Medium,No,0.129,2,2.3550000000000004
4044,Billing,4,Human,48,Yes,4,3,High,No,0.083,3,2.74
4045,HR,2,Human,27,Yes,2,3,Medium,No,0.074,2,1.735
4046,HR,4,Human,7,Yes,3,1,Medium,No,0.429,2,2.035
4047,Customer Support,5,AI,36,Yes,3,2,Low,No,0.083,1,2.68
4048,Technical,4,Human,22,Yes,2,3,Medium,No,0.091,2,2.5100000000000002
4049,Technical,3,Human,13,Yes,1,2,High,No,0.077,3,1.965
4050,HR,2,Human,24,Yes,5,1,High,No,0.208,3,1.4200000000000002
4051,HR,1,Human,30,Yes,3,0,Low,No,0.1,1,0.65
4052,Customer Support,5,AI,52,No,5,1,Medium,No,0.096,2,2.66
4053,Billing,4,AI,59,Yes,1,1,Low,No,0.017,1,2.1950000000000003
4054,Customer Support,2,Human,41,Yes,1,2,Medium,No,0.024,2,1.6050000000000002
4055,Billing,5,Human,44,Yes,2,3,Medium,No,0.045,2,3.02
4056,Technical,5,Human,27,Yes,3,0,High,No,0.111,3,2.4349999999999996
4057,Customer Support,2,AI,42,Yes,2,1,Medium,No,0.048,2,1.41
4058,HR,1,Human,60,Yes,5,2,Low,No,0.083,1,1.2000000000000002
4059,Technical,2,Human,28,Yes,1,3,High,No,0.036,3,1.84
4060,Technical,2,Human,36,No,4,1,Low,No,0.111,1,1.28
4061,HR,5,Human,27,Yes,1,0,Low,No,0.037,1,2.235
4062,Technical,4,AI,12,Yes,3,1,Medium,No,0.25,2,2.06
4063,Technical,3,AI,42,Yes,3,0,High,No,0.071,3,1.7100000000000002
4064,Technical,1,AI,53,No,3,3,Medium,No,0.057,2,1.465
4065,HR,3,Human,47,Yes,5,2,Medium,No,0.106,2,2.035
4066,HR,4,AI,51,Yes,5,1,High,No,0.098,3,2.3550000000000004
4067,Billing,3,AI,37,Yes,5,3,Low,No,0.135,1,2.0850000000000004
4068,HR,5,AI,10,Yes,1,3,Medium,No,0.1,2,2.85
4069,Customer Support,4,Human,59,Yes,3,0,Medium,No,0.051,2,2.095
4070,Billing,1,AI,34,Yes,4,0,High,No,0.118,3,0.8700000000000001
4071,HR,4,AI,59,No,3,2,High,No,0.051,3,2.5949999999999998
4072,HR,3,AI,15,Yes,1,3,Medium,No,0.067,2,2.075
4073,Technical,1,Human,32,Yes,2,1,Low,No,0.062,1,0.86
4074,Billing,2,Human,24,Yes,5,3,Medium,No,0.208,2,1.72
4075,HR,2,Human,31,Yes,5,0,Medium,No,0.161,2,1.155
4076,Billing,1,AI,37,Yes,2,3,High,No,0.054,3,1.485
4077,Billing,3,Human,55,Yes,5,0,Low,No,0.091,1,1.5750000000000002
4078,Billing,4,Human,55,Yes,2,0,High,No,0.036,3,2.175
4079,HR,2,Human,41,Yes,3,0,Medium,No,0.073,2,1.205
4080,Technical,3,Human,41,Yes,1,1,Low,No,0.024,1,1.7050000000000003
4081,Technical,4,Human,44,Yes,5,2,High,No,0.114,3,2.5200000000000005
4082,Billing,2,Human,6,No,1,0,High,Yes,0.167,3,1.1300000000000001
4083,HR,5,AI,42,Yes,1,2,Low,No,0.024,1,2.71
4084,HR,1,Human,50,Yes,2,1,High,No,0.04,3,1.1500000000000001
4085,HR,1,Human,54,Yes,5,3,Low,No,0.093,1,1.37
4086,HR,1,AI,34,No,5,1,Medium,No,0.147,2,0.97
4087,Customer Support,2,AI,58,Yes,2,3,Medium,No,0.034,2,1.8900000000000001
4088,Technical,2,AI,56,No,2,3,High,No,0.036,3,1.9800000000000002
4089,Billing,1,AI,41,Yes,2,2,Low,No,0.049,1,1.105
4090,HR,4,Human,43,Yes,1,2,High,No,0.023,3,2.5150000000000006
4091,HR,5,AI,45,Yes,3,1,High,No,0.067,3,2.7250000000000005
4092,Customer Support,4,AI,36,Yes,2,0,Medium,No,0.056,2,1.98
4093,Technical,1,AI,43,Yes,1,0,Low,No,0.023,1,0.715
4094,Billing,5,AI,34,Yes,5,2,High,No,0.147,3,2.87
4095,Customer Support,1,AI,21,No,4,3,Low,No,0.19,1,1.205
4096,HR,4,AI,20,Yes,4,1,High,No,0.2,3,2.2
4097,HR,3,Human,12,Yes,2,2,Medium,No,0.167,2,1.86
4098,HR,4,AI,6,Yes,1,2,Medium,No,0.167,2,2.2300000000000004
4099,Technical,2,Human,16,Yes,3,3,Medium,Yes,0.188,2,1.68
4100,Technical,2,AI,57,Yes,2,3,Low,No,0.035,1,1.7850000000000001
4101,Technical,2,Human,55,Yes,2,0,Low,No,0.036,1,1.175
4102,Billing,1,AI,38,Yes,1,1,High,No,0.026,3,1.09
4103,Billing,1,AI,58,Yes,3,3,High,No,0.052,3,1.59
4104,Billing,3,Human,44,Yes,5,1,Low,No,0.114,1,1.7200000000000002
4105,Customer Support,3,Human,57,Yes,5,2,Low,No,0.088,1,1.9850000000000003
4106,HR,4,Human,31,Yes,5,0,Medium,No,0.161,2,1.955
4107,Customer Support,5,Human,34,Yes,1,1,Medium,No,0.029,2,2.5700000000000003
4108,HR,4,AI,58,Yes,2,0,High,No,0.034,3,2.1900000000000004
4109,Technical,2,AI,33,Yes,2,0,Medium,No,0.061,2,1.165
4110,HR,5,AI,38,Yes,5,1,High,No,0.132,3,2.6900000000000004
4111,Customer Support,4,AI,7,Yes,4,1,Low,No,0.571,1,1.935
4112,Technical,4,Human,52,Yes,1,3,High,No,0.019,3,2.76
4113,HR,2,AI,46,Yes,5,2,High,No,0.109,3,1.7300000000000002
4114,HR,4,Human,26,No,1,1,Medium,No,0.038,2,2.13
4115,Technical,2,AI,52,Yes,4,1,Low,No,0.077,1,1.36
4116,Technical,2,AI,58,Yes,5,0,Medium,No,0.086,2,1.29
4117,HR,5,AI,9,Yes,1,0,Low,No,0.111,1,2.145
4118,Billing,3,Human,18,Yes,3,1,Low,No,0.167,1,1.5900000000000003
4119,Billing,1,AI,35,Yes,5,3,High,No,0.143,3,1.4750000000000003
4120,HR,3,AI,12,Yes,3,3,Low,No,0.25,1,1.9600000000000004
4121,Technical,4,Human,12,Yes,5,3,High,No,0.417,3,2.5600000000000005
4122,HR,1,AI,44,Yes,1,2,High,No,0.023,3,1.32
4123,Technical,5,Human,22,Yes,1,2,Medium,No,0.045,2,2.71
4124,HR,2,AI,58,Yes,4,0,Medium,No,0.069,2,1.29
4125,Customer Support,1,Human,33,No,1,0,Medium,No,0.03,2,0.7650000000000001
4126,Customer Support,4,AI,21,No,4,2,Low,No,0.19,1,2.205
4127,HR,3,Human,58,No,2,3,Low,No,0.034,1,2.1900000000000004
4128,HR,5,AI,15,Yes,4,0,High,No,0.267,3,2.375
4129,Technical,1,Human,17,Yes,3,3,Low,Yes,0.176,1,1.185
4130,Billing,4,AI,39,Yes,5,2,Low,No,0.128,1,2.2950000000000004
4131,Billing,5,AI,7,Yes,2,1,Medium,No,0.286,2,2.4350000000000005
4132,HR,3,AI,14,Yes,2,0,High,No,0.143,3,1.5700000000000003
4133,HR,4,AI,54,Yes,1,1,Low,No,0.019,1,2.1700000000000004
4134,Technical,3,AI,39,Yes,1,0,High,No,0.026,3,1.6950000000000003
4135,Technical,2,Human,59,Yes,5,0,Medium,No,0.085,2,1.295
4136,HR,2,Human,60,No,1,3,Low,No,0.017,1,1.8000000000000003
4137,Technical,3,Human,42,Yes,3,3,Low,No,0.071,1,2.1100000000000003
4138,HR,1,Human,52,Yes,2,1,Medium,No,0.038,2,1.06
4139,Customer Support,5,Human,9,Yes,4,1,Medium,No,0.444,2,2.4450000000000003
4140,Technical,1,AI,9,No,5,2,High,Yes,0.556,3,1.145
4141,Technical,4,Human,20,Yes,4,2,High,No,0.2,3,2.4000000000000004
4142,HR,3,Human,8,Yes,2,3,Low,No,0.25,1,1.9400000000000004
4143,HR,2,Human,38,Yes,1,0,Low,No,0.026,1,1.09
4144,Customer Support,4,Human,26,Yes,3,0,High,No,0.115,3,2.0300000000000002
4145,Customer Support,5,AI,32,Yes,2,3,Medium,No,0.062,2,2.9600000000000004
4146,Customer Support,5,AI,12,Yes,4,0,High,No,0.333,3,2.3600000000000003
4147,Technical,3,AI,37,Yes,5,0,High,No,0.135,3,1.6850000000000003
4148,Customer Support,2,Human,36,Yes,3,1,Low,No,0.083,1,1.28
4149,Customer Support,4,AI,58,Yes,5,2,High,No,0.086,3,2.59
4150,Billing,2,Human,49,Yes,3,1,Low,No,0.061,1,1.345
4151,HR,1,AI,58,Yes,4,0,Low,No,0.069,1,0.7899999999999999
4152,Billing,2,AI,9,Yes,5,3,Medium,Yes,0.556,2,1.6450000000000002
4153,HR,3,Human,20,Yes,4,2,High,No,0.2,3,2.0
4154,HR,5,AI,8,Yes,4,0,Medium,No,0.5,2,2.24
4155,Customer Support,5,AI,42,Yes,3,1,High,No,0.071,3,2.71
4156,Technical,5,Human,39,Yes,2,3,Medium,No,0.051,2,2.995
4157,Technical,1,AI,24,Yes,2,1,Medium,No,0.083,2,0.9199999999999999
4158,HR,2,Human,42,Yes,5,0,Medium,No,0.119,2,1.21
4159,Technical,2,AI,21,Yes,4,1,Medium,No,0.19,2,1.305
4160,Technical,1,Human,8,No,4,1,Low,Yes,0.5,1,0.74
4161,Billing,2,AI,13,No,2,3,High,Yes,0.154,3,1.7650000000000001
4162,Customer Support,4,Human,14,Yes,5,3,Low,No,0.357,1,2.3700000000000006
4163,Customer Support,2,Human,7,Yes,4,3,Low,Yes,0.571,1,1.5350000000000001
4164,HR,1,AI,45,Yes,2,1,Medium,No,0.044,2,1.025
4165,Billing,1,Human,13,Yes,3,3,Low,Yes,0.231,1,1.1650000000000003
4166,HR,1,Human,48,Yes,4,1,Low,No,0.083,1,0.9400000000000001
4167,Technical,3,Human,40,Yes,3,2,Low,No,0.075,1,1.9000000000000004
4168,Technical,4,Human,25,Yes,5,0,Medium,No,0.2,2,1.925
4169,HR,3,Human,48,Yes,4,2,Low,No,0.083,1,1.9400000000000004
4170,Billing,3,Human,57,Yes,1,2,Medium,No,0.018,2,2.0850000000000004
4171,Billing,2,Human,32,No,5,0,Medium,No,0.156,2,1.1600000000000001
4172,Technical,4,AI,27,Yes,4,1,High,No,0.148,3,2.2350000000000003
4173,Billing,4,Human,5,Yes,1,2,Low,No,0.2,1,2.125
4174,HR,2,AI,45,No,5,3,Medium,No,0.111,2,1.825
4175,Customer Support,5,Human,25,Yes,4,2,High,No,0.16,3,2.825
4176,Customer Support,2,AI,32,No,3,1,Medium,No,0.094,2,1.36
4177,HR,1,Human,49,Yes,5,1,High,No,0.102,3,1.145
4178,Customer Support,1,AI,8,Yes,4,2,High,Yes,0.5,3,1.1400000000000001
4179,Technical,1,AI,33,Yes,1,1,Low,No,0.03,1,0.8650000000000001
4180,Technical,2,Human,40,No,2,0,High,No,0.05,3,1.3
4181,Technical,4,AI,38,Yes,4,3,Medium,No,0.105,2,2.5900000000000003
4182,Customer Support,3,Human,59,Yes,1,0,Low,No,0.017,1,1.5950000000000002
4183,Billing,3,Human,56,No,3,2,Low,No,0.054,1,1.9800000000000004
4184,Customer Support,4,AI,8,Yes,4,1,Medium,No,0.5,2,2.04
4185,Technical,1,Human,25,No,4,3,High,No,0.16,3,1.425
4186,Customer Support,3,Human,54,Yes,2,1,Medium,No,0.037,2,1.87
4187,Technical,4,AI,55,No,5,3,Medium,No,0.091,2,2.6750000000000003
4188,HR,5,AI,50,Yes,3,3,Medium,No,0.06,2,3.0500000000000003
4189,Billing,3,Human,31,Yes,2,0,Medium,No,0.065,2,1.5550000000000002
4190,Billing,4,AI,60,No,1,1,Low,No,0.017,1,2.2
4191,Billing,4,Human,50,Yes,5,2,Medium,No,0.1,2,2.45
4192,HR,4,AI,58,Yes,2,0,Medium,No,0.034,2,2.0900000000000003
4193,Billing,4,AI,42,Yes,4,2,Medium,No,0.095,2,2.41
4194,HR,1,AI,22,Yes,2,1,Medium,No,0.091,2,0.9099999999999999
4195,Customer Support,5,AI,39,Yes,5,3,High,No,0.128,3,3.0949999999999998
4196,Billing,2,AI,46,Yes,2,3,Medium,No,0.043,2,1.83
4197,Technical,5,Human,49,Yes,5,2,Medium,No,0.102,2,2.845
4198,Technical,4,AI,22,Yes,4,2,High,No,0.182,3,2.41
4199,Billing,5,AI,54,Yes,3,1,Medium,No,0.056,2,2.6700000000000004
4200,Billing,1,AI,40,Yes,3,1,Low,No,0.075,1,0.9
4201,Billing,5,AI,23,Yes,3,3,High,No,0.13,3,3.0150000000000006
4202,Technical,1,AI,46,Yes,4,3,Medium,No,0.087,2,1.43
4203,Customer Support,4,AI,17,Yes,2,2,Low,No,0.118,1,2.185
4204,Billing,2,AI,28,Yes,5,3,High,No,0.179,3,1.84
4205,Billing,3,Human,57,Yes,1,2,High,No,0.018,3,2.1850000000000005
4206,HR,2,Human,49,Yes,5,2,High,No,0.102,3,1.7449999999999999
4207,Technical,4,AI,56,No,3,0,Low,No,0.054,1,1.9800000000000002
4208,Customer Support,4,Human,50,Yes,4,3,Medium,No,0.08,2,2.6500000000000004
4209,Billing,1,AI,25,Yes,1,0,Low,No,0.04,1,0.625
4210,Technical,2,Human,57,Yes,5,3,Low,No,0.088,1,1.7850000000000001
4211,Billing,5,Human,19,Yes,2,0,Medium,No,0.105,2,2.2950000000000004
4212,HR,2,AI,11,Yes,5,0,High,Yes,0.455,3,1.155
4213,Billing,3,AI,17,No,3,2,Medium,No,0.176,2,1.885
4214,HR,2,Human,44,Yes,2,0,High,No,0.045,3,1.32
4215,Customer Support,1,AI,39,Yes,4,1,Low,No,0.103,1,0.8949999999999999
4216,Technical,5,Human,52,Yes,1,1,Medium,No,0.019,2,2.66
4217,Customer Support,4,Human,29,Yes,4,2,Low,No,0.138,1,2.245
4218,Customer Support,3,AI,24,Yes,3,1,Medium,No,0.125,2,1.7200000000000002
4219,Customer Support,1,AI,45,Yes,3,1,High,No,0.067,3,1.125
4220,Billing,4,AI,47,Yes,4,3,Medium,No,0.085,2,2.6350000000000002
4221,Billing,4,Human,35,Yes,4,2,High,No,0.114,3,2.4750000000000005
4222,HR,2,Human,51,Yes,3,0,High,No,0.059,3,1.3550000000000002
4223,Technical,2,AI,36,Yes,2,2,High,No,0.056,3,1.68
4224,HR,3,AI,60,Yes,3,3,High,No,0.05,3,2.4000000000000004
4225,Billing,3,Human,12,Yes,3,1,High,No,0.25,3,1.7600000000000002
4226,Customer Support,1,Human,24,No,4,3,Medium,No,0.167,2,1.32
4227,Customer Support,3,Human,48,Yes,5,2,Low,No,0.104,1,1.9400000000000004
4228,HR,2,AI,39,Yes,5,1,Medium,No,0.128,2,1.395
4229,Customer Support,2,AI,19,Yes,4,2,Low,Yes,0.211,1,1.395
4230,Technical,4,AI,10,Yes,4,3,Low,No,0.4,1,2.35
4231,Billing,5,Human,26,No,1,1,High,No,0.038,3,2.63
4232,Billing,2,AI,31,No,4,3,Medium,No,0.129,2,1.7550000000000001
4233,Technical,4,Human,38,Yes,3,3,High,No,0.079,3,2.6900000000000004
4234,Billing,4,AI,45,Yes,4,1,Low,No,0.089,1,2.1250000000000004
4235,Customer Support,4,Human,33,Yes,3,1,High,No,0.091,3,2.265
4236,Technical,2,Human,42,Yes,3,3,Medium,No,0.071,2,1.81
4237,Customer Support,3,AI,53,Yes,2,2,High,No,0.038,3,2.165
4238,Customer Support,5,Human,45,No,3,3,High,No,0.067,3,3.125
4239,Billing,5,AI,6,Yes,1,2,Low,No,0.167,1,2.53
4240,Billing,2,Human,14,Yes,1,0,Medium,Yes,0.071,2,1.07
4241,Customer Support,1,AI,13,Yes,2,3,Medium,Yes,0.154,2,1.2650000000000001
4242,Billing,1,Human,45,Yes,4,0,High,No,0.089,3,0.925
4243,HR,4,AI,15,Yes,3,0,Low,No,0.2,1,1.7750000000000001
4244,Customer Support,1,Human,50,Yes,3,3,Medium,No,0.06,2,1.45
4245,Technical,2,Human,34,Yes,4,1,Medium,No,0.118,2,1.3699999999999999
4246,Billing,1,AI,51,Yes,2,3,Low,No,0.039,1,1.3550000000000002
4247,Technical,3,Human,38,Yes,4,0,Medium,No,0.105,2,1.59
4248,Customer Support,2,Human,43,Yes,5,1,High,No,0.116,3,1.5150000000000001
4249,Technical,2,Human,22,Yes,3,1,Medium,No,0.136,2,1.31
4250,Technical,3,Human,56,Yes,1,0,High,No,0.018,3,1.7800000000000002
4251,Technical,3,AI,17,Yes,4,2,Medium,No,0.235,2,1.885
4252,HR,4,Human,9,Yes,3,0,Medium,No,0.333,2,1.845
4253,HR,1,Human,49,Yes,2,0,Low,No,0.041,1,0.745
4254,HR,2,AI,30,Yes,5,3,High,No,0.167,3,1.8500000000000003
4255,Billing,4,AI,18,Yes,2,2,Low,No,0.111,1,2.1900000000000004
4256,Billing,1,Human,58,Yes,1,0,High,No,0.017,3,0.99
4257,Billing,4,Human,32,Yes,1,3,Low,No,0.031,1,2.4600000000000004
4258,Billing,2,Human,20,Yes,5,3,High,Yes,0.25,3,1.8
4259,Technical,2,AI,54,Yes,2,2,Low,No,0.037,1,1.5700000000000003
4260,Billing,1,Human,44,No,3,3,High,No,0.068,3,1.5200000000000002
4261,Billing,2,AI,56,Yes,3,1,Low,No,0.054,1,1.3800000000000001
4262,Customer Support,1,Human,14,Yes,3,1,Low,Yes,0.214,1,0.77
4263,Billing,4,Human,54,Yes,4,2,High,No,0.074,3,2.5700000000000003
4264,HR,5,Human,45,Yes,4,1,Medium,No,0.089,2,2.6250000000000004
4265,Billing,2,AI,54,Yes,3,3,Low,No,0.056,1,1.7700000000000002
4266,Billing,3,Human,56,Yes,4,3,High,No,0.071,3,2.38
4267,HR,5,AI,55,Yes,5,0,Medium,No,0.091,2,2.475
4268,Billing,3,Human,47,Yes,5,2,High,No,0.106,3,2.135
4269,HR,2,AI,21,Yes,1,3,Medium,No,0.048,2,1.705
4270,Customer Support,3,Human,9,Yes,3,1,Low,No,0.333,1,1.5450000000000002
4271,HR,1,AI,24,Yes,3,1,Medium,No,0.125,2,0.9199999999999999
4272,Customer Support,2,Human,45,Yes,2,3,Medium,No,0.044,2,1.825
4273,Technical,1,AI,51,Yes,3,1,Low,No,0.059,1,0.955
4274,HR,2,AI,38,Yes,1,3,Medium,No,0.026,2,1.79
4275,HR,5,AI,57,Yes,2,1,High,No,0.035,3,2.785
4276,HR,2,AI,24,Yes,2,0,Medium,No,0.083,2,1.12
4277,Billing,1,AI,45,Yes,3,1,Low,No,0.067,1,0.9249999999999999
4278,HR,5,Human,50,Yes,1,2,Low,No,0.02,1,2.75
4279,Billing,2,Human,33,Yes,2,2,Medium,No,0.061,2,1.5650000000000002
4280,Technical,4,Human,56,Yes,2,0,High,No,0.036,3,2.18
4281,Billing,1,AI,11,Yes,2,1,High,Yes,0.182,3,0.9550000000000001
4282,Billing,5,AI,26,No,4,2,Low,No,0.154,1,2.63
4283,Customer Support,5,Human,60,Yes,1,2,Medium,No,0.017,2,2.9
4284,Technical,1,AI,13,Yes,2,2,Low,Yes,0.154,1,0.965
4285,Technical,3,Human,13,Yes,5,0,Low,No,0.385,1,1.3650000000000002
4286,HR,3,Human,38,Yes,5,2,Low,No,0.132,1,1.8900000000000001
4287,Technical,4,Human,26,Yes,5,3,Low,No,0.192,1,2.43
4288,HR,2,Human,18,Yes,5,3,Low,Yes,0.278,1,1.5900000000000003
4289,Billing,1,AI,32,Yes,5,3,Medium,No,0.156,2,1.36
4290,Billing,4,AI,51,Yes,1,0,High,No,0.02,3,2.1550000000000002
4291,HR,3,Human,13,Yes,5,2,High,No,0.385,3,1.965
4292,Technical,2,AI,21,Yes,5,1,Low,No,0.238,1,1.205
4293,Billing,1,AI,38,Yes,4,0,Low,No,0.105,1,0.69
4294,Billing,4,AI,54,Yes,3,1,Low,No,0.056,1,2.1700000000000004
4295,HR,5,Human,55,Yes,5,1,Medium,No,0.091,2,2.6750000000000003
4296,HR,2,AI,7,Yes,4,0,High,Yes,0.571,3,1.1350000000000002
4297,Customer Support,4,Human,10,Yes,5,0,Low,No,0.5,1,1.7500000000000002
4298,Billing,1,AI,55,No,4,3,Medium,No,0.073,2,1.475
4299,Technical,2,Human,7,Yes,5,3,Medium,Yes,0.714,2,1.635
4300,Technical,4,AI,52,Yes,3,0,Medium,No,0.058,2,2.06
4301,Customer Support,5,Human,35,Yes,3,1,Medium,No,0.086,2,2.575
4302,HR,4,Human,42,Yes,3,0,Low,No,0.071,1,1.9100000000000001
4303,HR,5,AI,21,Yes,1,1,Low,No,0.048,1,2.4050000000000002
4304,HR,5,AI,28,Yes,5,3,High,No,0.179,3,3.04
4305,HR,4,Human,49,Yes,2,1,High,No,0.041,3,2.3450000000000006
4306,Technical,3,AI,31,Yes,4,1,High,No,0.129,3,1.8550000000000002
4307,Customer Support,1,Human,5,Yes,3,2,Low,Yes,0.6,1,0.925
4308,HR,5,Human,10,Yes,2,3,Low,No,0.2,1,2.75
4309,HR,3,Human,16,Yes,4,1,Medium,No,0.25,2,1.6800000000000002
4310,Billing,1,AI,40,Yes,4,0,Medium,No,0.1,2,0.8
4311,HR,2,AI,41,Yes,5,2,High,No,0.122,3,1.7050000000000003
4312,Billing,2,AI,9,Yes,1,0,Medium,Yes,0.111,2,1.0450000000000002
4313,Technical,3,AI,60,Yes,3,1,Low,No,0.05,1,1.8000000000000003
4314,HR,5,Human,46,Yes,3,0,Low,No,0.065,1,2.33
4315,Customer Support,4,Human,50,Yes,2,1,High,No,0.04,3,2.3500000000000005
4316,HR,4,Human,46,Yes,3,1,Low,No,0.065,1,2.1300000000000003
4317,Customer Support,1,AI,28,Yes,2,0,High,No,0.071,3,0.8400000000000001
4318,Technical,1,Human,20,Yes,1,3,Low,Yes,0.05,1,1.2000000000000002
4319,HR,4,Human,42,Yes,4,1,Low,No,0.095,1,2.1100000000000003
4320,Technical,1,AI,12,Yes,1,0,Medium,Yes,0.083,2,0.66
4321,HR,1,Human,23,Yes,5,1,High,No,0.217,3,1.0150000000000001
4322,HR,5,Human,36,Yes,3,2,Low,No,0.083,1,2.68
4323,HR,3,AI,59,Yes,3,3,High,No,0.051,3,2.3950000000000005
4324,Customer Support,3,AI,34,Yes,5,1,Medium,No,0.147,2,1.77
4325,Technical,1,Human,20,Yes,5,0,Medium,Yes,0.25,2,0.7
4326,HR,5,Human,57,Yes,4,1,Medium,No,0.07,2,2.6850000000000005
4327,Customer Support,5,Human,25,Yes,1,2,High,No,0.04,3,2.825
4328,Customer Support,3,AI,32,No,4,2,Low,No,0.125,1,1.8600000000000003
4329,Customer Support,5,AI,5,Yes,2,0,Medium,No,0.4,2,2.225
4330,Customer Support,4,Human,51,Yes,3,0,Medium,No,0.059,2,2.055
4331,HR,5,Human,24,Yes,2,0,Low,No,0.083,1,2.22
4332,Billing,2,AI,40,Yes,4,3,High,No,0.1,3,1.9000000000000001
4333,Technical,5,AI,21,No,5,2,High,No,0.238,3,2.8049999999999997
4334,Technical,4,Human,38,Yes,5,3,Low,No,0.132,1,2.49
4335,HR,2,AI,60,Yes,2,3,Low,No,0.033,1,1.8000000000000003
4336,Technical,3,Human,15,Yes,3,3,Medium,No,0.2,2,2.075
4337,Billing,1,Human,28,Yes,3,2,Low,No,0.107,1,1.04
4338,Customer Support,2,Human,19,No,3,1,Medium,Yes,0.158,2,1.295
4339,Technical,3,AI,24,Yes,3,2,Medium,No,0.125,2,1.9200000000000002
4340,Billing,1,AI,56,Yes,4,2,Medium,No,0.071,2,1.28
4341,Technical,4,Human,41,Yes,2,3,Medium,No,0.049,2,2.6050000000000004
4342,Billing,3,AI,36,No,4,1,High,No,0.111,3,1.8800000000000001
4343,Billing,2,Human,50,Yes,4,0,High,No,0.08,3,1.35
4344,Technical,4,Human,45,Yes,3,0,Low,No,0.067,1,1.9250000000000003
4345,Technical,3,AI,27,Yes,4,2,Medium,No,0.148,2,1.9350000000000003
4346,HR,5,Human,10,Yes,5,2,Low,No,0.5,1,2.55
4347,Billing,1,Human,31,Yes,5,3,Medium,No,0.161,2,1.3550000000000002
4348,Technical,5,AI,41,Yes,3,1,Medium,No,0.073,2,2.6050000000000004
4349,Technical,4,AI,55,Yes,5,2,Medium,No,0.091,2,2.475
4350,Customer Support,5,AI,41,Yes,2,0,Low,No,0.049,1,2.305
4351,Billing,3,Human,15,Yes,3,2,High,No,0.2,3,1.9750000000000003
4352,Technical,4,Human,28,Yes,1,2,Medium,No,0.036,2,2.3400000000000003
4353,Customer Support,3,AI,8,No,1,0,Low,No,0.125,1,1.3400000000000003
4354,Technical,1,Human,19,Yes,4,1,High,Yes,0.211,3,0.9950000000000001
4355,Customer Support,3,AI,51,Yes,1,1,Medium,No,0.02,2,1.855
4356,HR,5,AI,34,Yes,5,0,Low,No,0.147,1,2.27
4357,Customer Support,1,AI,51,Yes,3,2,Medium,No,0.059,2,1.2550000000000001
4358,Billing,1,Human,15,Yes,5,0,Medium,Yes,0.333,2,0.675
4359,Technical,2,AI,51,Yes,3,1,Medium,No,0.059,2,1.455
4360,Customer Support,4,Human,52,Yes,1,3,Medium,No,0.019,2,2.66
4361,Billing,1,AI,41,Yes,2,2,High,No,0.049,3,1.305
4362,Technical,4,Human,47,Yes,3,2,High,No,0.064,3,2.535
4363,HR,4,AI,54,Yes,3,1,High,No,0.056,3,2.37
4364,Billing,5,AI,34,Yes,5,2,Medium,No,0.147,2,2.77
4365,Technical,4,AI,13,Yes,1,0,High,No,0.077,3,1.965
4366,Technical,2,Human,20,Yes,4,3,Low,Yes,0.2,1,1.6
4367,Technical,5,AI,24,Yes,1,3,Low,No,0.042,1,2.8200000000000003
4368,Customer Support,5,Human,40,Yes,1,3,High,No,0.025,3,3.1000000000000005
4369,Billing,2,AI,37,Yes,1,1,High,No,0.027,3,1.485
4370,HR,5,AI,7,Yes,5,2,High,No,0.714,3,2.7350000000000003
4371,Technical,3,AI,22,Yes,4,3,Low,No,0.182,1,2.0100000000000002
4372,Technical,4,AI,17,Yes,3,2,Low,No,0.176,1,2.185
4373,HR,4,Human,41,Yes,4,3,Medium,No,0.098,2,2.6050000000000004
4374,Billing,1,AI,28,Yes,3,1,High,No,0.107,3,1.04
4375,Technical,3,Human,5,Yes,4,1,Medium,No,0.8,2,1.625
4376,Technical,4,Human,29,Yes,4,1,Low,No,0.138,1,2.045
4377,Technical,5,AI,48,Yes,1,3,Low,No,0.021,1,2.9400000000000004
4378,Customer Support,1,Human,44,Yes,2,1,High,No,0.045,3,1.12
4379,Technical,4,AI,46,Yes,4,0,High,No,0.087,3,2.13
4380,Technical,2,AI,11,No,1,3,Medium,Yes,0.091,2,1.655
4381,Technical,1,Human,41,No,3,3,Medium,No,0.073,2,1.405
4382,Customer Support,3,Human,35,Yes,1,0,High,No,0.029,3,1.6750000000000003
4383,HR,4,Human,53,Yes,4,2,Low,No,0.075,1,2.365
4384,Technical,2,AI,16,Yes,5,3,Medium,Yes,0.312,2,1.68
4385,HR,1,AI,37,Yes,3,1,Low,No,0.081,1,0.8849999999999999
4386,HR,2,AI,27,Yes,1,3,Medium,No,0.037,2,1.735
4387,HR,4,Human,12,Yes,5,1,Low,No,0.417,1,1.9600000000000002
4388,HR,1,AI,11,Yes,1,1,High,Yes,0.091,3,0.9550000000000001
4389,Billing,2,Human,40,Yes,2,3,Low,No,0.05,1,1.7000000000000002
4390,Customer Support,5,AI,37,Yes,4,1,Low,No,0.108,1,2.4850000000000003
4391,Billing,1,Human,24,Yes,4,0,Low,No,0.167,1,0.62
4392,Technical,5,Human,50,Yes,1,1,High,No,0.02,3,2.75
4393,Billing,1,Human,37,Yes,1,2,Low,No,0.027,1,1.085
4394,Billing,3,Human,56,Yes,2,2,Medium,No,0.036,2,2.0800000000000005
4395,HR,2,AI,39,Yes,4,0,Medium,No,0.103,2,1.195
4396,Billing,5,Human,14,Yes,1,2,Medium,No,0.071,2,2.67
4397,Technical,5,AI,51,Yes,5,1,Medium,No,0.098,2,2.6550000000000002
4398,HR,2,Human,21,Yes,3,1,High,No,0.143,3,1.405
4399,Billing,2,AI,40,Yes,1,3,Low,No,0.025,1,1.7000000000000002
4400,Billing,4,AI,57,Yes,2,2,Medium,No,0.035,2,2.4850000000000003
4401,HR,4,AI,23,Yes,3,0,Medium,No,0.13,2,1.915
4402,Billing,1,AI,45,No,5,3,High,No,0.111,3,1.5250000000000001
4403,Billing,4,AI,29,Yes,3,1,Low,No,0.103,1,2.045
4404,Technical,4,AI,29,Yes,4,2,High,No,0.138,3,2.4450000000000003
4405,HR,3,AI,8,Yes,2,3,Low,No,0.25,1,1.9400000000000004
4406,Customer Support,2,Human,7,Yes,3,3,High,Yes,0.429,3,1.735
4407,Billing,5,Human,31,Yes,5,1,High,No,0.161,3,2.6550000000000002
4408,Billing,4,AI,54,Yes,5,3,Medium,No,0.093,2,2.6700000000000004
4409,Customer Support,2,Human,37,No,5,2,High,No,0.135,3,1.6850000000000003
4410,Billing,5,Human,53,Yes,5,3,High,No,0.094,3,3.165
4411,Billing,5,Human,57,Yes,5,2,Low,No,0.088,1,2.785
4412,Billing,4,AI,29,Yes,4,1,Low,No,0.138,1,2.045
4413,HR,2,AI,34,Yes,3,3,Medium,No,0.088,2,1.77
4414,Billing,3,Human,49,Yes,2,3,High,No,0.041,3,2.3450000000000006
4415,Billing,1,Human,32,Yes,1,2,Low,No,0.031,1,1.06
4416,Billing,4,Human,6,Yes,4,2,Medium,No,0.667,2,2.2300000000000004
4417,Billing,1,Human,46,Yes,3,0,Low,No,0.065,1,0.73
4418,Customer Support,3,AI,10,No,4,2,Low,No,0.4,1,1.7500000000000004
4419,Customer Support,3,AI,25,Yes,2,1,High,No,0.08,3,1.8250000000000002
4420,HR,5,AI,38,Yes,4,3,High,No,0.105,3,3.09
4421,Billing,5,Human,55,Yes,2,0,Low,No,0.036,1,2.375
4422,HR,2,Human,36,Yes,4,0,Low,No,0.111,1,1.08
4423,Billing,4,Human,56,No,4,1,Medium,No,0.071,2,2.2800000000000002
4424,Billing,4,Human,44,Yes,4,3,Low,No,0.091,1,2.52
4425,Customer Support,3,Human,40,Yes,1,0,Medium,No,0.025,2,1.6
4426,Customer Support,2,Human,16,Yes,2,3,Medium,Yes,0.125,2,1.68
4427,Customer Support,4,Human,20,Yes,2,1,Low,No,0.1,1,2.0
4428,Technical,1,Human,31,Yes,4,0,Low,No,0.129,1,0.655
4429,HR,5,AI,6,Yes,4,2,Low,No,0.667,1,2.53
4430,Technical,3,AI,53,Yes,3,2,High,No,0.057,3,2.165
4431,Billing,4,AI,53,Yes,1,1,Low,No,0.019,1,2.165
4432,Customer Support,5,AI,11,No,4,2,Low,No,0.364,1,2.555
4433,HR,2,Human,60,Yes,2,2,Medium,No,0.033,2,1.7
4434,HR,2,AI,50,Yes,1,2,Low,No,0.02,1,1.5500000000000003
4435,Technical,5,Human,40,No,1,1,Medium,No,0.025,2,2.6000000000000005
4436,HR,3,Human,19,Yes,3,3,Low,No,0.158,1,1.9950000000000003
4437,Technical,1,Human,60,Yes,2,1,High,No,0.033,3,1.2
4438,Customer Support,1,AI,18,Yes,1,2,Low,Yes,0.056,1,0.99
4439,HR,2,AI,34,Yes,5,2,Low,No,0.147,1,1.4700000000000002
4440,Technical,4,AI,11,No,2,0,Low,No,0.182,1,1.7550000000000001
4441,HR,1,AI,53,Yes,2,1,Low,No,0.038,1,0.965
4442,Customer Support,3,Human,31,Yes,1,0,High,No,0.032,3,1.6550000000000002
4443,HR,1,Human,7,Yes,1,2,Low,Yes,0.143,1,0.9349999999999999
4444,Technical,4,Human,15,Yes,3,0,Medium,No,0.2,2,1.875
4445,Technical,5,AI,8,Yes,1,3,Medium,No,0.125,2,2.8400000000000003
4446,Technical,1,Human,26,Yes,4,2,Low,No,0.154,1,1.03
4447,Billing,5,Human,40,Yes,2,1,Medium,No,0.05,2,2.6000000000000005
4448,HR,4,Human,5,Yes,3,1,High,No,0.6,3,2.125
4449,Technical,5,Human,24,Yes,4,2,Low,No,0.167,1,2.62
4450,Billing,2,AI,38,Yes,1,1,Medium,No,0.026,2,1.39
4451,Technical,1,Human,38,Yes,1,3,Low,No,0.026,1,1.29
4452,Customer Support,1,Human,16,Yes,5,0,Low,Yes,0.312,1,0.5800000000000001
4453,Customer Support,3,AI,31,No,1,1,Low,No,0.032,1,1.6550000000000002
4454,Billing,3,AI,13,Yes,1,1,Low,No,0.077,1,1.5650000000000002
4455,Customer Support,1,Human,55,Yes,5,2,Low,No,0.091,1,1.1750000000000003
4456,HR,2,AI,36,Yes,1,1,High,No,0.028,3,1.48
4457,HR,1,AI,29,Yes,3,0,Medium,No,0.103,2,0.7450000000000001
4458,Billing,2,AI,34,Yes,5,3,High,No,0.147,3,1.87
4459,Technical,3,AI,19,Yes,4,1,Medium,No,0.211,2,1.695
4460,HR,3,AI,20,Yes,1,3,High,No,0.05,3,2.2
4461,Customer Support,2,Human,5,Yes,5,3,Low,Yes,1.0,1,1.5250000000000004
4462,Billing,1,Human,50,Yes,2,3,Low,No,0.04,1,1.35
4463,Customer Support,3,Human,11,Yes,3,3,Medium,No,0.273,2,2.055
4464,HR,5,Human,15,Yes,1,3,Low,No,0.067,1,2.7750000000000004
4465,HR,3,AI,21,Yes,5,2,Medium,No,0.238,2,1.905
4466,Customer Support,2,AI,38,Yes,1,2,High,No,0.026,3,1.6900000000000002
4467,HR,2,Human,50,Yes,1,1,Medium,No,0.02,2,1.45
4468,Customer Support,4,Human,5,Yes,1,1,Medium,No,0.2,2,2.025
4469,Billing,2,AI,28,Yes,4,0,High,No,0.143,3,1.2400000000000002
4470,Billing,3,AI,58,Yes,2,0,High,No,0.034,3,1.7900000000000003
4471,Billing,4,AI,44,Yes,1,1,Medium,No,0.023,2,2.22
4472,Customer Support,1,Human,50,Yes,1,3,Medium,No,0.02,2,1.45
4473,Technical,5,Human,29,Yes,1,0,High,No,0.034,3,2.4450000000000003
4474,Billing,5,Human,26,No,3,0,Low,No,0.115,1,2.23
4475,HR,3,Human,39,Yes,4,3,Low,No,0.103,1,2.095
4476,Customer Support,3,AI,56,Yes,4,0,High,No,0.071,3,1.7800000000000002
4477,Customer Support,5,Human,29,No,3,3,Low,No,0.103,1,2.845
4478,HR,5,AI,38,Yes,2,3,Low,No,0.053,1,2.89
4479,Customer Support,2,AI,31,No,5,0,Medium,No,0.161,2,1.155
4480,Technical,4,Human,32,Yes,2,0,Low,No,0.062,1,1.86
4481,Customer Support,1,AI,43,Yes,4,3,High,No,0.093,3,1.5150000000000001
4482,Technical,1,AI,21,Yes,5,2,Low,No,0.238,1,1.0050000000000001
4483,Technical,2,Human,22,Yes,1,1,Medium,No,0.045,2,1.31
4484,Billing,3,Human,51,No,2,3,Medium,No,0.039,2,2.2550000000000003
4485,HR,3,AI,10,Yes,3,3,Low,No,0.3,1,1.9500000000000004
4486,Technical,4,Human,34,Yes,2,3,High,No,0.059,3,2.67
4487,HR,5,Human,60,No,3,3,Medium,No,0.05,2,3.1
4488,Technical,4,AI,40,Yes,2,0,High,No,0.05,3,2.1
4489,HR,5,Human,57,Yes,1,1,Medium,No,0.018,2,2.6850000000000005
4490,Customer Support,3,Human,18,No,2,3,High,No,0.111,3,2.1900000000000004
4491,Customer Support,1,AI,42,Yes,3,3,Medium,No,0.071,2,1.41
4492,Technical,4,Human,38,Yes,2,2,Medium,No,0.053,2,2.39
4493,Billing,3,AI,57,Yes,1,3,Low,No,0.018,1,2.185
4494,Technical,3,Human,22,Yes,2,0,Low,No,0.091,1,1.4100000000000001
4495,Billing,5,Human,33,Yes,5,0,High,No,0.152,3,2.465
4496,HR,1,Human,56,Yes,4,3,Low,No,0.071,1,1.3800000000000001
4497,Billing,3,AI,28,No,1,1,Low,No,0.036,1,1.6400000000000001
4498,Billing,1,Human,7,Yes,4,0,Medium,Yes,0.571,2,0.635
4499,Technical,5,Human,38,No,4,1,Low,No,0.105,1,2.49
4500,Technical,1,Human,34,Yes,3,3,High,No,0.088,3,1.4700000000000002
4501,HR,5,AI,51,Yes,1,1,Low,No,0.02,1,2.555
4502,Technical,4,Human,32,No,2,3,Low,No,0.062,1,2.4600000000000004
4503,Billing,4,Human,34,Yes,4,2,Medium,No,0.118,2,2.37
4504,HR,4,AI,33,Yes,2,3,Low,No,0.061,1,2.4650000000000003
4505,Technical,5,Human,14,Yes,2,1,Low,No,0.143,1,2.37
4506,Customer Support,5,AI,15,Yes,4,1,Low,No,0.267,1,2.3750000000000004
4507,Customer Support,1,AI,39,Yes,3,3,Medium,No,0.077,2,1.395
4508,Billing,3,AI,47,Yes,5,3,High,No,0.106,3,2.335
4509,Customer Support,3,AI,58,Yes,2,0,Medium,No,0.034,2,1.6900000000000002
4510,Customer Support,1,Human,58,Yes,2,0,Medium,No,0.034,2,0.8899999999999999
4511,Customer Support,4,AI,41,Yes,3,0,Low,No,0.073,1,1.9050000000000002
4512,Technical,3,AI,16,Yes,2,2,High,No,0.125,3,1.9800000000000002
4513,Customer Support,5,Human,28,Yes,2,1,Low,No,0.071,1,2.4400000000000004
4514,HR,5,Human,43,Yes,1,2,Medium,No,0.023,2,2.815
4515,HR,4,Human,49,Yes,5,2,High,No,0.102,3,2.545
4516,Customer Support,5,Human,14,Yes,1,3,High,No,0.071,3,2.9699999999999998
4517,HR,4,Human,10,Yes,1,3,Medium,No,0.1,2,2.45
4518,HR,5,AI,22,Yes,3,3,Medium,No,0.136,2,2.91
4519,Billing,4,Human,47,Yes,5,2,High,No,0.106,3,2.535
4520,Billing,2,Human,42,No,4,1,Low,No,0.095,1,1.31
4521,Customer Support,3,Human,38,Yes,2,1,High,No,0.053,3,1.8900000000000001
4522,Billing,1,Human,57,Yes,3,1,Medium,No,0.053,2,1.085
4523,Technical,5,AI,21,Yes,1,3,High,No,0.048,3,3.005
4524,Billing,5,AI,21,Yes,5,1,Medium,No,0.238,2,2.5050000000000003
4525,Customer Support,4,Human,39,Yes,2,1,Low,No,0.051,1,2.095
4526,Customer Support,5,Human,34,Yes,1,1,Medium,No,0.029,2,2.5700000000000003
4527,Customer Support,1,Human,53,Yes,5,3,Medium,No,0.094,2,1.465
4528,Customer Support,5,AI,16,Yes,5,0,Low,No,0.312,1,2.18
4529,Billing,4,Human,42,No,1,1,Medium,No,0.024,2,2.2100000000000004
4530,Technical,5,AI,25,Yes,2,1,Low,No,0.08,1,2.4250000000000003
4531,Billing,5,AI,23,Yes,3,1,Medium,No,0.13,2,2.5150000000000006
4532,Customer Support,5,AI,41,Yes,2,2,High,No,0.049,3,2.9050000000000002
4533,Billing,4,AI,35,Yes,4,2,Low,No,0.114,1,2.2750000000000004
4534,Customer Support,4,Human,46,Yes,2,2,Low,No,0.043,1,2.33
4535,Technical,1,AI,31,Yes,5,0,Medium,No,0.161,2,0.7550000000000001
4536,HR,5,AI,45,Yes,2,2,Medium,No,0.044,2,2.825
4537,Technical,4,AI,22,Yes,1,3,Low,No,0.045,1,2.41
4538,Billing,1,Human,10,Yes,3,0,Low,Yes,0.3,1,0.55
4539,Billing,4,Human,39,Yes,4,2,Medium,No,0.103,2,2.3950000000000005
4540,Technical,5,AI,44,Yes,5,0,Low,No,0.114,1,2.32
4541,Billing,4,Human,15,Yes,1,0,Low,No,0.067,1,1.7750000000000001
4542,Billing,1,AI,42,Yes,2,2,Medium,No,0.048,2,1.21
4543,Technical,4,Human,19,Yes,4,1,High,No,0.211,3,2.1950000000000003
4544,Billing,3,Human,30,Yes,3,2,Medium,No,0.1,2,1.95
4545,Customer Support,5,Human,37,Yes,4,2,Medium,No,0.108,2,2.785
4546,Billing,3,Human,13,Yes,5,2,Medium,No,0.385,2,1.865
4547,HR,5,Human,52,Yes,2,1,High,No,0.038,3,2.76
4548,Billing,1,Human,39,Yes,5,1,High,No,0.128,3,1.095
4549,Billing,4,AI,35,Yes,2,3,Low,No,0.057,1,2.475
4550,Technical,2,AI,6,Yes,2,1,Low,Yes,0.333,1,1.1300000000000001
4551,HR,3,AI,26,Yes,3,3,High,No,0.115,3,2.2300000000000004
4552,Customer Support,2,AI,29,No,4,3,Low,No,0.138,1,1.6450000000000002
4553,Billing,2,AI,20,Yes,1,3,Low,Yes,0.05,1,1.6
4554,Billing,2,Human,46,Yes,4,0,Medium,No,0.087,2,1.23
4555,Technical,4,AI,20,Yes,2,0,Low,No,0.1,1,1.8000000000000003
4556,HR,2,Human,36,Yes,3,2,Low,No,0.083,1,1.48
4557,HR,3,AI,15,No,3,1,High,No,0.2,3,1.7750000000000001
4558,Billing,2,Human,33,Yes,3,1,Medium,No,0.091,2,1.365
4559,HR,4,Human,18,Yes,5,2,Low,No,0.278,1,2.1900000000000004
4560,Technical,4,AI,44,Yes,1,0,Low,No,0.023,1,1.9200000000000002
4561,Technical,3,AI,5,Yes,2,1,High,No,0.4,3,1.725
4562,HR,3,Human,27,Yes,3,0,Low,No,0.111,1,1.4350000000000003
4563,Billing,5,Human,40,Yes,1,0,High,No,0.025,3,2.5
4564,HR,5,AI,55,Yes,3,3,Medium,No,0.055,2,3.075
4565,Billing,5,AI,36,Yes,5,0,High,No,0.139,3,2.4800000000000004
4566,Customer Support,4,AI,32,Yes,5,0,Medium,No,0.156,2,1.96
4567,Billing,3,AI,48,Yes,3,1,Low,No,0.062,1,1.7400000000000002
4568,HR,5,Human,51,Yes,4,1,Medium,No,0.078,2,2.6550000000000002
4569,HR,4,AI,34,Yes,2,2,High,No,0.059,3,2.4699999999999998
4570,HR,2,Human,45,Yes,1,0,Medium,No,0.022,2,1.2249999999999999
4571,Billing,2,AI,8,Yes,5,1,High,Yes,0.625,3,1.34
4572,Billing,1,AI,29,Yes,1,2,Medium,No,0.034,2,1.145
4573,Customer Support,4,Human,51,Yes,5,0,High,No,0.098,3,2.1550000000000002
4574,Billing,2,AI,56,No,5,3,Low,No,0.089,1,1.7800000000000002
4575,Billing,2,AI,15,Yes,4,3,High,Yes,0.267,3,1.7750000000000001
4576,HR,5,AI,37,Yes,4,0,High,No,0.108,3,2.4850000000000003
4577,HR,4,AI,15,Yes,2,1,High,No,0.133,3,2.175
4578,Technical,3,AI,52,Yes,2,3,Medium,No,0.038,2,2.2600000000000007
4579,Technical,5,Human,15,Yes,3,1,Medium,No,0.2,2,2.4750000000000005
4580,HR,3,Human,5,Yes,5,1,Low,No,1.0,1,1.5250000000000001
4581,Billing,2,Human,49,Yes,4,2,Medium,No,0.082,2,1.6449999999999998
4582,Technical,2,AI,32,Yes,5,2,Medium,No,0.156,2,1.56
4583,Customer Support,4,Human,23,Yes,3,2,Low,No,0.13,1,2.2150000000000003
4584,Technical,2,Human,55,Yes,5,2,Medium,No,0.091,2,1.675
4585,Technical,2,AI,15,Yes,4,3,Low,Yes,0.267,1,1.5750000000000002
4586,Billing,3,AI,41,Yes,1,1,High,No,0.024,3,1.9050000000000002
4587,HR,5,AI,44,Yes,3,1,Low,No,0.068,1,2.52
4588,Technical,4,AI,32,Yes,3,0,Low,No,0.094,1,1.86
4589,Technical,2,AI,44,Yes,4,0,Medium,No,0.091,2,1.22
4590,HR,4,Human,32,Yes,5,1,Low,No,0.156,1,2.06
4591,HR,4,AI,50,Yes,2,1,Low,No,0.04,1,2.1500000000000004
4592,Technical,2,AI,14,Yes,4,0,Low,Yes,0.286,1,0.97
4593,HR,2,AI,49,Yes,3,0,Low,No,0.061,1,1.145
4594,Technical,4,Human,39,Yes,3,0,Medium,No,0.077,2,1.995
4595,HR,4,AI,9,Yes,3,1,High,No,0.333,3,2.145
4596,Billing,3,Human,28,Yes,3,0,High,No,0.107,3,1.6400000000000001
4597,Technical,5,AI,34,No,5,2,Medium,No,0.147,2,2.77
4598,Billing,2,AI,41,Yes,2,2,High,No,0.049,3,1.7050000000000003
4599,Customer Support,3,Human,23,Yes,2,1,High,No,0.087,3,1.8150000000000002
4600,Billing,5,AI,8,Yes,4,0,Low,No,0.5,1,2.14
4601,HR,4,AI,34,Yes,4,2,Medium,No,0.118,2,2.37
4602,HR,3,Human,25,Yes,4,2,Low,No,0.16,1,1.8250000000000002
4603,HR,4,Human,48,Yes,2,0,High,No,0.042,3,2.14
4604,Customer Support,3,AI,10,No,5,1,High,No,0.5,3,1.7500000000000002
4605,HR,3,Human,24,Yes,1,0,Medium,No,0.042,2,1.5200000000000002
4606,Billing,1,AI,39,Yes,5,2,High,No,0.128,3,1.295
4607,HR,2,Human,29,Yes,2,2,Medium,No,0.069,2,1.5450000000000002
4608,Billing,4,AI,38,Yes,4,3,Medium,No,0.105,2,2.5900000000000003
4609,HR,4,AI,23,Yes,1,3,Low,No,0.043,1,2.4150000000000005
4610,Customer Support,4,Human,12,Yes,3,3,Medium,No,0.25,2,2.4600000000000004
4611,Customer Support,5,AI,12,Yes,5,1,Low,No,0.417,1,2.3600000000000003
4612,Technical,4,Human,8,Yes,1,3,Low,No,0.125,1,2.3400000000000003
4613,Billing,2,Human,8,Yes,2,0,High,Yes,0.25,3,1.1400000000000001
4614,Customer Support,5,Human,49,Yes,2,0,Medium,No,0.041,2,2.4450000000000003
4615,Billing,4,Human,55,Yes,2,3,Medium,No,0.036,2,2.6750000000000003
4616,Billing,4,Human,11,Yes,5,0,Medium,No,0.455,2,1.855
4617,HR,5,AI,51,Yes,4,0,Low,No,0.078,1,2.355
4618,Billing,1,Human,43,Yes,5,2,Low,No,0.116,1,1.1150000000000002
4619,Technical,5,Human,36,No,1,0,Medium,No,0.028,2,2.3800000000000003
4620,Customer Support,1,AI,40,Yes,5,2,Medium,No,0.125,2,1.2
4621,Customer Support,1,AI,17,Yes,5,3,High,Yes,0.294,3,1.385
4622,Customer Support,2,Human,43,Yes,1,3,High,No,0.023,3,1.9150000000000003
4623,Billing,5,Human,17,Yes,1,1,Medium,No,0.059,2,2.4850000000000003
4624,Billing,4,Human,27,Yes,5,3,High,No,0.185,3,2.635
4625,HR,5,Human,47,Yes,3,2,Medium,No,0.064,2,2.835
4626,Customer Support,1,Human,57,Yes,4,2,High,No,0.07,3,1.385
4627,Technical,3,Human,44,Yes,3,1,Low,No,0.068,1,1.7200000000000002
4628,Billing,2,Human,57,Yes,1,1,Low,No,0.018,1,1.385
4629,Billing,5,AI,21,Yes,2,2,High,No,0.095,3,2.8049999999999997
4630,Technical,5,AI,39,Yes,3,0,Low,No,0.077,1,2.295
4631,Customer Support,5,Human,10,No,5,1,Low,No,0.5,1,2.35
4632,Technical,4,Human,8,Yes,2,2,Low,No,0.25,1,2.14
4633,Customer Support,1,Human,19,Yes,3,0,Medium,Yes,0.158,2,0.6950000000000001
4634,Customer Support,1,AI,35,Yes,5,3,Medium,No,0.143,2,1.3750000000000002
4635,HR,5,AI,18,Yes,3,2,Low,No,0.167,1,2.59
4636,HR,2,AI,50,Yes,5,2,Medium,No,0.1,2,1.6500000000000001
4637,Technical,3,Human,27,No,2,3,High,No,0.074,3,2.2350000000000003
4638,Technical,1,AI,37,No,4,0,Medium,No,0.108,2,0.7849999999999999
4639,HR,2,Human,36,Yes,4,2,High,No,0.111,3,1.68
4640,Customer Support,1,Human,14,Yes,5,2,Medium,Yes,0.357,2,1.07
4641,Technical,4,Human,32,Yes,2,3,Medium,No,0.062,2,2.5600000000000005
4642,Billing,4,Human,36,Yes,2,1,Medium,No,0.056,2,2.18
4643,Billing,2,AI,37,Yes,1,1,Low,No,0.027,1,1.2850000000000001
4644,HR,5,Human,43,Yes,3,2,High,No,0.07,3,2.915
4645,Technical,3,AI,33,Yes,2,3,Low,No,0.061,1,2.0650000000000004
4646,HR,4,Human,53,Yes,5,3,High,No,0.094,3,2.7649999999999997
4647,Customer Support,5,Human,19,Yes,5,0,High,No,0.263,3,2.3950000000000005
4648,HR,3,AI,43,Yes,1,0,Low,No,0.023,1,1.5150000000000003
4649,Customer Support,4,AI,51,Yes,4,3,Medium,No,0.078,2,2.6550000000000002
4650,Customer Support,3,Human,52,Yes,2,1,Medium,No,0.038,2,1.86
4651,HR,5,AI,35,Yes,4,2,Medium,No,0.114,2,2.775
4652,Technical,3,AI,18,No,2,1,Low,No,0.111,1,1.5900000000000003
4653,Billing,2,AI,16,Yes,1,2,High,Yes,0.062,3,1.58
4654,Billing,4,Human,19,Yes,5,1,Medium,No,0.263,2,2.095
4655,Customer Support,4,AI,53,Yes,4,1,High,No,0.075,3,2.365
4656,Billing,5,AI,30,No,3,2,Low,No,0.1,1,2.65
4657,Billing,4,Human,52,Yes,4,0,High,No,0.077,3,2.16
4658,Customer Support,1,Human,48,Yes,5,2,High,No,0.104,3,1.34
4659,HR,1,Human,59,Yes,2,1,High,No,0.034,3,1.195
4660,Technical,4,Human,6,Yes,1,1,Low,No,0.167,1,1.9300000000000002
4661,Technical,4,Human,27,Yes,2,0,High,No,0.074,3,2.035
4662,Customer Support,4,AI,7,Yes,5,2,Medium,No,0.714,2,2.2350000000000003
4663,HR,5,Human,5,Yes,5,1,Medium,No,1.0,2,2.4250000000000003
4664,HR,4,Human,11,Yes,2,0,Low,No,0.182,1,1.7550000000000001
4665,HR,4,Human,12,No,4,0,High,No,0.333,3,1.9600000000000002
4666,Customer Support,2,Human,44,Yes,2,1,High,No,0.045,3,1.52
4667,Customer Support,1,AI,59,Yes,5,1,High,No,0.085,3,1.195
4668,Customer Support,1,Human,38,Yes,2,2,High,No,0.053,3,1.29
4669,Customer Support,5,AI,58,Yes,3,3,Low,No,0.052,1,2.99
4670,Billing,1,AI,52,Yes,3,3,Medium,No,0.058,2,1.4600000000000002
4671,HR,4,AI,23,Yes,4,0,Low,No,0.174,1,1.8150000000000002
4672,Billing,4,Human,12,Yes,2,3,Low,No,0.167,1,2.3600000000000003
4673,Billing,1,AI,19,Yes,5,3,Low,Yes,0.263,1,1.1950000000000003
4674,Billing,5,AI,33,Yes,2,2,Medium,No,0.061,2,2.765
4675,Billing,4,Human,47,Yes,1,0,Low,No,0.021,1,1.935
4676,Customer Support,3,Human,59,Yes,2,3,Low,No,0.034,1,2.1950000000000003
4677,Customer Support,4,AI,56,Yes,3,0,High,No,0.054,3,2.18
4678,Customer Support,5,Human,33,Yes,4,1,High,No,0.121,3,2.665
4679,Customer Support,4,Human,21,Yes,1,2,High,No,0.048,3,2.4050000000000002
4680,HR,2,AI,42,Yes,1,1,Low,No,0.024,1,1.31
4681,HR,5,Human,18,Yes,4,2,Low,No,0.222,1,2.59
4682,Billing,5,Human,12,Yes,1,3,Medium,No,0.083,2,2.8600000000000003
4683,Customer Support,3,Human,21,No,5,2,High,No,0.238,3,2.005
4684,Customer Support,3,Human,57,Yes,3,2,High,No,0.053,3,2.1850000000000005
4685,Billing,1,Human,50,Yes,4,2,Low,No,0.08,1,1.1500000000000001
4686,Billing,2,AI,43,Yes,2,3,Medium,No,0.047,2,1.8150000000000002
4687,HR,2,Human,59,Yes,1,2,High,No,0.017,3,1.7950000000000002
4688,Billing,5,AI,40,Yes,2,3,Medium,No,0.05,2,3.0000000000000004
4689,HR,3,Human,21,Yes,4,0,High,No,0.19,3,1.6050000000000002
4690,Technical,4,AI,57,No,3,3,Low,No,0.053,1,2.5850000000000004
4691,HR,3,Human,34,Yes,4,2,Medium,No,0.118,2,1.97
4692,Customer Support,3,Human,12,Yes,4,1,High,No,0.333,3,1.7600000000000002
4693,Billing,3,AI,37,Yes,1,1,Low,No,0.027,1,1.6850000000000003
4694,HR,1,AI,38,Yes,2,0,Low,No,0.053,1,0.69
4695,Technical,3,Human,12,Yes,4,3,Medium,No,0.333,2,2.0600000000000005
4696,Customer Support,5,Human,9,Yes,4,0,Medium,No,0.444,2,2.245
4697,Customer Support,4,Human,21,Yes,3,0,High,No,0.143,3,2.005
4698,Technical,2,AI,29,Yes,4,1,Low,No,0.138,1,1.245
4699,HR,5,AI,52,Yes,3,0,Medium,No,0.058,2,2.46
4700,HR,5,AI,23,Yes,1,1,Medium,No,0.043,2,2.5150000000000006
4701,Billing,1,AI,43,Yes,2,2,Medium,No,0.047,2,1.215
4702,HR,3,Human,12,Yes,4,1,High,No,0.333,3,1.7600000000000002
4703,Billing,5,AI,42,Yes,4,0,High,No,0.095,3,2.51
4704,Technical,2,Human,49,Yes,3,3,High,No,0.061,3,1.945
4705,Technical,1,Human,16,Yes,4,3,High,Yes,0.25,3,1.3800000000000001
4706,Billing,5,Human,51,Yes,4,2,Medium,No,0.078,2,2.855
4707,HR,3,AI,21,Yes,5,0,Low,No,0.238,1,1.4050000000000002
4708,Technical,1,Human,22,Yes,4,3,High,No,0.182,3,1.4100000000000001
4709,HR,1,Human,40,Yes,4,0,High,No,0.1,3,0.9
4710,HR,1,AI,31,No,2,2,Medium,No,0.065,2,1.155
4711,HR,5,Human,52,Yes,3,1,Medium,No,0.058,2,2.66
4712,Customer Support,5,Human,46,Yes,5,3,High,No,0.109,3,3.13
4713,Customer Support,2,Human,52,Yes,1,0,High,No,0.019,3,1.36
4714,HR,1,Human,59,Yes,5,0,Medium,No,0.085,2,0.895
4715,Billing,5,Human,21,Yes,2,3,High,No,0.095,3,3.005
4716,Customer Support,2,Human,7,Yes,1,3,High,Yes,0.143,3,1.735
4717,Billing,4,Human,9,No,3,3,High,No,0.333,3,2.545
4718,Billing,4,Human,13,Yes,4,3,High,No,0.308,3,2.5650000000000004
4719,Customer Support,3,Human,57,Yes,2,3,Medium,No,0.035,2,2.285
4720,Billing,3,AI,23,Yes,2,3,Medium,No,0.087,2,2.115
4721,Technical,3,AI,60,Yes,3,3,Low,No,0.05,1,2.2000000000000006
4722,Technical,1,Human,58,No,2,1,Low,No,0.034,1,0.9899999999999999
4723,Technical,4,AI,16,Yes,1,2,High,No,0.062,3,2.38
4724,Technical,5,Human,32,Yes,2,3,High,No,0.062,3,3.0600000000000005
4725,Billing,5,Human,35,Yes,2,2,High,No,0.057,3,2.875
4726,Billing,2,Human,47,Yes,1,2,Medium,No,0.021,2,1.635
4727,Customer Support,3,Human,6,Yes,1,1,Low,No,0.167,1,1.5300000000000002
4728,Billing,4,AI,20,Yes,1,1,Low,No,0.05,1,2.0
4729,Customer Support,2,AI,8,Yes,1,0,High,Yes,0.125,3,1.1400000000000001
4730,Billing,4,AI,25,Yes,3,1,Medium,No,0.12,2,2.125
4731,HR,4,Human,28,Yes,1,1,Low,No,0.036,1,2.04
4732,HR,1,Human,27,Yes,3,1,High,No,0.111,3,1.0350000000000001
4733,Billing,3,AI,19,Yes,3,2,Low,No,0.158,1,1.7950000000000004
4734,Billing,3,AI,31,Yes,5,0,Low,No,0.161,1,1.4550000000000003
4735,Customer Support,3,Human,56,Yes,2,3,Medium,No,0.036,2,2.2800000000000002
4736,Technical,1,AI,13,Yes,5,1,Medium,Yes,0.385,2,0.865
4737,Technical,5,AI,7,Yes,1,3,Medium,No,0.143,2,2.8350000000000004
4738,HR,1,AI,56,Yes,2,0,High,No,0.036,3,0.98
4739,HR,5,Human,13,Yes,4,3,High,No,0.308,3,2.965
4740,Customer Support,5,AI,43,No,4,3,Medium,No,0.093,2,3.015
4741,Customer Support,2,AI,27,Yes,3,1,Medium,No,0.111,2,1.335
4742,Customer Support,5,Human,33,No,1,1,Medium,No,0.03,2,2.5650000000000004
4743,Technical,1,Human,60,Yes,4,2,Low,No,0.067,1,1.2000000000000002
4744,Customer Support,1,AI,6,No,4,0,Low,Yes,0.667,1,0.53
4745,Billing,2,AI,50,Yes,3,1,Medium,No,0.06,2,1.45
4746,HR,2,Human,9,Yes,1,0,Medium,Yes,0.111,2,1.0450000000000002
4747,Customer Support,4,Human,51,Yes,5,1,High,No,0.098,3,2.3550000000000004
4748,HR,5,Human,24,Yes,3,3,Medium,No,0.125,2,2.9200000000000004
4749,Technical,2,AI,34,No,3,2,High,No,0.088,3,1.6700000000000002
4750,Customer Support,2,Human,15,Yes,5,3,High,Yes,0.333,3,1.7750000000000001
4751,Billing,2,Human,25,Yes,4,2,Low,No,0.16,1,1.4250000000000003
4752,Technical,2,Human,57,No,1,0,High,No,0.018,3,1.385
4753,HR,2,Human,34,Yes,3,3,Medium,No,0.088,2,1.77
4754,Billing,4,AI,58,Yes,3,0,High,No,0.052,3,2.1900000000000004
4755,Technical,1,AI,12,Yes,3,0,Low,Yes,0.25,1,0.56
4756,HR,4,Human,9,Yes,2,0,Low,No,0.222,1,1.745
4757,Technical,4,Human,46,Yes,1,3,Medium,No,0.022,2,2.6300000000000003
4758,Customer Support,3,Human,60,No,4,0,High,No,0.067,3,1.8000000000000003
4759,Billing,2,AI,16,Yes,5,0,Medium,Yes,0.312,2,1.08
4760,Technical,3,AI,8,Yes,1,1,Low,No,0.125,1,1.5400000000000003
4761,Billing,2,AI,55,Yes,2,1,Medium,No,0.036,2,1.4749999999999999
4762,Technical,2,Human,11,No,3,0,High,Yes,0.273,3,1.155
4763,Technical,1,Human,13,Yes,1,1,High,Yes,0.077,3,0.9650000000000001
4764,Technical,4,Human,11,Yes,1,3,Low,No,0.091,1,2.355
4765,Customer Support,2,Human,19,Yes,3,1,Low,Yes,0.158,1,1.195
4766,Technical,3,Human,31,Yes,1,0,Low,No,0.032,1,1.4550000000000003
4767,Customer Support,2,Human,18,Yes,5,2,Medium,Yes,0.278,2,1.49
4768,HR,4,Human,22,Yes,2,3,High,No,0.091,3,2.6100000000000003
4769,HR,2,AI,53,Yes,5,1,Low,No,0.094,1,1.365
4770,Billing,5,AI,47,Yes,3,1,Low,No,0.064,1,2.535
4771,Customer Support,1,Human,24,Yes,5,2,Low,No,0.208,1,1.02
4772,HR,5,Human,45,No,4,0,Medium,No,0.089,2,2.4250000000000003
4773,Technical,4,Human,8,Yes,3,0,High,No,0.375,3,1.9400000000000002
4774,Customer Support,3,Human,27,Yes,2,2,Medium,No,0.074,2,1.9350000000000003
4775,Technical,3,AI,39,Yes,3,0,Low,No,0.077,1,1.4950000000000003
4776,Technical,4,Human,20,Yes,1,3,High,No,0.05,3,2.6000000000000005
4777,Customer Support,4,AI,48,Yes,1,3,Medium,No,0.021,2,2.6400000000000006
4778,Billing,1,AI,12,No,1,3,High,Yes,0.083,3,1.36
4779,Customer Support,1,Human,40,No,4,3,Medium,No,0.1,2,1.4000000000000001
4780,Customer Support,2,AI,22,Yes,3,3,Medium,No,0.136,2,1.7100000000000002
4781,HR,5,AI,10,Yes,2,2,Medium,No,0.2,2,2.65
4782,Customer Support,1,Human,41,Yes,3,2,Low,No,0.073,1,1.105
4783,HR,3,AI,35,Yes,4,0,Medium,No,0.114,2,1.5750000000000002
4784,HR,5,Human,8,No,3,0,High,No,0.375,3,2.34
4785,HR,2,AI,30,Yes,5,3,High,No,0.167,3,1.8500000000000003
4786,Technical,1,AI,23,Yes,3,1,Medium,No,0.13,2,0.915
4787,Customer Support,1,AI,19,No,1,2,Low,Yes,0.053,1,0.995
4788,Billing,5,AI,6,Yes,3,0,High,No,0.5,3,2.33
4789,Billing,4,Human,29,Yes,1,1,High,No,0.034,3,2.245
4790,Customer Support,1,AI,33,Yes,4,2,Medium,No,0.121,2,1.165
4791,Customer Support,4,AI,40,Yes,3,3,High,No,0.075,3,2.7
4792,HR,5,Human,58,Yes,2,0,Low,No,0.034,1,2.39
4793,Technical,1,Human,16,Yes,4,0,High,Yes,0.25,3,0.78
4794,Customer Support,4,AI,47,Yes,5,0,High,No,0.106,3,2.135
4795,HR,1,AI,28,Yes,1,2,Low,No,0.036,1,1.04
4796,Customer Support,4,Human,33,No,3,1,High,No,0.091,3,2.265
4797,HR,1,AI,60,Yes,5,2,High,No,0.083,3,1.4000000000000001
4798,HR,1,AI,33,Yes,1,1,High,No,0.03,3,1.0650000000000002
4799,Technical,1,AI,31,Yes,5,0,Low,No,0.161,1,0.655
4800,Billing,1,Human,56,Yes,2,3,High,No,0.036,3,1.58
4801,Customer Support,2,Human,34,Yes,1,1,Medium,No,0.029,2,1.3699999999999999
4802,HR,2,Human,6,Yes,5,1,High,Yes,0.833,3,1.33
4803,Technical,4,Human,32,Yes,2,1,High,No,0.062,3,2.26
4804,Billing,3,AI,30,Yes,4,2,Low,No,0.133,1,1.85
4805,Billing,3,AI,51,Yes,2,0,High,No,0.039,3,1.7550000000000001
4806,Customer Support,4,Human,20,Yes,2,3,Low,No,0.1,1,2.4000000000000004
4807,HR,3,Human,15,Yes,1,1,Medium,No,0.067,2,1.675
4808,Billing,1,Human,20,Yes,5,3,Medium,Yes,0.25,2,1.3
4809,Billing,2,AI,45,Yes,5,3,High,No,0.111,3,1.925
4810,HR,3,Human,21,Yes,4,1,Medium,No,0.19,2,1.705
4811,Billing,4,Human,23,Yes,5,1,High,No,0.217,3,2.215
4812,Technical,3,Human,40,Yes,3,0,High,No,0.075,3,1.7000000000000002
4813,HR,1,Human,12,Yes,2,1,High,Yes,0.167,3,0.9600000000000001
4814,Customer Support,4,AI,17,No,2,0,High,No,0.118,3,1.985
4815,HR,2,AI,20,Yes,2,3,High,Yes,0.1,3,1.8
4816,Billing,4,AI,29,Yes,2,1,High,No,0.069,3,2.245
4817,HR,1,Human,21,Yes,4,0,High,No,0.19,3,0.805
4818,Billing,5,Human,23,Yes,1,2,Low,No,0.043,1,2.615
4819,Technical,1,Human,46,Yes,5,2,Medium,No,0.109,2,1.23
4820,Billing,3,Human,14,Yes,3,3,Medium,No,0.214,2,2.0700000000000003
4821,Billing,5,AI,22,Yes,4,2,High,No,0.182,3,2.8099999999999996
4822,HR,1,Human,20,Yes,2,3,High,Yes,0.1,3,1.4000000000000001
4823,Technical,3,AI,16,No,4,1,Low,No,0.25,1,1.5800000000000003
4824,Customer Support,2,Human,16,Yes,2,0,Medium,Yes,0.125,2,1.08
4825,Billing,5,AI,27,Yes,2,2,Medium,No,0.074,2,2.735
4826,Billing,3,Human,43,Yes,2,3,Low,No,0.047,1,2.1150000000000007
4827,Customer Support,4,AI,12,Yes,2,0,High,No,0.167,3,1.9600000000000002
4828,Customer Support,1,AI,13,Yes,3,2,High,Yes,0.231,3,1.165
4829,Billing,1,AI,13,Yes,1,0,Medium,Yes,0.077,2,0.665
4830,Technical,1,Human,48,Yes,5,1,High,No,0.104,3,1.1400000000000001
4831,Technical,3,Human,6,Yes,1,1,Low,No,0.167,1,1.5300000000000002
4832,Customer Support,4,AI,34,Yes,3,0,Low,No,0.088,1,1.87
4833,HR,2,Human,58,Yes,5,2,Low,No,0.086,1,1.5900000000000003
4834,Technical,2,Human,10,Yes,3,3,High,Yes,0.3,3,1.7500000000000002
4835,Technical,2,Human,19,Yes,2,1,Medium,Yes,0.105,2,1.295
4836,Customer Support,1,AI,35,No,2,3,Low,No,0.057,1,1.2750000000000004
4837,Billing,3,AI,47,No,2,0,Low,No,0.043,1,1.5350000000000001
4838,Billing,2,AI,58,Yes,3,3,Medium,No,0.052,2,1.8900000000000001
4839,Customer Support,5,AI,39,Yes,1,2,High,No,0.026,3,2.8949999999999996
4840,Customer Support,2,AI,19,Yes,3,2,Low,Yes,0.158,1,1.395
4841,Technical,5,Human,56,Yes,3,2,High,No,0.054,3,2.9799999999999995
4842,Technical,1,AI,19,Yes,4,1,Medium,Yes,0.211,2,0.895
4843,Billing,2,Human,50,Yes,5,1,High,No,0.1,3,1.55
4844,HR,5,Human,21,Yes,4,0,Medium,No,0.19,2,2.305
4845,Technical,5,Human,17,Yes,3,1,High,No,0.176,3,2.585
4846,HR,2,AI,25,Yes,1,3,Low,No,0.04,1,1.6250000000000002
4847,Billing,5,Human,19,Yes,3,3,High,No,0.158,3,2.995
4848,Customer Support,3,Human,8,Yes,3,3,Medium,No,0.375,2,2.0400000000000005
4849,Technical,5,AI,20,Yes,2,0,High,No,0.1,3,2.4000000000000004
4850,Technical,4,AI,7,No,1,1,Low,No,0.143,1,1.935
4851,HR,2,Human,6,Yes,4,0,Medium,Yes,0.667,2,1.03
4852,HR,1,AI,48,Yes,4,3,Medium,No,0.083,2,1.4400000000000002
4853,Technical,2,AI,8,Yes,3,3,High,Yes,0.375,3,1.7400000000000002
4854,Technical,4,Human,12,Yes,4,0,Low,No,0.333,1,1.7600000000000002
4855,Technical,1,Human,6,Yes,4,2,Medium,Yes,0.667,2,1.03
4856,HR,1,AI,24,Yes,3,1,High,No,0.125,3,1.02
4857,Billing,3,Human,13,Yes,4,2,Medium,No,0.308,2,1.865
4858,HR,1,AI,25,Yes,4,1,Low,No,0.16,1,0.8250000000000001
4859,HR,2,Human,31,Yes,1,0,Low,No,0.032,1,1.0550000000000002
4860,Customer Support,4,Human,56,Yes,3,1,Medium,No,0.054,2,2.2800000000000002
4861,Billing,1,AI,42,Yes,2,1,Low,No,0.048,1,0.91
4862,Technical,4,Human,23,Yes,2,1,Low,No,0.087,1,2.015
4863,Technical,5,Human,33,Yes,1,2,Low,No,0.03,1,2.665
4864,Customer Support,4,AI,48,Yes,2,2,Medium,No,0.042,2,2.4400000000000004
4865,Customer Support,1,Human,28,Yes,3,3,High,No,0.107,3,1.4400000000000002
4866,HR,5,Human,48,Yes,5,2,Medium,No,0.104,2,2.8400000000000003
4867,Customer Support,4,Human,25,Yes,4,1,High,No,0.16,3,2.225
4868,Technical,1,Human,55,Yes,5,0,Low,No,0.091,1,0.775
4869,Customer Support,3,AI,40,Yes,5,1,Low,No,0.125,1,1.7000000000000002
4870,Technical,1,Human,49,Yes,5,1,High,No,0.102,3,1.145
4871,Billing,4,AI,32,Yes,3,2,Medium,No,0.094,2,2.3600000000000003
4872,Technical,1,AI,53,No,3,1,Low,No,0.057,1,0.965
4873,Billing,5,Human,52,Yes,1,1,High,No,0.019,3,2.76
4874,Technical,3,AI,7,Yes,2,1,Medium,No,0.286,2,1.635
4875,HR,2,AI,50,Yes,5,1,Low,No,0.1,1,1.35
4876,Billing,2,AI,54,Yes,2,0,High,No,0.037,3,1.37
4877,HR,3,Human,33,Yes,3,2,Low,No,0.091,1,1.8650000000000002
4878,Billing,5,AI,5,Yes,4,2,High,No,0.8,3,2.7249999999999996
4879,Billing,4,AI,29,Yes,2,2,Low,No,0.069,1,2.245
4880,Customer Support,4,Human,9,Yes,4,1,High,No,0.444,3,2.145
4881,HR,3,AI,28,Yes,2,0,Low,No,0.071,1,1.4400000000000002
4882,Customer Support,3,AI,38,Yes,5,1,Medium,No,0.132,2,1.79
4883,Billing,2,Human,35,Yes,2,1,Low,No,0.057,1,1.2750000000000001
4884,HR,4,Human,44,Yes,1,0,High,No,0.023,3,2.12
4885,HR,4,Human,10,Yes,1,2,Medium,No,0.1,2,2.2500000000000004
4886,Billing,4,Human,56,Yes,4,1,Medium,No,0.071,2,2.2800000000000002
4887,HR,3,AI,13,Yes,5,3,Medium,No,0.385,2,2.0650000000000004
4888,Customer Support,1,Human,16,Yes,2,2,High,Yes,0.125,3,1.1800000000000002
4889,Billing,4,AI,52,Yes,1,1,High,No,0.019,3,2.3600000000000003
4890,Customer Support,1,AI,60,Yes,2,1,Low,No,0.033,1,0.9999999999999999
4891,HR,3,AI,57,Yes,4,0,Low,No,0.07,1,1.5850000000000002
4892,HR,5,AI,44,Yes,1,3,Low,No,0.023,1,2.92
4893,Technical,3,Human,48,Yes,5,3,Medium,No,0.104,2,2.24
4894,Billing,5,AI,12,Yes,4,0,Medium,No,0.333,2,2.2600000000000002
4895,Customer Support,4,AI,8,Yes,4,2,High,No,0.5,3,2.34
4896,HR,1,AI,25,Yes,5,0,Low,No,0.2,1,0.625
4897,Customer Support,1,Human,29,Yes,2,0,Low,No,0.069,1,0.645
4898,HR,4,AI,44,Yes,1,0,Low,No,0.023,1,1.9200000000000002
4899,Customer Support,3,AI,19,No,1,3,Medium,No,0.053,2,2.095
4900,Customer Support,3,AI,9,Yes,3,1,Medium,No,0.333,2,1.645
4901,HR,4,AI,6,No,5,2,Low,No,0.833,1,2.1300000000000003
4902,Billing,5,AI,11,Yes,4,0,Medium,No,0.364,2,2.2550000000000003
4903,Technical,4,AI,29,Yes,3,1,Low,No,0.103,1,2.045
4904,HR,4,Human,33,Yes,4,0,High,No,0.121,3,2.0650000000000004
4905,HR,5,AI,31,Yes,4,3,High,No,0.129,3,3.0549999999999997
4906,Billing,4,AI,21,Yes,2,0,High,No,0.095,3,2.005
4907,HR,1,Human,60,Yes,4,2,Low,No,0.067,1,1.2000000000000002
4908,Customer Support,5,Human,18,Yes,3,3,High,No,0.167,3,2.99
4909,Technical,3,Human,21,Yes,5,3,Low,No,0.238,1,2.0050000000000003
4910,Technical,3,AI,44,Yes,1,2,Medium,No,0.023,2,2.0200000000000005
4911,Technical,1,AI,25,Yes,4,3,Medium,No,0.16,2,1.325
4912,Billing,2,AI,34,Yes,4,2,High,No,0.118,3,1.6700000000000002
4913,Customer Support,2,AI,54,Yes,2,1,Medium,No,0.037,2,1.47
4914,Technical,4,Human,7,Yes,3,1,Low,No,0.429,1,1.935
4915,Billing,1,AI,30,Yes,4,0,High,No,0.133,3,0.8500000000000001
4916,Technical,3,AI,56,No,1,2,High,No,0.018,3,2.1800000000000006
4917,Billing,1,AI,60,Yes,3,0,Medium,No,0.05,2,0.8999999999999999
4918,Billing,2,AI,58,Yes,2,3,High,No,0.034,3,1.9900000000000002
4919,Technical,4,AI,11,Yes,1,3,Low,No,0.091,1,2.355
4920,Technical,5,AI,14,No,4,3,High,No,0.286,3,2.9699999999999998
4921,Technical,1,Human,34,Yes,5,0,Low,No,0.147,1,0.67
4922,Billing,3,AI,5,Yes,2,0,Low,No,0.4,1,1.3250000000000002
4923,Billing,2,AI,34,Yes,1,2,Medium,No,0.029,2,1.57
4924,Customer Support,2,AI,18,Yes,2,0,Medium,Yes,0.111,2,1.09
4925,Billing,1,Human,50,Yes,3,0,Low,No,0.06,1,0.75
4926,Billing,2,Human,19,Yes,3,2,Medium,Yes,0.158,2,1.4949999999999999
4927,HR,2,Human,33,No,1,2,High,No,0.03,3,1.6650000000000003
4928,HR,1,Human,24,Yes,1,3,Medium,No,0.042,2,1.32
4929,Customer Support,1,Human,25,Yes,4,0,Low,No,0.16,1,0.625
4930,Billing,3,AI,37,No,4,3,Low,No,0.108,1,2.0850000000000004
4931,Customer Support,4,Human,37,Yes,5,3,Low,No,0.135,1,2.4850000000000003
4932,Technical,1,Human,52,Yes,5,3,High,No,0.096,3,1.5600000000000003
4933,HR,2,AI,19,Yes,4,3,Low,Yes,0.211,1,1.5950000000000002
4934,Customer Support,2,Human,17,Yes,1,0,Medium,Yes,0.059,2,1.085
4935,HR,4,AI,50,Yes,2,0,Low,No,0.04,1,1.9500000000000002
4936,HR,4,AI,53,Yes,4,0,Low,No,0.075,1,1.965
4937,Technical,3,Human,25,Yes,3,0,Low,No,0.12,1,1.4250000000000003
4938,HR,1,AI,9,Yes,2,2,Low,Yes,0.222,1,0.945
4939,HR,4,AI,26,Yes,1,1,Low,No,0.038,1,2.03
4940,Customer Support,2,AI,14,Yes,5,0,Low,Yes,0.357,1,0.97
4941,Customer Support,2,AI,6,Yes,4,3,Low,Yes,0.667,1,1.5300000000000002
4942,Technical,5,AI,41,Yes,1,1,High,No,0.024,3,2.705
4943,HR,2,AI,32,Yes,2,2,Medium,No,0.062,2,1.56
4944,Billing,2,Human,45,Yes,2,2,High,No,0.044,3,1.7249999999999999
4945,Customer Support,2,Human,31,Yes,4,0,Medium,No,0.129,2,1.155
4946,Billing,5,Human,25,No,3,1,Low,No,0.12,1,2.4250000000000003
4947,Technical,1,AI,23,Yes,5,3,High,No,0.217,3,1.4150000000000003
4948,Billing,2,AI,51,Yes,2,1,High,No,0.039,3,1.5550000000000002
4949,Technical,2,AI,28,Yes,3,0,High,No,0.107,3,1.2400000000000002
4950,HR,4,AI,38,Yes,3,0,Low,No,0.079,1,1.8900000000000001
4951,Billing,5,AI,21,Yes,1,0,Low,No,0.048,1,2.205
4952,HR,4,AI,26,Yes,5,0,Medium,No,0.192,2,1.93
4953,Customer Support,2,Human,18,Yes,2,3,High,Yes,0.111,3,1.7900000000000003
4954,Technical,1,Human,15,Yes,1,2,Low,Yes,0.067,1,0.975
4955,HR,4,Human,11,Yes,5,1,Medium,No,0.455,2,2.055
4956,Technical,4,Human,23,Yes,4,0,Medium,No,0.174,2,1.915
4957,Technical,3,AI,51,Yes,1,2,High,No,0.02,3,2.1550000000000002
4958,Customer Support,4,Human,57,No,2,2,Low,No,0.035,1,2.3850000000000002
4959,Customer Support,1,Human,24,Yes,4,0,Medium,No,0.167,2,0.72
4960,Customer Support,5,Human,41,Yes,3,3,Low,No,0.073,1,2.9050000000000002
4961,HR,5,AI,37,Yes,3,0,Low,No,0.081,1,2.285
4962,HR,1,Human,9,Yes,1,3,Low,Yes,0.111,1,1.1450000000000002
4963,Technical,2,Human,56,Yes,5,0,Medium,No,0.089,2,1.28
4964,HR,5,Human,27,Yes,4,2,Medium,No,0.148,2,2.735
4965,Billing,2,AI,9,Yes,5,3,Medium,Yes,0.556,2,1.6450000000000002
4966,Customer Support,5,AI,23,Yes,1,3,Medium,No,0.043,2,2.9150000000000005
4967,Customer Support,2,AI,56,Yes,4,0,High,No,0.071,3,1.3800000000000001
4968,Technical,5,AI,8,Yes,3,1,High,No,0.375,3,2.54
4969,HR,4,Human,60,Yes,3,3,Low,No,0.05,1,2.6
4970,HR,4,Human,50,Yes,5,1,Medium,No,0.1,2,2.2500000000000004
4971,HR,2,Human,45,Yes,1,0,Medium,No,0.022,2,1.2249999999999999
4972,Billing,4,Human,49,Yes,2,0,High,No,0.041,3,2.1450000000000005
4973,Billing,4,Human,50,Yes,3,1,High,No,0.06,3,2.3500000000000005
4974,Billing,4,Human,24,Yes,5,3,Low,No,0.208,1,2.4200000000000004
4975,HR,3,AI,17,Yes,3,2,Medium,No,0.176,2,1.885
4976,Technical,5,AI,33,No,5,3,Low,No,0.152,1,2.865
4977,Billing,2,AI,8,Yes,3,3,Medium,Yes,0.375,2,1.6400000000000001
4978,HR,1,AI,46,Yes,4,3,High,No,0.087,3,1.53
4979,Customer Support,5,Human,9,No,4,3,Medium,No,0.444,2,2.845
4980,Billing,5,AI,53,No,2,1,High,No,0.038,3,2.7650000000000006
4981,Technical,3,Human,56,Yes,3,0,High,No,0.054,3,1.7800000000000002
4982,HR,2,AI,59,Yes,5,1,Medium,No,0.085,2,1.4949999999999999
4983,HR,1,Human,44,Yes,3,0,High,No,0.068,3,0.92
4984,Billing,5,Human,57,Yes,2,1,Medium,No,0.035,2,2.6850000000000005
4985,Customer Support,3,AI,46,Yes,5,2,Low,No,0.109,1,1.9300000000000002
4986,HR,5,Human,12,Yes,1,2,Medium,No,0.083,2,2.66
4987,Technical,4,AI,58,Yes,4,2,Medium,No,0.069,2,2.49
4988,Technical,1,AI,5,Yes,2,1,High,Yes,0.4,3,0.925
4989,Customer Support,2,AI,52,Yes,2,1,Medium,No,0.038,2,1.46
4990,Customer Support,5,AI,8,Yes,1,0,Medium,No,0.125,2,2.24
4991,Billing,2,Human,41,Yes,5,1,High,No,0.122,3,1.5050000000000001
4992,Customer Support,2,Human,46,Yes,1,2,Low,No,0.022,1,1.5300000000000002
4993,Billing,4,AI,28,Yes,1,1,High,No,0.036,3,2.24
4994,Billing,3,Human,39,Yes,2,2,Medium,No,0.051,2,1.9950000000000003
4995,Technical,5,Human,40,Yes,5,0,High,No,0.125,3,2.5
4996,HR,3,Human,45,Yes,4,2,Medium,No,0.089,2,2.0250000000000004
4997,Billing,1,AI,41,Yes,5,1,High,No,0.122,3,1.105
4998,HR,1,AI,8,Yes,2,3,High,Yes,0.25,3,1.34
4999,Technical,5,AI,49,Yes,4,1,High,No,0.082,3,2.745
5000,Technical,1,AI,19,Yes,5,2,Medium,Yes,0.263,2,1.095
